index,participant_index,age,gender,timezone,trial_number,expectedness,comfortable,propensity,image_set,image_set_repeat,noisiness,oddity,quadrant,c_expect,c_discom,c_noise,c_oddity,c_propen,c_oddnse,c_tmzone
1,1,50,Male,1,1,5 - Very Unexpected,"2 - Yes, a bit inconvenient but manageable",0 - adventurous,15,1,1 - High,1 - Present,4,5,2,1,1,0,1,UK
2,1,50,Male,1,2,4 - Somewhat Unexpected,1 - Absolutely Yes,0 - adventurous,13,1,0 - Low,1 - Present,3,4,1,0,1,0,0,UK
3,1,50,Male,1,3,5 - Very Unexpected,4 - Certainly Not,0 - adventurous,6,1,1 - High,1 - Present,4,5,4,1,1,0,1,UK
4,1,50,Male,1,4,4 - Somewhat Unexpected,1 - Absolutely Yes,0 - adventurous,9,1,0 - Low,1 - Present,3,4,1,0,1,0,0,UK
5,1,50,Male,1,5,1 - Completely Expected,1 - Absolutely Yes,0 - adventurous,12,1,1 - High,0 - None,2,1,1,1,0,0,0,UK
6,1,50,Male,1,6,1 - Completely Expected,1 - Absolutely Yes,0 - adventurous,12,2,1 - High,0 - None,2,1,1,1,0,0,0,UK
7,1,50,Male,1,7,1 - Completely Expected,"3 - Yes, but would not be feel nice",0 - adventurous,11,1,0 - Low,0 - None,1,1,3,0,0,0,0,UK
8,1,50,Male,1,8,4 - Somewhat Unexpected,1 - Absolutely Yes,0 - adventurous,7,1,0 - Low,1 - Present,3,4,1,0,1,0,0,UK
9,1,50,Male,1,9,1 - Completely Expected,1 - Absolutely Yes,0 - adventurous,13,2,0 - Low,0 - None,1,1,1,0,0,0,0,UK
10,1,50,Male,1,10,1 - Completely Expected,1 - Absolutely Yes,0 - adventurous,4,1,1 - High,0 - None,2,1,1,1,0,0,0,UK
11,1,50,Male,1,11,1 - Completely Expected,1 - Absolutely Yes,0 - adventurous,5,1,1 - High,0 - None,2,1,1,1,0,0,0,UK
12,1,50,Male,1,12,5 - Very Unexpected,4 - Certainly Not,0 - adventurous,10,1,1 - High,1 - Present,4,5,4,1,1,0,1,UK
13,1,50,Male,1,13,1 - Completely Expected,1 - Absolutely Yes,0 - adventurous,14,1,0 - Low,0 - None,1,1,1,0,0,0,0,UK
14,1,50,Male,1,14,4 - Somewhat Unexpected,1 - Absolutely Yes,0 - adventurous,8,1,1 - High,1 - Present,4,4,1,1,1,0,1,UK
15,1,50,Male,1,15,1 - Completely Expected,1 - Absolutely Yes,0 - adventurous,14,2,0 - Low,0 - None,1,1,1,0,0,0,0,UK
16,1,50,Male,1,16,4 - Somewhat Unexpected,1 - Absolutely Yes,0 - adventurous,1,1,0 - Low,1 - Present,3,4,1,0,1,0,0,UK
17,1,50,Male,1,17,5 - Very Unexpected,4 - Certainly Not,0 - adventurous,6,2,1 - High,1 - Present,4,5,4,1,1,0,1,UK
18,1,50,Male,1,18,4 - Somewhat Unexpected,1 - Absolutely Yes,0 - adventurous,7,2,0 - Low,1 - Present,3,4,1,0,1,0,0,UK
19,1,50,Male,1,19,1 - Completely Expected,1 - Absolutely Yes,0 - adventurous,2,1,0 - Low,0 - None,1,1,1,0,0,0,0,UK
20,1,50,Male,1,20,1 - Completely Expected,1 - Absolutely Yes,0 - adventurous,3,1,0 - Low,0 - None,1,1,1,0,0,0,0,UK
21,1,50,Male,1,21,4 - Somewhat Unexpected,1 - Absolutely Yes,0 - adventurous,9,2,0 - Low,1 - Present,3,4,1,0,1,0,0,UK
22,1,50,Male,1,22,1 - Completely Expected,1 - Absolutely Yes,0 - adventurous,15,2,0 - Low,0 - None,1,1,1,0,0,0,0,UK
23,1,50,Male,1,23,4 - Somewhat Unexpected,1 - Absolutely Yes,0 - adventurous,16,1,0 - Low,1 - Present,3,4,1,0,1,0,0,UK
24,1,50,Male,1,24,1 - Completely Expected,1 - Absolutely Yes,0 - adventurous,5,2,1 - High,0 - None,2,1,1,1,0,0,0,UK
25,1,50,Male,1,25,1 - Completely Expected,"2 - Yes, a bit inconvenient but manageable",0 - adventurous,11,2,1 - High,0 - None,2,1,2,1,0,0,0,UK
26,1,50,Male,1,26,5 - Very Unexpected,4 - Certainly Not,0 - adventurous,3,2,1 - High,1 - Present,4,5,4,1,1,0,1,UK
27,1,50,Male,1,27,4 - Somewhat Unexpected,1 - Absolutely Yes,0 - adventurous,1,2,0 - Low,1 - Present,3,4,1,0,1,0,0,UK
28,1,50,Male,1,28,4 - Somewhat Unexpected,1 - Absolutely Yes,0 - adventurous,4,2,1 - High,1 - Present,4,4,1,1,1,0,1,UK
29,1,50,Male,1,29,1 - Completely Expected,"3 - Yes, but would not be feel nice",0 - adventurous,8,2,1 - High,0 - None,2,1,3,1,0,0,0,UK
30,1,50,Male,1,30,1 - Completely Expected,1 - Absolutely Yes,0 - adventurous,10,2,0 - Low,0 - None,1,1,1,0,0,0,0,UK
31,1,50,Male,1,31,5 - Very Unexpected,1 - Absolutely Yes,0 - adventurous,16,2,1 - High,1 - Present,4,5,1,1,1,0,1,UK
32,1,50,Male,1,32,1 - Completely Expected,"2 - Yes, a bit inconvenient but manageable",0 - adventurous,2,2,1 - High,0 - None,2,1,2,1,0,0,0,UK
33,2,37,Male,1,1,2 - Somewhat Expected,"3 - Yes, but would not be feel nice",1 - cautious,14,1,0 - Low,0 - None,1,2,3,0,0,1,0,UK
34,2,37,Male,1,2,4 - Somewhat Unexpected,"2 - Yes, a bit inconvenient but manageable",1 - cautious,16,1,1 - High,1 - Present,4,4,2,1,1,1,1,UK
35,2,37,Male,1,3,5 - Very Unexpected,4 - Certainly Not,1 - cautious,11,1,1 - High,1 - Present,4,5,4,1,1,1,1,UK
36,2,37,Male,1,4,4 - Somewhat Unexpected,"3 - Yes, but would not be feel nice",1 - cautious,15,1,1 - High,1 - Present,4,4,3,1,1,1,1,UK
37,2,37,Male,1,5,4 - Somewhat Unexpected,"2 - Yes, a bit inconvenient but manageable",1 - cautious,4,1,0 - Low,0 - None,1,4,2,0,0,1,0,UK
38,2,37,Male,1,6,4 - Somewhat Unexpected,"3 - Yes, but would not be feel nice",1 - cautious,6,1,0 - Low,1 - Present,3,4,3,0,1,1,0,UK
39,2,37,Male,1,7,2 - Somewhat Expected,1 - Absolutely Yes,1 - cautious,10,1,0 - Low,0 - None,1,2,1,0,0,1,0,UK
40,2,37,Male,1,8,1 - Completely Expected,"2 - Yes, a bit inconvenient but manageable",1 - cautious,9,1,0 - Low,0 - None,1,1,2,0,0,1,0,UK
41,2,37,Male,1,9,1 - Completely Expected,1 - Absolutely Yes,1 - cautious,14,2,0 - Low,0 - None,1,1,1,0,0,1,0,UK
42,2,37,Male,1,10,4 - Somewhat Unexpected,"2 - Yes, a bit inconvenient but manageable",1 - cautious,2,1,0 - Low,1 - Present,3,4,2,0,1,1,0,UK
43,2,37,Male,1,11,2 - Somewhat Expected,1 - Absolutely Yes,1 - cautious,16,2,1 - High,1 - Present,4,2,1,1,1,1,1,UK
44,2,37,Male,1,12,4 - Somewhat Unexpected,"2 - Yes, a bit inconvenient but manageable",1 - cautious,1,1,0 - Low,1 - Present,3,4,2,0,1,1,0,UK
45,2,37,Male,1,13,4 - Somewhat Unexpected,"2 - Yes, a bit inconvenient but manageable",1 - cautious,7,1,1 - High,1 - Present,4,4,2,1,1,1,1,UK
46,2,37,Male,1,14,1 - Completely Expected,1 - Absolutely Yes,1 - cautious,1,2,1 - High,0 - None,2,1,1,1,0,1,0,UK
47,2,37,Male,1,15,1 - Completely Expected,1 - Absolutely Yes,1 - cautious,13,1,1 - High,0 - None,2,1,1,1,0,1,0,UK
48,2,37,Male,1,16,4 - Somewhat Unexpected,4 - Certainly Not,1 - cautious,11,2,0 - Low,1 - Present,3,4,4,0,1,1,0,UK
49,2,37,Male,1,17,4 - Somewhat Unexpected,"2 - Yes, a bit inconvenient but manageable",1 - cautious,9,2,0 - Low,1 - Present,3,4,2,0,1,1,0,UK
50,2,37,Male,1,18,4 - Somewhat Unexpected,"3 - Yes, but would not be feel nice",1 - cautious,15,2,1 - High,1 - Present,4,4,3,1,1,1,1,UK
51,2,37,Male,1,19,2 - Somewhat Expected,1 - Absolutely Yes,1 - cautious,5,1,0 - Low,0 - None,1,2,1,0,0,1,0,UK
52,2,37,Male,1,20,1 - Completely Expected,1 - Absolutely Yes,1 - cautious,4,2,1 - High,0 - None,2,1,1,1,0,1,0,UK
53,2,37,Male,1,21,1 - Completely Expected,1 - Absolutely Yes,1 - cautious,2,2,1 - High,0 - None,2,1,1,1,0,1,0,UK
54,2,37,Male,1,22,1 - Completely Expected,1 - Absolutely Yes,1 - cautious,8,1,1 - High,0 - None,2,1,1,1,0,1,0,UK
55,2,37,Male,1,23,1 - Completely Expected,1 - Absolutely Yes,1 - cautious,7,2,0 - Low,0 - None,1,1,1,0,0,1,0,UK
56,2,37,Male,1,24,5 - Very Unexpected,"2 - Yes, a bit inconvenient but manageable",1 - cautious,3,1,1 - High,1 - Present,4,5,2,1,1,1,1,UK
57,2,37,Male,1,25,1 - Completely Expected,1 - Absolutely Yes,1 - cautious,3,2,1 - High,0 - None,2,1,1,1,0,1,0,UK
58,2,37,Male,1,26,5 - Very Unexpected,1 - Absolutely Yes,1 - cautious,12,1,0 - Low,1 - Present,3,5,1,0,1,1,0,UK
59,2,37,Male,1,27,4 - Somewhat Unexpected,"2 - Yes, a bit inconvenient but manageable",1 - cautious,5,2,0 - Low,1 - Present,3,4,2,0,1,1,0,UK
60,2,37,Male,1,28,5 - Very Unexpected,"3 - Yes, but would not be feel nice",1 - cautious,10,2,0 - Low,1 - Present,3,5,3,0,1,1,0,UK
61,2,37,Male,1,29,4 - Somewhat Unexpected,"2 - Yes, a bit inconvenient but manageable",1 - cautious,8,2,1 - High,1 - Present,4,4,2,1,1,1,1,UK
62,2,37,Male,1,30,1 - Completely Expected,1 - Absolutely Yes,1 - cautious,12,2,0 - Low,0 - None,1,1,1,0,0,1,0,UK
63,2,37,Male,1,31,1 - Completely Expected,1 - Absolutely Yes,1 - cautious,6,2,1 - High,0 - None,2,1,1,1,0,1,0,UK
64,2,37,Male,1,32,1 - Completely Expected,1 - Absolutely Yes,1 - cautious,13,2,1 - High,0 - None,2,1,1,1,0,1,0,UK
65,3,22,Male,-7,1,2 - Somewhat Expected,"2 - Yes, a bit inconvenient but manageable",1 - cautious,9,1,1 - High,0 - None,2,2,2,1,0,1,0,US
66,3,22,Male,-7,2,2 - Somewhat Expected,"2 - Yes, a bit inconvenient but manageable",1 - cautious,5,1,0 - Low,0 - None,1,2,2,0,0,1,0,US
67,3,22,Male,-7,3,4 - Somewhat Unexpected,"3 - Yes, but would not be feel nice",1 - cautious,6,1,0 - Low,1 - Present,3,4,3,0,1,1,0,US
68,3,22,Male,-7,4,2 - Somewhat Expected,"2 - Yes, a bit inconvenient but manageable",1 - cautious,5,2,1 - High,0 - None,2,2,2,1,0,1,0,US
69,3,22,Male,-7,5,4 - Somewhat Unexpected,"2 - Yes, a bit inconvenient but manageable",1 - cautious,14,1,1 - High,1 - Present,4,4,2,1,1,1,1,US
70,3,22,Male,-7,6,4 - Somewhat Unexpected,"3 - Yes, but would not be feel nice",1 - cautious,16,1,0 - Low,0 - None,1,4,3,0,0,1,0,US
71,3,22,Male,-7,7,5 - Very Unexpected,4 - Certainly Not,1 - cautious,10,1,0 - Low,1 - Present,3,5,4,0,1,1,0,US
72,3,22,Male,-7,8,2 - Somewhat Expected,"2 - Yes, a bit inconvenient but manageable",1 - cautious,1,1,0 - Low,0 - None,1,2,2,0,0,1,0,US
73,3,22,Male,-7,9,5 - Very Unexpected,4 - Certainly Not,1 - cautious,12,1,0 - Low,1 - Present,3,5,4,0,1,1,0,US
74,3,22,Male,-7,10,1 - Completely Expected,"2 - Yes, a bit inconvenient but manageable",1 - cautious,14,2,1 - High,0 - None,2,1,2,1,0,1,0,US
75,3,22,Male,-7,11,5 - Very Unexpected,4 - Certainly Not,1 - cautious,15,1,0 - Low,1 - Present,3,5,4,0,1,1,0,US
76,3,22,Male,-7,12,4 - Somewhat Unexpected,"2 - Yes, a bit inconvenient but manageable",1 - cautious,13,1,0 - Low,0 - None,1,4,2,0,0,1,0,US
77,3,22,Male,-7,13,2 - Somewhat Expected,"3 - Yes, but would not be feel nice",1 - cautious,11,1,1 - High,0 - None,2,2,3,1,0,1,0,US
78,3,22,Male,-7,14,1 - Completely Expected,1 - Absolutely Yes,1 - cautious,4,1,1 - High,0 - None,2,1,1,1,0,1,0,US
79,3,22,Male,-7,15,4 - Somewhat Unexpected,"3 - Yes, but would not be feel nice",1 - cautious,16,2,1 - High,0 - None,2,4,3,1,0,1,0,US
80,3,22,Male,-7,16,5 - Very Unexpected,4 - Certainly Not,1 - cautious,6,2,1 - High,1 - Present,4,5,4,1,1,1,1,US
81,3,22,Male,-7,17,5 - Very Unexpected,4 - Certainly Not,1 - cautious,10,2,1 - High,1 - Present,4,5,4,1,1,1,1,US
82,3,22,Male,-7,18,5 - Very Unexpected,"3 - Yes, but would not be feel nice",1 - cautious,13,2,1 - High,1 - Present,4,5,3,1,1,1,1,US
83,3,22,Male,-7,19,1 - Completely Expected,1 - Absolutely Yes,1 - cautious,4,2,1 - High,1 - Present,4,1,1,1,1,1,1,US
84,3,22,Male,-7,20,5 - Very Unexpected,4 - Certainly Not,1 - cautious,15,2,0 - Low,1 - Present,3,5,4,0,1,1,0,US
85,3,22,Male,-7,21,2 - Somewhat Expected,"2 - Yes, a bit inconvenient but manageable",1 - cautious,1,2,0 - Low,0 - None,1,2,2,0,0,1,0,US
86,3,22,Male,-7,22,4 - Somewhat Unexpected,"2 - Yes, a bit inconvenient but manageable",1 - cautious,9,2,1 - High,1 - Present,4,4,2,1,1,1,1,US
87,3,22,Male,-7,23,4 - Somewhat Unexpected,4 - Certainly Not,1 - cautious,2,1,0 - Low,1 - Present,3,4,4,0,1,1,0,US
88,3,22,Male,-7,24,5 - Very Unexpected,4 - Certainly Not,1 - cautious,12,2,1 - High,1 - Present,4,5,4,1,1,1,1,US
89,3,22,Male,-7,25,2 - Somewhat Expected,"2 - Yes, a bit inconvenient but manageable",1 - cautious,3,1,0 - Low,0 - None,1,2,2,0,0,1,0,US
90,3,22,Male,-7,26,2 - Somewhat Expected,"3 - Yes, but would not be feel nice",1 - cautious,7,1,1 - High,0 - None,2,2,3,1,0,1,0,US
91,3,22,Male,-7,27,2 - Somewhat Expected,"3 - Yes, but would not be feel nice",1 - cautious,7,2,0 - Low,0 - None,1,2,3,0,0,1,0,US
92,3,22,Male,-7,28,2 - Somewhat Expected,"2 - Yes, a bit inconvenient but manageable",1 - cautious,2,2,1 - High,0 - None,2,2,2,1,0,1,0,US
93,3,22,Male,-7,29,4 - Somewhat Unexpected,4 - Certainly Not,1 - cautious,11,2,0 - Low,1 - Present,3,4,4,0,1,1,0,US
94,3,22,Male,-7,30,2 - Somewhat Expected,"2 - Yes, a bit inconvenient but manageable",1 - cautious,3,2,0 - Low,0 - None,1,2,2,0,0,1,0,US
95,3,22,Male,-7,31,4 - Somewhat Unexpected,"3 - Yes, but would not be feel nice",1 - cautious,8,1,0 - Low,1 - Present,3,4,3,0,1,1,0,US
96,3,22,Male,-7,32,4 - Somewhat Unexpected,"3 - Yes, but would not be feel nice",1 - cautious,8,2,1 - High,1 - Present,4,4,3,1,1,1,1,US
97,4,34,Male,1,1,1 - Completely Expected,4 - Certainly Not,0 - adventurous,7,1,0 - Low,0 - None,1,1,4,0,0,0,0,UK
98,4,34,Male,1,2,1 - Completely Expected,"2 - Yes, a bit inconvenient but manageable",0 - adventurous,13,1,0 - Low,0 - None,1,1,2,0,0,0,0,UK
99,4,34,Male,1,3,1 - Completely Expected,1 - Absolutely Yes,0 - adventurous,5,1,1 - High,0 - None,2,1,1,1,0,0,0,UK
100,4,34,Male,1,4,1 - Completely Expected,1 - Absolutely Yes,0 - adventurous,6,1,0 - Low,1 - Present,3,1,1,0,1,0,0,UK
101,4,34,Male,1,5,1 - Completely Expected,"2 - Yes, a bit inconvenient but manageable",0 - adventurous,16,1,0 - Low,0 - None,1,1,2,0,0,0,0,UK
102,4,34,Male,1,6,1 - Completely Expected,1 - Absolutely Yes,0 - adventurous,12,1,0 - Low,0 - None,1,1,1,0,0,0,0,UK
103,4,34,Male,1,7,1 - Completely Expected,4 - Certainly Not,0 - adventurous,7,2,0 - Low,0 - None,1,1,4,0,0,0,0,UK
104,4,34,Male,1,8,5 - Very Unexpected,4 - Certainly Not,0 - adventurous,13,2,1 - High,1 - Present,4,5,4,1,1,0,1,UK
105,4,34,Male,1,9,4 - Somewhat Unexpected,"2 - Yes, a bit inconvenient but manageable",0 - adventurous,1,1,0 - Low,1 - Present,3,4,2,0,1,0,0,UK
106,4,34,Male,1,10,1 - Completely Expected,1 - Absolutely Yes,0 - adventurous,3,1,1 - High,0 - None,2,1,1,1,0,0,0,UK
107,4,34,Male,1,11,5 - Very Unexpected,4 - Certainly Not,0 - adventurous,11,1,1 - High,1 - Present,4,5,4,1,1,0,1,UK
108,4,34,Male,1,12,1 - Completely Expected,"3 - Yes, but would not be feel nice",0 - adventurous,15,1,0 - Low,0 - None,1,1,3,0,0,0,0,UK
109,4,34,Male,1,13,1 - Completely Expected,1 - Absolutely Yes,0 - adventurous,12,2,1 - High,0 - None,2,1,1,1,0,0,0,UK
110,4,34,Male,1,14,4 - Somewhat Unexpected,1 - Absolutely Yes,0 - adventurous,8,1,1 - High,1 - Present,4,4,1,1,1,0,1,UK
111,4,34,Male,1,15,5 - Very Unexpected,"3 - Yes, but would not be feel nice",0 - adventurous,4,1,1 - High,1 - Present,4,5,3,1,1,0,1,UK
112,4,34,Male,1,16,1 - Completely Expected,1 - Absolutely Yes,0 - adventurous,3,2,1 - High,0 - None,2,1,1,1,0,0,0,UK
113,4,34,Male,1,17,5 - Very Unexpected,1 - Absolutely Yes,0 - adventurous,10,1,0 - Low,1 - Present,3,5,1,0,1,0,0,UK
114,4,34,Male,1,18,4 - Somewhat Unexpected,1 - Absolutely Yes,0 - adventurous,6,2,0 - Low,1 - Present,3,4,1,0,1,0,0,UK
115,4,34,Male,1,19,5 - Very Unexpected,"3 - Yes, but would not be feel nice",0 - adventurous,11,2,0 - Low,1 - Present,3,5,3,0,1,0,0,UK
116,4,34,Male,1,20,1 - Completely Expected,1 - Absolutely Yes,0 - adventurous,2,1,1 - High,0 - None,2,1,1,1,0,0,0,UK
117,4,34,Male,1,21,1 - Completely Expected,1 - Absolutely Yes,0 - adventurous,1,2,0 - Low,0 - None,1,1,1,0,0,0,0,UK
118,4,34,Male,1,22,5 - Very Unexpected,"3 - Yes, but would not be feel nice",0 - adventurous,14,1,1 - High,1 - Present,4,5,3,1,1,0,1,UK
119,4,34,Male,1,23,1 - Completely Expected,1 - Absolutely Yes,0 - adventurous,4,2,1 - High,0 - None,2,1,1,1,0,0,0,UK
120,4,34,Male,1,24,5 - Very Unexpected,1 - Absolutely Yes,0 - adventurous,9,1,1 - High,1 - Present,4,5,1,1,1,0,1,UK
121,4,34,Male,1,25,1 - Completely Expected,1 - Absolutely Yes,0 - adventurous,2,2,1 - High,0 - None,2,1,1,1,0,0,0,UK
122,4,34,Male,1,26,5 - Very Unexpected,1 - Absolutely Yes,0 - adventurous,10,2,0 - Low,1 - Present,3,5,1,0,1,0,0,UK
123,4,34,Male,1,27,1 - Completely Expected,1 - Absolutely Yes,0 - adventurous,14,2,1 - High,0 - None,2,1,1,1,0,0,0,UK
124,4,34,Male,1,28,5 - Very Unexpected,1 - Absolutely Yes,0 - adventurous,9,2,1 - High,1 - Present,4,5,1,1,1,0,1,UK
125,4,34,Male,1,29,5 - Very Unexpected,1 - Absolutely Yes,0 - adventurous,15,2,1 - High,1 - Present,4,5,1,1,1,0,1,UK
126,4,34,Male,1,30,2 - Somewhat Expected,1 - Absolutely Yes,0 - adventurous,8,2,0 - Low,1 - Present,3,2,1,0,1,0,0,UK
127,4,34,Male,1,31,1 - Completely Expected,1 - Absolutely Yes,0 - adventurous,16,2,0 - Low,0 - None,1,1,1,0,0,0,0,UK
128,4,34,Male,1,32,5 - Very Unexpected,1 - Absolutely Yes,0 - adventurous,5,2,0 - Low,1 - Present,3,5,1,0,1,0,0,UK
129,5,32,Female,1,1,5 - Very Unexpected,"3 - Yes, but would not be feel nice",1 - cautious,3,1,1 - High,1 - Present,4,5,3,1,1,1,1,UK
130,5,32,Female,1,2,1 - Completely Expected,1 - Absolutely Yes,1 - cautious,6,1,0 - Low,0 - None,1,1,1,0,0,1,0,UK
131,5,32,Female,1,3,5 - Very Unexpected,1 - Absolutely Yes,1 - cautious,13,1,0 - Low,1 - Present,3,5,1,0,1,1,0,UK
132,5,32,Female,1,4,1 - Completely Expected,"2 - Yes, a bit inconvenient but manageable",1 - cautious,1,1,1 - High,0 - None,2,1,2,1,0,1,0,UK
133,5,32,Female,1,5,1 - Completely Expected,4 - Certainly Not,1 - cautious,15,1,0 - Low,0 - None,1,1,4,0,0,1,0,UK
134,5,32,Female,1,6,5 - Very Unexpected,4 - Certainly Not,1 - cautious,15,2,0 - Low,1 - Present,3,5,4,0,1,1,0,UK
135,5,32,Female,1,7,1 - Completely Expected,"2 - Yes, a bit inconvenient but manageable",1 - cautious,10,1,1 - High,0 - None,2,1,2,1,0,1,0,UK
136,5,32,Female,1,8,1 - Completely Expected,1 - Absolutely Yes,1 - cautious,13,2,1 - High,0 - None,2,1,1,1,0,1,0,UK
137,5,32,Female,1,9,4 - Somewhat Unexpected,"2 - Yes, a bit inconvenient but manageable",1 - cautious,7,1,1 - High,1 - Present,4,4,2,1,1,1,1,UK
138,5,32,Female,1,10,4 - Somewhat Unexpected,"2 - Yes, a bit inconvenient but manageable",1 - cautious,4,1,1 - High,1 - Present,4,4,2,1,1,1,1,UK
139,5,32,Female,1,11,5 - Very Unexpected,4 - Certainly Not,1 - cautious,1,2,1 - High,1 - Present,4,5,4,1,1,1,1,UK
140,5,32,Female,1,12,1 - Completely Expected,1 - Absolutely Yes,1 - cautious,8,1,1 - High,0 - None,2,1,1,1,0,1,0,UK
141,5,32,Female,1,13,5 - Very Unexpected,"3 - Yes, but would not be feel nice",1 - cautious,14,1,1 - High,1 - Present,4,5,3,1,1,1,1,UK
142,5,32,Female,1,14,1 - Completely Expected,1 - Absolutely Yes,1 - cautious,5,1,0 - Low,0 - None,1,1,1,0,0,1,0,UK
143,5,32,Female,1,15,5 - Very Unexpected,4 - Certainly Not,1 - cautious,11,1,0 - Low,1 - Present,3,5,4,0,1,1,0,UK
144,5,32,Female,1,16,5 - Very Unexpected,4 - Certainly Not,1 - cautious,12,1,1 - High,1 - Present,4,5,4,1,1,1,1,UK
145,5,32,Female,1,17,1 - Completely Expected,1 - Absolutely Yes,1 - cautious,3,2,0 - Low,0 - None,1,1,1,0,0,1,0,UK
146,5,32,Female,1,18,1 - Completely Expected,"2 - Yes, a bit inconvenient but manageable",1 - cautious,16,1,1 - High,0 - None,2,1,2,1,0,1,0,UK
147,5,32,Female,1,19,1 - Completely Expected,1 - Absolutely Yes,1 - cautious,4,2,0 - Low,0 - None,1,1,1,0,0,1,0,UK
148,5,32,Female,1,20,1 - Completely Expected,1 - Absolutely Yes,1 - cautious,12,2,0 - Low,0 - None,1,1,1,0,0,1,0,UK
149,5,32,Female,1,21,1 - Completely Expected,"2 - Yes, a bit inconvenient but manageable",1 - cautious,16,2,0 - Low,0 - None,1,1,2,0,0,1,0,UK
150,5,32,Female,1,22,1 - Completely Expected,"2 - Yes, a bit inconvenient but manageable",1 - cautious,2,1,0 - Low,0 - None,1,1,2,0,0,1,0,UK
151,5,32,Female,1,23,4 - Somewhat Unexpected,"3 - Yes, but would not be feel nice",1 - cautious,9,1,1 - High,1 - Present,4,4,3,1,1,1,1,UK
152,5,32,Female,1,24,4 - Somewhat Unexpected,"3 - Yes, but would not be feel nice",1 - cautious,14,2,0 - Low,1 - Present,3,4,3,0,1,1,0,UK
153,5,32,Female,1,25,4 - Somewhat Unexpected,"3 - Yes, but would not be feel nice",1 - cautious,2,2,0 - Low,1 - Present,3,4,3,0,1,1,0,UK
154,5,32,Female,1,26,5 - Very Unexpected,4 - Certainly Not,1 - cautious,6,2,0 - Low,1 - Present,3,5,4,0,1,1,0,UK
155,5,32,Female,1,27,5 - Very Unexpected,"3 - Yes, but would not be feel nice",1 - cautious,8,2,0 - Low,1 - Present,3,5,3,0,1,1,0,UK
156,5,32,Female,1,28,5 - Very Unexpected,"3 - Yes, but would not be feel nice",1 - cautious,5,2,1 - High,1 - Present,4,5,3,1,1,1,1,UK
157,5,32,Female,1,29,1 - Completely Expected,"2 - Yes, a bit inconvenient but manageable",1 - cautious,11,2,1 - High,0 - None,2,1,2,1,0,1,0,UK
158,5,32,Female,1,30,1 - Completely Expected,"2 - Yes, a bit inconvenient but manageable",1 - cautious,10,2,1 - High,0 - None,2,1,2,1,0,1,0,UK
159,5,32,Female,1,31,1 - Completely Expected,"2 - Yes, a bit inconvenient but manageable",1 - cautious,9,2,1 - High,0 - None,2,1,2,1,0,1,0,UK
160,5,32,Female,1,32,4 - Somewhat Unexpected,"2 - Yes, a bit inconvenient but manageable",1 - cautious,7,2,0 - Low,1 - Present,3,4,2,0,1,1,0,UK
161,6,42,Female,-5,1,2 - Somewhat Expected,"2 - Yes, a bit inconvenient but manageable",1 - cautious,8,1,0 - Low,1 - Present,3,2,2,0,1,1,0,US
162,6,42,Female,-5,2,1 - Completely Expected,1 - Absolutely Yes,1 - cautious,9,1,0 - Low,0 - None,1,1,1,0,0,1,0,US
163,6,42,Female,-5,3,1 - Completely Expected,1 - Absolutely Yes,1 - cautious,13,1,1 - High,0 - None,2,1,1,1,0,1,0,US
164,6,42,Female,-5,4,4 - Somewhat Unexpected,4 - Certainly Not,1 - cautious,6,1,1 - High,1 - Present,4,4,4,1,1,1,1,US
165,6,42,Female,-5,5,1 - Completely Expected,1 - Absolutely Yes,1 - cautious,9,2,1 - High,0 - None,2,1,1,1,0,1,0,US
166,6,42,Female,-5,6,1 - Completely Expected,1 - Absolutely Yes,1 - cautious,4,1,0 - Low,0 - None,1,1,1,0,0,1,0,US
167,6,42,Female,-5,7,1 - Completely Expected,"2 - Yes, a bit inconvenient but manageable",1 - cautious,14,1,0 - Low,0 - None,1,1,2,0,0,1,0,US
168,6,42,Female,-5,8,5 - Very Unexpected,4 - Certainly Not,1 - cautious,5,1,0 - Low,1 - Present,3,5,4,0,1,1,0,US
169,6,42,Female,-5,9,1 - Completely Expected,1 - Absolutely Yes,1 - cautious,16,1,1 - High,0 - None,2,1,1,1,0,1,0,US
170,6,42,Female,-5,10,4 - Somewhat Unexpected,"2 - Yes, a bit inconvenient but manageable",1 - cautious,7,1,0 - Low,1 - Present,3,4,2,0,1,1,0,US
171,6,42,Female,-5,11,2 - Somewhat Expected,1 - Absolutely Yes,1 - cautious,10,1,1 - High,1 - Present,4,2,1,1,1,1,1,US
172,6,42,Female,-5,12,2 - Somewhat Expected,4 - Certainly Not,1 - cautious,11,1,1 - High,0 - None,2,2,4,1,0,1,0,US
173,6,42,Female,-5,13,2 - Somewhat Expected,1 - Absolutely Yes,1 - cautious,10,2,1 - High,1 - Present,4,2,1,1,1,1,1,US
174,6,42,Female,-5,14,4 - Somewhat Unexpected,4 - Certainly Not,1 - cautious,3,1,0 - Low,1 - Present,3,4,4,0,1,1,0,US
175,6,42,Female,-5,15,5 - Very Unexpected,4 - Certainly Not,1 - cautious,14,2,0 - Low,1 - Present,3,5,4,0,1,1,0,US
176,6,42,Female,-5,16,1 - Completely Expected,"2 - Yes, a bit inconvenient but manageable",1 - cautious,2,1,1 - High,0 - None,2,1,2,1,0,1,0,US
177,6,42,Female,-5,17,5 - Very Unexpected,4 - Certainly Not,1 - cautious,7,2,1 - High,1 - Present,4,5,4,1,1,1,1,US
178,6,42,Female,-5,18,1 - Completely Expected,"2 - Yes, a bit inconvenient but manageable",1 - cautious,4,2,1 - High,0 - None,2,1,2,1,0,1,0,US
179,6,42,Female,-5,19,1 - Completely Expected,"3 - Yes, but would not be feel nice",1 - cautious,15,1,1 - High,0 - None,2,1,3,1,0,1,0,US
180,6,42,Female,-5,20,1 - Completely Expected,1 - Absolutely Yes,1 - cautious,13,2,1 - High,0 - None,2,1,1,1,0,1,0,US
181,6,42,Female,-5,21,5 - Very Unexpected,4 - Certainly Not,1 - cautious,5,2,0 - Low,1 - Present,3,5,4,0,1,1,0,US
182,6,42,Female,-5,22,5 - Very Unexpected,4 - Certainly Not,1 - cautious,8,2,1 - High,1 - Present,4,5,4,1,1,1,1,US
183,6,42,Female,-5,23,2 - Somewhat Expected,4 - Certainly Not,1 - cautious,11,2,0 - Low,0 - None,1,2,4,0,0,1,0,US
184,6,42,Female,-5,24,1 - Completely Expected,1 - Absolutely Yes,1 - cautious,6,2,0 - Low,0 - None,1,1,1,0,0,1,0,US
185,6,42,Female,-5,25,1 - Completely Expected,1 - Absolutely Yes,1 - cautious,1,1,0 - Low,0 - None,1,1,1,0,0,1,0,US
186,6,42,Female,-5,26,5 - Very Unexpected,4 - Certainly Not,1 - cautious,16,2,1 - High,1 - Present,4,5,4,1,1,1,1,US
187,6,42,Female,-5,27,4 - Somewhat Unexpected,"2 - Yes, a bit inconvenient but manageable",1 - cautious,12,1,1 - High,1 - Present,4,4,2,1,1,1,1,US
188,6,42,Female,-5,28,2 - Somewhat Expected,"3 - Yes, but would not be feel nice",1 - cautious,15,2,0 - Low,1 - Present,3,2,3,0,1,1,0,US
189,6,42,Female,-5,29,2 - Somewhat Expected,"3 - Yes, but would not be feel nice",1 - cautious,12,2,1 - High,1 - Present,4,2,3,1,1,1,1,US
190,6,42,Female,-5,30,1 - Completely Expected,1 - Absolutely Yes,1 - cautious,2,2,0 - Low,0 - None,1,1,1,0,0,1,0,US
191,6,42,Female,-5,31,4 - Somewhat Unexpected,4 - Certainly Not,1 - cautious,3,2,0 - Low,1 - Present,3,4,4,0,1,1,0,US
192,6,42,Female,-5,32,1 - Completely Expected,1 - Absolutely Yes,1 - cautious,1,2,0 - Low,0 - None,1,1,1,0,0,1,0,US
193,7,32,Female,-5,1,4 - Somewhat Unexpected,"2 - Yes, a bit inconvenient but manageable",0 - adventurous,9,1,0 - Low,1 - Present,3,4,2,0,1,0,0,US
194,7,32,Female,-5,2,5 - Very Unexpected,4 - Certainly Not,0 - adventurous,2,1,1 - High,1 - Present,4,5,4,1,1,0,1,US
195,7,32,Female,-5,3,2 - Somewhat Expected,"2 - Yes, a bit inconvenient but manageable",0 - adventurous,6,1,0 - Low,1 - Present,3,2,2,0,1,0,0,US
196,7,32,Female,-5,4,1 - Completely Expected,"2 - Yes, a bit inconvenient but manageable",0 - adventurous,8,1,0 - Low,0 - None,1,1,2,0,0,0,0,US
197,7,32,Female,-5,5,4 - Somewhat Unexpected,1 - Absolutely Yes,0 - adventurous,3,1,0 - Low,1 - Present,3,4,1,0,1,0,0,US
198,7,32,Female,-5,6,4 - Somewhat Unexpected,1 - Absolutely Yes,0 - adventurous,9,2,1 - High,1 - Present,4,4,1,1,1,0,1,US
199,7,32,Female,-5,7,5 - Very Unexpected,"2 - Yes, a bit inconvenient but manageable",0 - adventurous,1,1,1 - High,1 - Present,4,5,2,1,1,0,1,US
200,7,32,Female,-5,8,1 - Completely Expected,"3 - Yes, but would not be feel nice",0 - adventurous,15,1,1 - High,0 - None,2,1,3,1,0,0,0,US
201,7,32,Female,-5,9,1 - Completely Expected,"2 - Yes, a bit inconvenient but manageable",0 - adventurous,5,1,1 - High,0 - None,2,1,2,1,0,0,0,US
202,7,32,Female,-5,10,4 - Somewhat Unexpected,"2 - Yes, a bit inconvenient but manageable",0 - adventurous,8,2,0 - Low,1 - Present,3,4,2,0,1,0,0,US
203,7,32,Female,-5,11,4 - Somewhat Unexpected,1 - Absolutely Yes,0 - adventurous,7,1,1 - High,1 - Present,4,4,1,1,1,0,1,US
204,7,32,Female,-5,12,2 - Somewhat Expected,1 - Absolutely Yes,0 - adventurous,14,1,0 - Low,0 - None,1,2,1,0,0,0,0,US
205,7,32,Female,-5,13,1 - Completely Expected,"2 - Yes, a bit inconvenient but manageable",0 - adventurous,5,2,1 - High,0 - None,2,1,2,1,0,0,0,US
206,7,32,Female,-5,14,2 - Somewhat Expected,1 - Absolutely Yes,0 - adventurous,12,1,1 - High,1 - Present,4,2,1,1,1,0,1,US
207,7,32,Female,-5,15,1 - Completely Expected,"2 - Yes, a bit inconvenient but manageable",0 - adventurous,11,1,1 - High,0 - None,2,1,2,1,0,0,0,US
208,7,32,Female,-5,16,1 - Completely Expected,1 - Absolutely Yes,0 - adventurous,16,1,0 - Low,0 - None,1,1,1,0,0,0,0,US
209,7,32,Female,-5,17,1 - Completely Expected,1 - Absolutely Yes,0 - adventurous,2,2,0 - Low,0 - None,1,1,1,0,0,0,0,US
210,7,32,Female,-5,18,1 - Completely Expected,1 - Absolutely Yes,0 - adventurous,12,2,1 - High,0 - None,2,1,1,1,0,0,0,US
211,7,32,Female,-5,19,1 - Completely Expected,1 - Absolutely Yes,0 - adventurous,3,2,0 - Low,0 - None,1,1,1,0,0,0,0,US
212,7,32,Female,-5,20,1 - Completely Expected,1 - Absolutely Yes,0 - adventurous,4,1,1 - High,0 - None,2,1,1,1,0,0,0,US
213,7,32,Female,-5,21,2 - Somewhat Expected,1 - Absolutely Yes,0 - adventurous,10,1,0 - Low,0 - None,1,2,1,0,0,0,0,US
214,7,32,Female,-5,22,1 - Completely Expected,1 - Absolutely Yes,0 - adventurous,13,1,0 - Low,1 - Present,3,1,1,0,1,0,0,US
215,7,32,Female,-5,23,1 - Completely Expected,1 - Absolutely Yes,0 - adventurous,14,2,1 - High,0 - None,2,1,1,1,0,0,0,US
216,7,32,Female,-5,24,4 - Somewhat Unexpected,"2 - Yes, a bit inconvenient but manageable",0 - adventurous,11,2,0 - Low,1 - Present,3,4,2,0,1,0,0,US
217,7,32,Female,-5,25,4 - Somewhat Unexpected,1 - Absolutely Yes,0 - adventurous,1,2,0 - Low,1 - Present,3,4,1,0,1,0,0,US
218,7,32,Female,-5,26,1 - Completely Expected,1 - Absolutely Yes,0 - adventurous,13,2,0 - Low,1 - Present,3,1,1,0,1,0,0,US
219,7,32,Female,-5,27,4 - Somewhat Unexpected,1 - Absolutely Yes,0 - adventurous,4,2,1 - High,1 - Present,4,4,1,1,1,0,1,US
220,7,32,Female,-5,28,1 - Completely Expected,1 - Absolutely Yes,0 - adventurous,16,2,1 - High,0 - None,2,1,1,1,0,0,0,US
221,7,32,Female,-5,29,1 - Completely Expected,"3 - Yes, but would not be feel nice",0 - adventurous,15,2,0 - Low,0 - None,1,1,3,0,0,0,0,US
222,7,32,Female,-5,30,2 - Somewhat Expected,1 - Absolutely Yes,0 - adventurous,7,2,1 - High,1 - Present,4,2,1,1,1,0,1,US
223,7,32,Female,-5,31,4 - Somewhat Unexpected,"2 - Yes, a bit inconvenient but manageable",0 - adventurous,10,2,1 - High,1 - Present,4,4,2,1,1,0,1,US
224,7,32,Female,-5,32,1 - Completely Expected,1 - Absolutely Yes,0 - adventurous,6,2,0 - Low,0 - None,1,1,1,0,0,0,0,US
225,8,59,Female,1,1,5 - Very Unexpected,1 - Absolutely Yes,1 - cautious,7,1,1 - High,1 - Present,4,5,1,1,1,1,1,UK
226,8,59,Female,1,2,5 - Very Unexpected,4 - Certainly Not,1 - cautious,2,1,0 - Low,1 - Present,3,5,4,0,1,1,0,UK
227,8,59,Female,1,3,5 - Very Unexpected,1 - Absolutely Yes,1 - cautious,9,1,1 - High,1 - Present,4,5,1,1,1,1,1,UK
228,8,59,Female,1,4,2 - Somewhat Expected,1 - Absolutely Yes,1 - cautious,1,1,0 - Low,0 - None,1,2,1,0,0,1,0,UK
229,8,59,Female,1,5,5 - Very Unexpected,1 - Absolutely Yes,1 - cautious,8,1,0 - Low,1 - Present,3,5,1,0,1,1,0,UK
230,8,59,Female,1,6,2 - Somewhat Expected,"3 - Yes, but would not be feel nice",1 - cautious,15,1,0 - Low,0 - None,1,2,3,0,0,1,0,UK
231,8,59,Female,1,7,4 - Somewhat Unexpected,1 - Absolutely Yes,1 - cautious,9,2,0 - Low,1 - Present,3,4,1,0,1,1,0,UK
232,8,59,Female,1,8,1 - Completely Expected,1 - Absolutely Yes,1 - cautious,4,1,1 - High,0 - None,2,1,1,1,0,1,0,UK
233,8,59,Female,1,9,1 - Completely Expected,1 - Absolutely Yes,1 - cautious,16,1,1 - High,0 - None,2,1,1,1,0,1,0,UK
234,8,59,Female,1,10,5 - Very Unexpected,"3 - Yes, but would not be feel nice",1 - cautious,15,2,0 - Low,1 - Present,3,5,3,0,1,1,0,UK
235,8,59,Female,1,11,5 - Very Unexpected,4 - Certainly Not,1 - cautious,2,2,1 - High,1 - Present,4,5,4,1,1,1,1,UK
236,8,59,Female,1,12,1 - Completely Expected,1 - Absolutely Yes,1 - cautious,5,1,1 - High,0 - None,2,1,1,1,0,1,0,UK
237,8,59,Female,1,13,5 - Very Unexpected,1 - Absolutely Yes,1 - cautious,10,1,1 - High,1 - Present,4,5,1,1,1,1,1,UK
238,8,59,Female,1,14,2 - Somewhat Expected,1 - Absolutely Yes,1 - cautious,1,2,0 - Low,0 - None,1,2,1,0,0,1,0,UK
239,8,59,Female,1,15,1 - Completely Expected,1 - Absolutely Yes,1 - cautious,8,2,1 - High,0 - None,2,1,1,1,0,1,0,UK
240,8,59,Female,1,16,5 - Very Unexpected,1 - Absolutely Yes,1 - cautious,16,2,1 - High,1 - Present,4,5,1,1,1,1,1,UK
241,8,59,Female,1,17,1 - Completely Expected,1 - Absolutely Yes,1 - cautious,14,1,0 - Low,0 - None,1,1,1,0,0,1,0,UK
242,8,59,Female,1,18,1 - Completely Expected,1 - Absolutely Yes,1 - cautious,3,1,0 - Low,0 - None,1,1,1,0,0,1,0,UK
243,8,59,Female,1,19,4 - Somewhat Unexpected,"2 - Yes, a bit inconvenient but manageable",1 - cautious,4,2,1 - High,1 - Present,4,4,2,1,1,1,1,UK
244,8,59,Female,1,20,1 - Completely Expected,1 - Absolutely Yes,1 - cautious,6,1,1 - High,0 - None,2,1,1,1,0,1,0,UK
245,8,59,Female,1,21,1 - Completely Expected,1 - Absolutely Yes,1 - cautious,5,2,1 - High,0 - None,2,1,1,1,0,1,0,UK
246,8,59,Female,1,22,1 - Completely Expected,1 - Absolutely Yes,1 - cautious,13,1,0 - Low,0 - None,1,1,1,0,0,1,0,UK
247,8,59,Female,1,23,1 - Completely Expected,1 - Absolutely Yes,1 - cautious,14,2,0 - Low,0 - None,1,1,1,0,0,1,0,UK
248,8,59,Female,1,24,1 - Completely Expected,1 - Absolutely Yes,1 - cautious,3,2,1 - High,0 - None,2,1,1,1,0,1,0,UK
249,8,59,Female,1,25,5 - Very Unexpected,1 - Absolutely Yes,1 - cautious,7,2,1 - High,1 - Present,4,5,1,1,1,1,1,UK
250,8,59,Female,1,26,1 - Completely Expected,1 - Absolutely Yes,1 - cautious,12,1,0 - Low,0 - None,1,1,1,0,0,1,0,UK
251,8,59,Female,1,27,1 - Completely Expected,1 - Absolutely Yes,1 - cautious,6,2,1 - High,0 - None,2,1,1,1,0,1,0,UK
252,8,59,Female,1,28,4 - Somewhat Unexpected,1 - Absolutely Yes,1 - cautious,13,2,0 - Low,1 - Present,3,4,1,0,1,1,0,UK
253,8,59,Female,1,29,4 - Somewhat Unexpected,1 - Absolutely Yes,1 - cautious,10,2,0 - Low,1 - Present,3,4,1,0,1,1,0,UK
254,8,59,Female,1,30,5 - Very Unexpected,1 - Absolutely Yes,1 - cautious,12,2,0 - Low,1 - Present,3,5,1,0,1,1,0,UK
255,8,59,Female,1,31,5 - Very Unexpected,1 - Absolutely Yes,1 - cautious,11,1,1 - High,1 - Present,4,5,1,1,1,1,1,UK
256,8,59,Female,1,32,5 - Very Unexpected,1 - Absolutely Yes,1 - cautious,11,2,0 - Low,1 - Present,3,5,1,0,1,1,0,UK
257,9,50,Female,1,1,2 - Somewhat Expected,"2 - Yes, a bit inconvenient but manageable",1 - cautious,4,1,0 - Low,0 - None,1,2,2,0,0,1,0,UK
258,9,50,Female,1,2,2 - Somewhat Expected,1 - Absolutely Yes,1 - cautious,14,1,1 - High,1 - Present,4,2,1,1,1,1,1,UK
259,9,50,Female,1,3,2 - Somewhat Expected,"2 - Yes, a bit inconvenient but manageable",1 - cautious,4,2,0 - Low,0 - None,1,2,2,0,0,1,0,UK
260,9,50,Female,1,4,5 - Very Unexpected,1 - Absolutely Yes,1 - cautious,5,1,0 - Low,1 - Present,3,5,1,0,1,1,0,UK
261,9,50,Female,1,5,1 - Completely Expected,"3 - Yes, but would not be feel nice",1 - cautious,3,1,1 - High,0 - None,2,1,3,1,0,1,0,UK
262,9,50,Female,1,6,5 - Very Unexpected,4 - Certainly Not,1 - cautious,11,1,1 - High,1 - Present,4,5,4,1,1,1,1,UK
263,9,50,Female,1,7,5 - Very Unexpected,"2 - Yes, a bit inconvenient but manageable",1 - cautious,1,1,1 - High,1 - Present,4,5,2,1,1,1,1,UK
264,9,50,Female,1,8,5 - Very Unexpected,"3 - Yes, but would not be feel nice",1 - cautious,10,1,1 - High,1 - Present,4,5,3,1,1,1,1,UK
265,9,50,Female,1,9,5 - Very Unexpected,"2 - Yes, a bit inconvenient but manageable",1 - cautious,13,1,1 - High,1 - Present,4,5,2,1,1,1,1,UK
266,9,50,Female,1,10,5 - Very Unexpected,1 - Absolutely Yes,1 - cautious,12,1,0 - Low,1 - Present,3,5,1,0,1,1,0,UK
267,9,50,Female,1,11,3 - Indifferent / Can't Decide,4 - Certainly Not,1 - cautious,9,1,1 - High,0 - None,2,3,4,1,0,1,0,UK
268,9,50,Female,1,12,5 - Very Unexpected,4 - Certainly Not,1 - cautious,14,2,0 - Low,0 - None,1,5,4,0,0,1,0,UK
269,9,50,Female,1,13,5 - Very Unexpected,"3 - Yes, but would not be feel nice",1 - cautious,2,1,0 - Low,1 - Present,3,5,3,0,1,1,0,UK
270,9,50,Female,1,14,1 - Completely Expected,1 - Absolutely Yes,1 - cautious,12,2,0 - Low,0 - None,1,1,1,0,0,1,0,UK
271,9,50,Female,1,15,4 - Somewhat Unexpected,1 - Absolutely Yes,1 - cautious,8,1,1 - High,1 - Present,4,4,1,1,1,1,1,UK
272,9,50,Female,1,16,5 - Very Unexpected,"2 - Yes, a bit inconvenient but manageable",1 - cautious,13,2,1 - High,1 - Present,4,5,2,1,1,1,1,UK
273,9,50,Female,1,17,3 - Indifferent / Can't Decide,4 - Certainly Not,1 - cautious,9,2,1 - High,0 - None,2,3,4,1,0,1,0,UK
274,9,50,Female,1,18,1 - Completely Expected,"3 - Yes, but would not be feel nice",1 - cautious,10,2,1 - High,0 - None,2,1,3,1,0,1,0,UK
275,9,50,Female,1,19,2 - Somewhat Expected,"2 - Yes, a bit inconvenient but manageable",1 - cautious,15,1,1 - High,0 - None,2,2,2,1,0,1,0,UK
276,9,50,Female,1,20,5 - Very Unexpected,"2 - Yes, a bit inconvenient but manageable",1 - cautious,6,1,0 - Low,1 - Present,3,5,2,0,1,1,0,UK
277,9,50,Female,1,21,4 - Somewhat Unexpected,"2 - Yes, a bit inconvenient but manageable",1 - cautious,6,2,0 - Low,1 - Present,3,4,2,0,1,1,0,UK
278,9,50,Female,1,22,4 - Somewhat Unexpected,"2 - Yes, a bit inconvenient but manageable",1 - cautious,15,2,0 - Low,1 - Present,3,4,2,0,1,1,0,UK
279,9,50,Female,1,23,1 - Completely Expected,1 - Absolutely Yes,1 - cautious,16,1,0 - Low,0 - None,1,1,1,0,0,1,0,UK
280,9,50,Female,1,24,1 - Completely Expected,"3 - Yes, but would not be feel nice",1 - cautious,7,1,0 - Low,0 - None,1,1,3,0,0,1,0,UK
281,9,50,Female,1,25,1 - Completely Expected,1 - Absolutely Yes,1 - cautious,8,2,1 - High,0 - None,2,1,1,1,0,1,0,UK
282,9,50,Female,1,26,5 - Very Unexpected,1 - Absolutely Yes,1 - cautious,3,2,0 - Low,1 - Present,3,5,1,0,1,1,0,UK
283,9,50,Female,1,27,5 - Very Unexpected,"3 - Yes, but would not be feel nice",1 - cautious,2,2,0 - Low,1 - Present,3,5,3,0,1,1,0,UK
284,9,50,Female,1,28,1 - Completely Expected,"3 - Yes, but would not be feel nice",1 - cautious,5,2,1 - High,0 - None,2,1,3,1,0,1,0,UK
285,9,50,Female,1,29,1 - Completely Expected,"3 - Yes, but would not be feel nice",1 - cautious,1,2,0 - Low,0 - None,1,1,3,0,0,1,0,UK
286,9,50,Female,1,30,1 - Completely Expected,4 - Certainly Not,1 - cautious,11,2,1 - High,0 - None,2,1,4,1,0,1,0,UK
287,9,50,Female,1,31,5 - Very Unexpected,"2 - Yes, a bit inconvenient but manageable",1 - cautious,7,2,1 - High,1 - Present,4,5,2,1,1,1,1,UK
288,9,50,Female,1,32,1 - Completely Expected,1 - Absolutely Yes,1 - cautious,16,2,0 - Low,0 - None,1,1,1,0,0,1,0,UK
289,10,49,Male,-7,1,5 - Very Unexpected,"2 - Yes, a bit inconvenient but manageable",0 - adventurous,3,1,0 - Low,1 - Present,3,5,2,0,1,0,0,US
290,10,49,Male,-7,2,5 - Very Unexpected,"3 - Yes, but would not be feel nice",0 - adventurous,9,1,0 - Low,1 - Present,3,5,3,0,1,0,0,US
291,10,49,Male,-7,3,4 - Somewhat Unexpected,"2 - Yes, a bit inconvenient but manageable",0 - adventurous,11,1,1 - High,1 - Present,4,4,2,1,1,0,1,US
292,10,49,Male,-7,4,4 - Somewhat Unexpected,4 - Certainly Not,0 - adventurous,15,1,0 - Low,0 - None,1,4,4,0,0,0,0,US
293,10,49,Male,-7,5,1 - Completely Expected,1 - Absolutely Yes,0 - adventurous,5,1,0 - Low,0 - None,1,1,1,0,0,0,0,US
294,10,49,Male,-7,6,2 - Somewhat Expected,"2 - Yes, a bit inconvenient but manageable",0 - adventurous,5,2,1 - High,0 - None,2,2,2,1,0,0,0,US
295,10,49,Male,-7,7,4 - Somewhat Unexpected,4 - Certainly Not,0 - adventurous,6,1,1 - High,1 - Present,4,4,4,1,1,0,1,US
296,10,49,Male,-7,8,1 - Completely Expected,1 - Absolutely Yes,0 - adventurous,13,1,1 - High,0 - None,2,1,1,1,0,0,0,US
297,10,49,Male,-7,9,4 - Somewhat Unexpected,"2 - Yes, a bit inconvenient but manageable",0 - adventurous,11,2,0 - Low,1 - Present,3,4,2,0,1,0,0,US
298,10,49,Male,-7,10,2 - Somewhat Expected,1 - Absolutely Yes,0 - adventurous,8,1,1 - High,1 - Present,4,2,1,1,1,0,1,US
299,10,49,Male,-7,11,2 - Somewhat Expected,1 - Absolutely Yes,0 - adventurous,13,2,0 - Low,1 - Present,3,2,1,0,1,0,0,US
300,10,49,Male,-7,12,2 - Somewhat Expected,"2 - Yes, a bit inconvenient but manageable",0 - adventurous,14,1,1 - High,0 - None,2,2,2,1,0,0,0,US
301,10,49,Male,-7,13,4 - Somewhat Unexpected,"3 - Yes, but would not be feel nice",0 - adventurous,14,2,1 - High,1 - Present,4,4,3,1,1,0,1,US
302,10,49,Male,-7,14,4 - Somewhat Unexpected,4 - Certainly Not,0 - adventurous,9,2,1 - High,1 - Present,4,4,4,1,1,0,1,US
303,10,49,Male,-7,15,4 - Somewhat Unexpected,"3 - Yes, but would not be feel nice",0 - adventurous,7,1,1 - High,1 - Present,4,4,3,1,1,0,1,US
304,10,49,Male,-7,16,1 - Completely Expected,1 - Absolutely Yes,0 - adventurous,1,1,0 - Low,0 - None,1,1,1,0,0,0,0,US
305,10,49,Male,-7,17,1 - Completely Expected,1 - Absolutely Yes,0 - adventurous,3,2,0 - Low,0 - None,1,1,1,0,0,0,0,US
306,10,49,Male,-7,18,2 - Somewhat Expected,1 - Absolutely Yes,0 - adventurous,7,2,1 - High,0 - None,2,2,1,1,0,0,0,US
307,10,49,Male,-7,19,2 - Somewhat Expected,"3 - Yes, but would not be feel nice",0 - adventurous,16,1,0 - Low,0 - None,1,2,3,0,0,0,0,US
308,10,49,Male,-7,20,2 - Somewhat Expected,1 - Absolutely Yes,0 - adventurous,1,2,1 - High,0 - None,2,2,1,1,0,0,0,US
309,10,49,Male,-7,21,2 - Somewhat Expected,1 - Absolutely Yes,0 - adventurous,10,1,0 - Low,1 - Present,3,2,1,0,1,0,0,US
310,10,49,Male,-7,22,2 - Somewhat Expected,1 - Absolutely Yes,0 - adventurous,4,1,1 - High,1 - Present,4,2,1,1,1,0,1,US
311,10,49,Male,-7,23,2 - Somewhat Expected,1 - Absolutely Yes,0 - adventurous,6,2,0 - Low,1 - Present,3,2,1,0,1,0,0,US
312,10,49,Male,-7,24,2 - Somewhat Expected,"3 - Yes, but would not be feel nice",0 - adventurous,15,2,0 - Low,0 - None,1,2,3,0,0,0,0,US
313,10,49,Male,-7,25,2 - Somewhat Expected,"2 - Yes, a bit inconvenient but manageable",0 - adventurous,16,2,1 - High,0 - None,2,2,2,1,0,0,0,US
314,10,49,Male,-7,26,4 - Somewhat Unexpected,"2 - Yes, a bit inconvenient but manageable",0 - adventurous,12,1,1 - High,1 - Present,4,4,2,1,1,0,1,US
315,10,49,Male,-7,27,2 - Somewhat Expected,"2 - Yes, a bit inconvenient but manageable",0 - adventurous,4,2,1 - High,0 - None,2,2,2,1,0,0,0,US
316,10,49,Male,-7,28,1 - Completely Expected,1 - Absolutely Yes,0 - adventurous,2,1,0 - Low,0 - None,1,1,1,0,0,0,0,US
317,10,49,Male,-7,29,2 - Somewhat Expected,1 - Absolutely Yes,0 - adventurous,2,2,1 - High,0 - None,2,2,1,1,0,0,0,US
318,10,49,Male,-7,30,2 - Somewhat Expected,1 - Absolutely Yes,0 - adventurous,8,2,0 - Low,0 - None,1,2,1,0,0,0,0,US
319,10,49,Male,-7,31,2 - Somewhat Expected,1 - Absolutely Yes,0 - adventurous,10,2,0 - Low,1 - Present,3,2,1,0,1,0,0,US
320,10,49,Male,-7,32,2 - Somewhat Expected,1 - Absolutely Yes,0 - adventurous,12,2,0 - Low,1 - Present,3,2,1,0,1,0,0,US
321,11,40,Male,10,1,2 - Somewhat Expected,1 - Absolutely Yes,0 - adventurous,6,1,0 - Low,1 - Present,3,2,1,0,1,0,0,AU
322,11,40,Male,10,2,3 - Indifferent / Can't Decide,"2 - Yes, a bit inconvenient but manageable",0 - adventurous,8,1,0 - Low,0 - None,1,3,2,0,0,0,0,AU
323,11,40,Male,10,3,5 - Very Unexpected,4 - Certainly Not,0 - adventurous,1,1,1 - High,1 - Present,4,5,4,1,1,0,1,AU
324,11,40,Male,10,4,1 - Completely Expected,"2 - Yes, a bit inconvenient but manageable",0 - adventurous,6,2,1 - High,0 - None,2,1,2,1,0,0,0,AU
325,11,40,Male,10,5,5 - Very Unexpected,"3 - Yes, but would not be feel nice",0 - adventurous,11,1,1 - High,1 - Present,4,5,3,1,1,0,1,AU
326,11,40,Male,10,6,4 - Somewhat Unexpected,"2 - Yes, a bit inconvenient but manageable",0 - adventurous,16,1,0 - Low,1 - Present,3,4,2,0,1,0,0,AU
327,11,40,Male,10,7,1 - Completely Expected,1 - Absolutely Yes,0 - adventurous,14,1,0 - Low,0 - None,1,1,1,0,0,0,0,AU
328,11,40,Male,10,8,1 - Completely Expected,"3 - Yes, but would not be feel nice",0 - adventurous,15,1,0 - Low,0 - None,1,1,3,0,0,0,0,AU
329,11,40,Male,10,9,1 - Completely Expected,1 - Absolutely Yes,0 - adventurous,9,1,1 - High,0 - None,2,1,1,1,0,0,0,AU
330,11,40,Male,10,10,5 - Very Unexpected,"3 - Yes, but would not be feel nice",0 - adventurous,11,2,0 - Low,1 - Present,3,5,3,0,1,0,0,AU
331,11,40,Male,10,11,4 - Somewhat Unexpected,4 - Certainly Not,0 - adventurous,9,2,1 - High,1 - Present,4,4,4,1,1,0,1,AU
332,11,40,Male,10,12,5 - Very Unexpected,4 - Certainly Not,0 - adventurous,2,1,1 - High,1 - Present,4,5,4,1,1,0,1,AU
333,11,40,Male,10,13,1 - Completely Expected,1 - Absolutely Yes,0 - adventurous,12,1,1 - High,0 - None,2,1,1,1,0,0,0,AU
334,11,40,Male,10,14,2 - Somewhat Expected,"2 - Yes, a bit inconvenient but manageable",0 - adventurous,16,2,1 - High,0 - None,2,2,2,1,0,0,0,AU
335,11,40,Male,10,15,2 - Somewhat Expected,1 - Absolutely Yes,0 - adventurous,4,1,1 - High,1 - Present,4,2,1,1,1,0,1,AU
336,11,40,Male,10,16,2 - Somewhat Expected,"3 - Yes, but would not be feel nice",0 - adventurous,15,2,0 - Low,0 - None,1,2,3,0,0,0,0,AU
337,11,40,Male,10,17,1 - Completely Expected,1 - Absolutely Yes,0 - adventurous,1,2,0 - Low,0 - None,1,1,1,0,0,0,0,AU
338,11,40,Male,10,18,1 - Completely Expected,"2 - Yes, a bit inconvenient but manageable",0 - adventurous,4,2,1 - High,0 - None,2,1,2,1,0,0,0,AU
339,11,40,Male,10,19,2 - Somewhat Expected,1 - Absolutely Yes,0 - adventurous,7,1,0 - Low,0 - None,1,2,1,0,0,0,0,AU
340,11,40,Male,10,20,5 - Very Unexpected,"2 - Yes, a bit inconvenient but manageable",0 - adventurous,12,2,1 - High,1 - Present,4,5,2,1,1,0,1,AU
341,11,40,Male,10,21,4 - Somewhat Unexpected,1 - Absolutely Yes,0 - adventurous,13,1,0 - Low,1 - Present,3,4,1,0,1,0,0,AU
342,11,40,Male,10,22,3 - Indifferent / Can't Decide,"2 - Yes, a bit inconvenient but manageable",0 - adventurous,3,1,0 - Low,0 - None,1,3,2,0,0,0,0,AU
343,11,40,Male,10,23,1 - Completely Expected,"3 - Yes, but would not be feel nice",0 - adventurous,10,1,1 - High,0 - None,2,1,3,1,0,0,0,AU
344,11,40,Male,10,24,1 - Completely Expected,"2 - Yes, a bit inconvenient but manageable",0 - adventurous,7,2,1 - High,0 - None,2,1,2,1,0,0,0,AU
345,11,40,Male,10,25,4 - Somewhat Unexpected,"2 - Yes, a bit inconvenient but manageable",0 - adventurous,8,2,1 - High,1 - Present,4,4,2,1,1,0,1,AU
346,11,40,Male,10,26,1 - Completely Expected,1 - Absolutely Yes,0 - adventurous,14,2,0 - Low,0 - None,1,1,1,0,0,0,0,AU
347,11,40,Male,10,27,3 - Indifferent / Can't Decide,1 - Absolutely Yes,0 - adventurous,10,2,0 - Low,1 - Present,3,3,1,0,1,0,0,AU
348,11,40,Male,10,28,4 - Somewhat Unexpected,1 - Absolutely Yes,0 - adventurous,3,2,0 - Low,1 - Present,3,4,1,0,1,0,0,AU
349,11,40,Male,10,29,1 - Completely Expected,"2 - Yes, a bit inconvenient but manageable",0 - adventurous,2,2,1 - High,0 - None,2,1,2,1,0,0,0,AU
350,11,40,Male,10,30,4 - Somewhat Unexpected,1 - Absolutely Yes,0 - adventurous,13,2,0 - Low,1 - Present,3,4,1,0,1,0,0,AU
351,11,40,Male,10,31,5 - Very Unexpected,"3 - Yes, but would not be feel nice",0 - adventurous,5,1,1 - High,1 - Present,4,5,3,1,1,0,1,AU
352,11,40,Male,10,32,4 - Somewhat Unexpected,"2 - Yes, a bit inconvenient but manageable",0 - adventurous,5,2,0 - Low,1 - Present,3,4,2,0,1,0,0,AU
353,12,39,Male,1,1,4 - Somewhat Unexpected,1 - Absolutely Yes,0 - adventurous,7,1,0 - Low,1 - Present,3,4,1,0,1,0,0,UK
354,12,39,Male,1,2,5 - Very Unexpected,"3 - Yes, but would not be feel nice",0 - adventurous,2,1,0 - Low,1 - Present,3,5,3,0,1,0,0,UK
355,12,39,Male,1,3,1 - Completely Expected,1 - Absolutely Yes,0 - adventurous,1,1,1 - High,0 - None,2,1,1,1,0,0,0,UK
356,12,39,Male,1,4,1 - Completely Expected,1 - Absolutely Yes,0 - adventurous,16,1,0 - Low,0 - None,1,1,1,0,0,0,0,UK
357,12,39,Male,1,5,1 - Completely Expected,1 - Absolutely Yes,0 - adventurous,10,1,1 - High,0 - None,2,1,1,1,0,0,0,UK
358,12,39,Male,1,6,4 - Somewhat Unexpected,1 - Absolutely Yes,0 - adventurous,4,1,0 - Low,1 - Present,3,4,1,0,1,0,0,UK
359,12,39,Male,1,7,3 - Indifferent / Can't Decide,1 - Absolutely Yes,0 - adventurous,3,1,0 - Low,0 - None,1,3,1,0,0,0,0,UK
360,12,39,Male,1,8,1 - Completely Expected,1 - Absolutely Yes,0 - adventurous,9,1,1 - High,1 - Present,4,1,1,1,1,0,1,UK
361,12,39,Male,1,9,4 - Somewhat Unexpected,1 - Absolutely Yes,0 - adventurous,8,1,1 - High,1 - Present,4,4,1,1,1,0,1,UK
362,12,39,Male,1,10,1 - Completely Expected,1 - Absolutely Yes,0 - adventurous,7,2,0 - Low,0 - None,1,1,1,0,0,0,0,UK
363,12,39,Male,1,11,1 - Completely Expected,1 - Absolutely Yes,0 - adventurous,9,2,1 - High,0 - None,2,1,1,1,0,0,0,UK
364,12,39,Male,1,12,4 - Somewhat Unexpected,1 - Absolutely Yes,0 - adventurous,6,1,0 - Low,1 - Present,3,4,1,0,1,0,0,UK
365,12,39,Male,1,13,2 - Somewhat Expected,1 - Absolutely Yes,0 - adventurous,14,1,1 - High,1 - Present,4,2,1,1,1,0,1,UK
366,12,39,Male,1,14,5 - Very Unexpected,"2 - Yes, a bit inconvenient but manageable",0 - adventurous,10,2,1 - High,1 - Present,4,5,2,1,1,0,1,UK
367,12,39,Male,1,15,4 - Somewhat Unexpected,1 - Absolutely Yes,0 - adventurous,16,2,0 - Low,1 - Present,3,4,1,0,1,0,0,UK
368,12,39,Male,1,16,1 - Completely Expected,1 - Absolutely Yes,0 - adventurous,2,2,0 - Low,0 - None,1,1,1,0,0,0,0,UK
369,12,39,Male,1,17,1 - Completely Expected,1 - Absolutely Yes,0 - adventurous,12,1,1 - High,0 - None,2,1,1,1,0,0,0,UK
370,12,39,Male,1,18,5 - Very Unexpected,1 - Absolutely Yes,0 - adventurous,5,1,0 - Low,1 - Present,3,5,1,0,1,0,0,UK
371,12,39,Male,1,19,1 - Completely Expected,1 - Absolutely Yes,0 - adventurous,1,2,1 - High,0 - None,2,1,1,1,0,0,0,UK
372,12,39,Male,1,20,5 - Very Unexpected,1 - Absolutely Yes,0 - adventurous,12,2,1 - High,1 - Present,4,5,1,1,1,0,1,UK
373,12,39,Male,1,21,5 - Very Unexpected,"3 - Yes, but would not be feel nice",0 - adventurous,11,1,1 - High,1 - Present,4,5,3,1,1,0,1,UK
374,12,39,Male,1,22,4 - Somewhat Unexpected,"2 - Yes, a bit inconvenient but manageable",0 - adventurous,11,2,0 - Low,0 - None,1,4,2,0,0,0,0,UK
375,12,39,Male,1,23,1 - Completely Expected,1 - Absolutely Yes,0 - adventurous,13,1,1 - High,0 - None,2,1,1,1,0,0,0,UK
376,12,39,Male,1,24,1 - Completely Expected,1 - Absolutely Yes,0 - adventurous,6,2,0 - Low,0 - None,1,1,1,0,0,0,0,UK
377,12,39,Male,1,25,4 - Somewhat Unexpected,1 - Absolutely Yes,0 - adventurous,5,2,0 - Low,1 - Present,3,4,1,0,1,0,0,UK
378,12,39,Male,1,26,3 - Indifferent / Can't Decide,1 - Absolutely Yes,0 - adventurous,14,2,1 - High,1 - Present,4,3,1,1,1,0,1,UK
379,12,39,Male,1,27,1 - Completely Expected,1 - Absolutely Yes,0 - adventurous,8,2,1 - High,0 - None,2,1,1,1,0,0,0,UK
380,12,39,Male,1,28,5 - Very Unexpected,"2 - Yes, a bit inconvenient but manageable",0 - adventurous,3,2,1 - High,1 - Present,4,5,2,1,1,0,1,UK
381,12,39,Male,1,29,4 - Somewhat Unexpected,1 - Absolutely Yes,0 - adventurous,4,2,0 - Low,1 - Present,3,4,1,0,1,0,0,UK
382,12,39,Male,1,30,1 - Completely Expected,1 - Absolutely Yes,0 - adventurous,13,2,1 - High,0 - None,2,1,1,1,0,0,0,UK
383,12,39,Male,1,31,1 - Completely Expected,"3 - Yes, but would not be feel nice",0 - adventurous,15,1,0 - Low,0 - None,1,1,3,0,0,0,0,UK
384,12,39,Male,1,32,1 - Completely Expected,"3 - Yes, but would not be feel nice",0 - adventurous,15,2,0 - Low,0 - None,1,1,3,0,0,0,0,UK
385,13,58,Female,-5,1,4 - Somewhat Unexpected,"3 - Yes, but would not be feel nice",0 - adventurous,11,1,1 - High,1 - Present,4,4,3,1,1,0,1,US
386,13,58,Female,-5,2,5 - Very Unexpected,4 - Certainly Not,0 - adventurous,1,1,1 - High,1 - Present,4,5,4,1,1,0,1,US
387,13,58,Female,-5,3,5 - Very Unexpected,4 - Certainly Not,0 - adventurous,15,1,0 - Low,1 - Present,3,5,4,0,1,0,0,US
388,13,58,Female,-5,4,2 - Somewhat Expected,"3 - Yes, but would not be feel nice",0 - adventurous,3,1,0 - Low,0 - None,1,2,3,0,0,0,0,US
389,13,58,Female,-5,5,5 - Very Unexpected,4 - Certainly Not,0 - adventurous,15,2,0 - Low,1 - Present,3,5,4,0,1,0,0,US
390,13,58,Female,-5,6,5 - Very Unexpected,"2 - Yes, a bit inconvenient but manageable",0 - adventurous,13,1,0 - Low,1 - Present,3,5,2,0,1,0,0,US
391,13,58,Female,-5,7,2 - Somewhat Expected,1 - Absolutely Yes,0 - adventurous,16,1,0 - Low,0 - None,1,2,1,0,0,0,0,US
392,13,58,Female,-5,8,1 - Completely Expected,1 - Absolutely Yes,0 - adventurous,6,1,1 - High,0 - None,2,1,1,1,0,0,0,US
393,13,58,Female,-5,9,5 - Very Unexpected,4 - Certainly Not,0 - adventurous,14,1,0 - Low,1 - Present,3,5,4,0,1,0,0,US
394,13,58,Female,-5,10,5 - Very Unexpected,"2 - Yes, a bit inconvenient but manageable",0 - adventurous,10,1,1 - High,1 - Present,4,5,2,1,1,0,1,US
395,13,58,Female,-5,11,1 - Completely Expected,1 - Absolutely Yes,0 - adventurous,3,2,1 - High,0 - None,2,1,1,1,0,0,0,US
396,13,58,Female,-5,12,5 - Very Unexpected,"2 - Yes, a bit inconvenient but manageable",0 - adventurous,16,2,0 - Low,1 - Present,3,5,2,0,1,0,0,US
397,13,58,Female,-5,13,2 - Somewhat Expected,1 - Absolutely Yes,0 - adventurous,4,1,1 - High,1 - Present,4,2,1,1,1,0,1,US
398,13,58,Female,-5,14,2 - Somewhat Expected,1 - Absolutely Yes,0 - adventurous,5,1,0 - Low,0 - None,1,2,1,0,0,0,0,US
399,13,58,Female,-5,15,5 - Very Unexpected,4 - Certainly Not,0 - adventurous,2,1,0 - Low,1 - Present,3,5,4,0,1,0,0,US
400,13,58,Female,-5,16,4 - Somewhat Unexpected,"2 - Yes, a bit inconvenient but manageable",0 - adventurous,7,1,1 - High,1 - Present,4,4,2,1,1,0,1,US
401,13,58,Female,-5,17,3 - Indifferent / Can't Decide,"2 - Yes, a bit inconvenient but manageable",0 - adventurous,13,2,0 - Low,0 - None,1,3,2,0,0,0,0,US
402,13,58,Female,-5,18,1 - Completely Expected,1 - Absolutely Yes,0 - adventurous,8,1,1 - High,0 - None,2,1,1,1,0,0,0,US
403,13,58,Female,-5,19,2 - Somewhat Expected,"3 - Yes, but would not be feel nice",0 - adventurous,7,2,1 - High,0 - None,2,2,3,1,0,0,0,US
404,13,58,Female,-5,20,1 - Completely Expected,1 - Absolutely Yes,0 - adventurous,6,2,1 - High,0 - None,2,1,1,1,0,0,0,US
405,13,58,Female,-5,21,1 - Completely Expected,1 - Absolutely Yes,0 - adventurous,9,1,0 - Low,0 - None,1,1,1,0,0,0,0,US
406,13,58,Female,-5,22,5 - Very Unexpected,"3 - Yes, but would not be feel nice",0 - adventurous,11,2,1 - High,1 - Present,4,5,3,1,1,0,1,US
407,13,58,Female,-5,23,4 - Somewhat Unexpected,"2 - Yes, a bit inconvenient but manageable",0 - adventurous,10,2,1 - High,1 - Present,4,4,2,1,1,0,1,US
408,13,58,Female,-5,24,5 - Very Unexpected,4 - Certainly Not,0 - adventurous,1,2,1 - High,1 - Present,4,5,4,1,1,0,1,US
409,13,58,Female,-5,25,1 - Completely Expected,1 - Absolutely Yes,0 - adventurous,4,2,1 - High,0 - None,2,1,1,1,0,0,0,US
410,13,58,Female,-5,26,1 - Completely Expected,1 - Absolutely Yes,0 - adventurous,12,1,1 - High,0 - None,2,1,1,1,0,0,0,US
411,13,58,Female,-5,27,5 - Very Unexpected,1 - Absolutely Yes,0 - adventurous,12,2,0 - Low,1 - Present,3,5,1,0,1,0,0,US
412,13,58,Female,-5,28,1 - Completely Expected,1 - Absolutely Yes,0 - adventurous,14,2,0 - Low,0 - None,1,1,1,0,0,0,0,US
413,13,58,Female,-5,29,1 - Completely Expected,1 - Absolutely Yes,0 - adventurous,5,2,1 - High,0 - None,2,1,1,1,0,0,0,US
414,13,58,Female,-5,30,1 - Completely Expected,1 - Absolutely Yes,0 - adventurous,2,2,0 - Low,0 - None,1,1,1,0,0,0,0,US
415,13,58,Female,-5,31,5 - Very Unexpected,4 - Certainly Not,0 - adventurous,8,2,0 - Low,1 - Present,3,5,4,0,1,0,0,US
416,13,58,Female,-5,32,1 - Completely Expected,1 - Absolutely Yes,0 - adventurous,9,2,0 - Low,0 - None,1,1,1,0,0,0,0,US
417,14,43,Female,1,1,1 - Completely Expected,1 - Absolutely Yes,1 - cautious,7,1,1 - High,0 - None,2,1,1,1,0,1,0,UK
418,14,43,Female,1,2,5 - Very Unexpected,4 - Certainly Not,1 - cautious,6,1,1 - High,1 - Present,4,5,4,1,1,1,1,UK
419,14,43,Female,1,3,4 - Somewhat Unexpected,1 - Absolutely Yes,1 - cautious,8,1,0 - Low,1 - Present,3,4,1,0,1,1,0,UK
420,14,43,Female,1,4,1 - Completely Expected,1 - Absolutely Yes,1 - cautious,14,1,0 - Low,0 - None,1,1,1,0,0,1,0,UK
421,14,43,Female,1,5,5 - Very Unexpected,"3 - Yes, but would not be feel nice",1 - cautious,15,1,0 - Low,1 - Present,3,5,3,0,1,1,0,UK
422,14,43,Female,1,6,1 - Completely Expected,1 - Absolutely Yes,1 - cautious,16,1,0 - Low,0 - None,1,1,1,0,0,1,0,UK
423,14,43,Female,1,7,1 - Completely Expected,1 - Absolutely Yes,1 - cautious,1,1,1 - High,0 - None,2,1,1,1,0,1,0,UK
424,14,43,Female,1,8,5 - Very Unexpected,"2 - Yes, a bit inconvenient but manageable",1 - cautious,3,1,1 - High,1 - Present,4,5,2,1,1,1,1,UK
425,14,43,Female,1,9,5 - Very Unexpected,1 - Absolutely Yes,1 - cautious,5,1,0 - Low,1 - Present,3,5,1,0,1,1,0,UK
426,14,43,Female,1,10,4 - Somewhat Unexpected,1 - Absolutely Yes,1 - cautious,12,1,1 - High,1 - Present,4,4,1,1,1,1,1,UK
427,14,43,Female,1,11,5 - Very Unexpected,4 - Certainly Not,1 - cautious,2,1,1 - High,1 - Present,4,5,4,1,1,1,1,UK
428,14,43,Female,1,12,1 - Completely Expected,1 - Absolutely Yes,1 - cautious,8,2,1 - High,0 - None,2,1,1,1,0,1,0,UK
429,14,43,Female,1,13,5 - Very Unexpected,4 - Certainly Not,1 - cautious,11,1,1 - High,1 - Present,4,5,4,1,1,1,1,UK
430,14,43,Female,1,14,4 - Somewhat Unexpected,"2 - Yes, a bit inconvenient but manageable",1 - cautious,1,2,0 - Low,1 - Present,3,4,2,0,1,1,0,UK
431,14,43,Female,1,15,1 - Completely Expected,1 - Absolutely Yes,1 - cautious,4,1,0 - Low,0 - None,1,1,1,0,0,1,0,UK
432,14,43,Female,1,16,2 - Somewhat Expected,"2 - Yes, a bit inconvenient but manageable",1 - cautious,9,1,1 - High,0 - None,2,2,2,1,0,1,0,UK
433,14,43,Female,1,17,1 - Completely Expected,1 - Absolutely Yes,1 - cautious,13,1,0 - Low,0 - None,1,1,1,0,0,1,0,UK
434,14,43,Female,1,18,5 - Very Unexpected,"3 - Yes, but would not be feel nice",1 - cautious,3,2,0 - Low,1 - Present,3,5,3,0,1,1,0,UK
435,14,43,Female,1,19,5 - Very Unexpected,4 - Certainly Not,1 - cautious,14,2,1 - High,1 - Present,4,5,4,1,1,1,1,UK
436,14,43,Female,1,20,5 - Very Unexpected,4 - Certainly Not,1 - cautious,11,2,1 - High,1 - Present,4,5,4,1,1,1,1,UK
437,14,43,Female,1,21,1 - Completely Expected,1 - Absolutely Yes,1 - cautious,13,2,0 - Low,0 - None,1,1,1,0,0,1,0,UK
438,14,43,Female,1,22,2 - Somewhat Expected,"3 - Yes, but would not be feel nice",1 - cautious,15,2,1 - High,0 - None,2,2,3,1,0,1,0,UK
439,14,43,Female,1,23,5 - Very Unexpected,"3 - Yes, but would not be feel nice",1 - cautious,16,2,0 - Low,1 - Present,3,5,3,0,1,1,0,UK
440,14,43,Female,1,24,1 - Completely Expected,1 - Absolutely Yes,1 - cautious,2,2,0 - Low,0 - None,1,1,1,0,0,1,0,UK
441,14,43,Female,1,25,5 - Very Unexpected,4 - Certainly Not,1 - cautious,9,2,1 - High,1 - Present,4,5,4,1,1,1,1,UK
442,14,43,Female,1,26,4 - Somewhat Unexpected,1 - Absolutely Yes,1 - cautious,4,2,0 - Low,1 - Present,3,4,1,0,1,1,0,UK
443,14,43,Female,1,27,1 - Completely Expected,1 - Absolutely Yes,1 - cautious,6,2,0 - Low,0 - None,1,1,1,0,0,1,0,UK
444,14,43,Female,1,28,1 - Completely Expected,1 - Absolutely Yes,1 - cautious,7,2,1 - High,0 - None,2,1,1,1,0,1,0,UK
445,14,43,Female,1,29,1 - Completely Expected,1 - Absolutely Yes,1 - cautious,10,1,1 - High,0 - None,2,1,1,1,0,1,0,UK
446,14,43,Female,1,30,1 - Completely Expected,1 - Absolutely Yes,1 - cautious,5,2,0 - Low,0 - None,1,1,1,0,0,1,0,UK
447,14,43,Female,1,31,1 - Completely Expected,1 - Absolutely Yes,1 - cautious,12,2,1 - High,0 - None,2,1,1,1,0,1,0,UK
448,14,43,Female,1,32,4 - Somewhat Unexpected,"2 - Yes, a bit inconvenient but manageable",1 - cautious,10,2,0 - Low,1 - Present,3,4,2,0,1,1,0,UK
449,15,31,Female,-4,1,4 - Somewhat Unexpected,"3 - Yes, but would not be feel nice",1 - cautious,7,1,1 - High,1 - Present,4,4,3,1,1,1,1,US
450,15,31,Female,-4,2,1 - Completely Expected,1 - Absolutely Yes,1 - cautious,14,1,1 - High,1 - Present,4,1,1,1,1,1,1,US
451,15,31,Female,-4,3,1 - Completely Expected,1 - Absolutely Yes,1 - cautious,16,1,1 - High,1 - Present,4,1,1,1,1,1,1,US
452,15,31,Female,-4,4,5 - Very Unexpected,4 - Certainly Not,1 - cautious,11,1,1 - High,1 - Present,4,5,4,1,1,1,1,US
453,15,31,Female,-4,5,2 - Somewhat Expected,1 - Absolutely Yes,1 - cautious,6,1,0 - Low,1 - Present,3,2,1,0,1,1,0,US
454,15,31,Female,-4,6,2 - Somewhat Expected,1 - Absolutely Yes,1 - cautious,4,1,1 - High,0 - None,2,2,1,1,0,1,0,US
455,15,31,Female,-4,7,4 - Somewhat Unexpected,"2 - Yes, a bit inconvenient but manageable",1 - cautious,10,1,1 - High,1 - Present,4,4,2,1,1,1,1,US
456,15,31,Female,-4,8,1 - Completely Expected,"3 - Yes, but would not be feel nice",1 - cautious,12,1,1 - High,1 - Present,4,1,3,1,1,1,1,US
457,15,31,Female,-4,9,5 - Very Unexpected,"2 - Yes, a bit inconvenient but manageable",1 - cautious,9,1,1 - High,0 - None,2,5,2,1,0,1,0,US
458,15,31,Female,-4,10,2 - Somewhat Expected,"3 - Yes, but would not be feel nice",1 - cautious,8,1,1 - High,0 - None,2,2,3,1,0,1,0,US
459,15,31,Female,-4,11,1 - Completely Expected,"3 - Yes, but would not be feel nice",1 - cautious,13,1,0 - Low,0 - None,1,1,3,0,0,1,0,US
460,15,31,Female,-4,12,4 - Somewhat Unexpected,"2 - Yes, a bit inconvenient but manageable",1 - cautious,12,2,0 - Low,1 - Present,3,4,2,0,1,1,0,US
461,15,31,Female,-4,13,2 - Somewhat Expected,"3 - Yes, but would not be feel nice",1 - cautious,7,2,1 - High,0 - None,2,2,3,1,0,1,0,US
462,15,31,Female,-4,14,1 - Completely Expected,1 - Absolutely Yes,1 - cautious,4,2,1 - High,0 - None,2,1,1,1,0,1,0,US
463,15,31,Female,-4,15,4 - Somewhat Unexpected,"2 - Yes, a bit inconvenient but manageable",1 - cautious,15,1,0 - Low,1 - Present,3,4,2,0,1,1,0,US
464,15,31,Female,-4,16,5 - Very Unexpected,4 - Certainly Not,1 - cautious,2,1,0 - Low,1 - Present,3,5,4,0,1,1,0,US
465,15,31,Female,-4,17,1 - Completely Expected,1 - Absolutely Yes,1 - cautious,8,2,0 - Low,0 - None,1,1,1,0,0,1,0,US
466,15,31,Female,-4,18,1 - Completely Expected,1 - Absolutely Yes,1 - cautious,2,2,1 - High,0 - None,2,1,1,1,0,1,0,US
467,15,31,Female,-4,19,4 - Somewhat Unexpected,"2 - Yes, a bit inconvenient but manageable",1 - cautious,1,1,0 - Low,1 - Present,3,4,2,0,1,1,0,US
468,15,31,Female,-4,20,4 - Somewhat Unexpected,"2 - Yes, a bit inconvenient but manageable",1 - cautious,6,2,0 - Low,0 - None,1,4,2,0,0,1,0,US
469,15,31,Female,-4,21,1 - Completely Expected,1 - Absolutely Yes,1 - cautious,15,2,1 - High,0 - None,2,1,1,1,0,1,0,US
470,15,31,Female,-4,22,1 - Completely Expected,1 - Absolutely Yes,1 - cautious,16,2,0 - Low,0 - None,1,1,1,0,0,1,0,US
471,15,31,Female,-4,23,1 - Completely Expected,1 - Absolutely Yes,1 - cautious,3,1,0 - Low,1 - Present,3,1,1,0,1,1,0,US
472,15,31,Female,-4,24,5 - Very Unexpected,4 - Certainly Not,1 - cautious,5,1,1 - High,1 - Present,4,5,4,1,1,1,1,US
473,15,31,Female,-4,25,1 - Completely Expected,1 - Absolutely Yes,1 - cautious,1,2,0 - Low,0 - None,1,1,1,0,0,1,0,US
474,15,31,Female,-4,26,1 - Completely Expected,1 - Absolutely Yes,1 - cautious,14,2,1 - High,0 - None,2,1,1,1,0,1,0,US
475,15,31,Female,-4,27,1 - Completely Expected,1 - Absolutely Yes,1 - cautious,3,2,0 - Low,0 - None,1,1,1,0,0,1,0,US
476,15,31,Female,-4,28,1 - Completely Expected,1 - Absolutely Yes,1 - cautious,11,2,1 - High,1 - Present,4,1,1,1,1,1,1,US
477,15,31,Female,-4,29,4 - Somewhat Unexpected,"3 - Yes, but would not be feel nice",1 - cautious,13,2,0 - Low,1 - Present,3,4,3,0,1,1,0,US
478,15,31,Female,-4,30,1 - Completely Expected,1 - Absolutely Yes,1 - cautious,5,2,0 - Low,0 - None,1,1,1,0,0,1,0,US
479,15,31,Female,-4,31,1 - Completely Expected,1 - Absolutely Yes,1 - cautious,10,2,0 - Low,1 - Present,3,1,1,0,1,1,0,US
480,15,31,Female,-4,32,1 - Completely Expected,1 - Absolutely Yes,1 - cautious,9,2,0 - Low,0 - None,1,1,1,0,0,1,0,US
481,16,22,Female,1,1,2 - Somewhat Expected,"2 - Yes, a bit inconvenient but manageable",1 - cautious,9,1,1 - High,0 - None,2,2,2,1,0,1,0,UK
482,16,22,Female,1,2,1 - Completely Expected,1 - Absolutely Yes,1 - cautious,10,1,0 - Low,0 - None,1,1,1,0,0,1,0,UK
483,16,22,Female,1,3,2 - Somewhat Expected,4 - Certainly Not,1 - cautious,13,1,0 - Low,0 - None,1,2,4,0,0,1,0,UK
484,16,22,Female,1,4,2 - Somewhat Expected,"3 - Yes, but would not be feel nice",1 - cautious,6,1,0 - Low,0 - None,1,2,3,0,0,1,0,UK
485,16,22,Female,1,5,2 - Somewhat Expected,1 - Absolutely Yes,1 - cautious,3,1,0 - Low,0 - None,1,2,1,0,0,1,0,UK
486,16,22,Female,1,6,2 - Somewhat Expected,1 - Absolutely Yes,1 - cautious,2,1,0 - Low,0 - None,1,2,1,0,0,1,0,UK
487,16,22,Female,1,7,5 - Very Unexpected,4 - Certainly Not,1 - cautious,3,2,1 - High,1 - Present,4,5,4,1,1,1,1,UK
488,16,22,Female,1,8,1 - Completely Expected,"3 - Yes, but would not be feel nice",1 - cautious,5,1,1 - High,0 - None,2,1,3,1,0,1,0,UK
489,16,22,Female,1,9,2 - Somewhat Expected,4 - Certainly Not,1 - cautious,6,2,0 - Low,1 - Present,3,2,4,0,1,1,0,UK
490,16,22,Female,1,10,1 - Completely Expected,1 - Absolutely Yes,1 - cautious,4,1,1 - High,0 - None,2,1,1,1,0,1,0,UK
491,16,22,Female,1,11,5 - Very Unexpected,4 - Certainly Not,1 - cautious,15,1,1 - High,1 - Present,4,5,4,1,1,1,1,UK
492,16,22,Female,1,12,5 - Very Unexpected,4 - Certainly Not,1 - cautious,12,1,0 - Low,1 - Present,3,5,4,0,1,1,0,UK
493,16,22,Female,1,13,1 - Completely Expected,1 - Absolutely Yes,1 - cautious,10,2,1 - High,0 - None,2,1,1,1,0,1,0,UK
494,16,22,Female,1,14,1 - Completely Expected,1 - Absolutely Yes,1 - cautious,8,1,1 - High,0 - None,2,1,1,1,0,1,0,UK
495,16,22,Female,1,15,4 - Somewhat Unexpected,"2 - Yes, a bit inconvenient but manageable",1 - cautious,1,1,0 - Low,1 - Present,3,4,2,0,1,1,0,UK
496,16,22,Female,1,16,5 - Very Unexpected,4 - Certainly Not,1 - cautious,14,1,0 - Low,1 - Present,3,5,4,0,1,1,0,UK
497,16,22,Female,1,17,4 - Somewhat Unexpected,"3 - Yes, but would not be feel nice",1 - cautious,7,1,0 - Low,0 - None,1,4,3,0,0,1,0,UK
498,16,22,Female,1,18,4 - Somewhat Unexpected,"3 - Yes, but would not be feel nice",1 - cautious,16,1,0 - Low,1 - Present,3,4,3,0,1,1,0,UK
499,16,22,Female,1,19,1 - Completely Expected,1 - Absolutely Yes,1 - cautious,16,2,0 - Low,0 - None,1,1,1,0,0,1,0,UK
500,16,22,Female,1,20,5 - Very Unexpected,4 - Certainly Not,1 - cautious,14,2,0 - Low,1 - Present,3,5,4,0,1,1,0,UK
501,16,22,Female,1,21,5 - Very Unexpected,4 - Certainly Not,1 - cautious,12,2,0 - Low,1 - Present,3,5,4,0,1,1,0,UK
502,16,22,Female,1,22,2 - Somewhat Expected,1 - Absolutely Yes,1 - cautious,2,2,1 - High,0 - None,2,2,1,1,0,1,0,UK
503,16,22,Female,1,23,4 - Somewhat Unexpected,4 - Certainly Not,1 - cautious,11,1,1 - High,1 - Present,4,4,4,1,1,1,1,UK
504,16,22,Female,1,24,5 - Very Unexpected,4 - Certainly Not,1 - cautious,8,2,1 - High,1 - Present,4,5,4,1,1,1,1,UK
505,16,22,Female,1,25,5 - Very Unexpected,4 - Certainly Not,1 - cautious,15,2,1 - High,1 - Present,4,5,4,1,1,1,1,UK
506,16,22,Female,1,26,5 - Very Unexpected,4 - Certainly Not,1 - cautious,13,2,1 - High,1 - Present,4,5,4,1,1,1,1,UK
507,16,22,Female,1,27,1 - Completely Expected,"3 - Yes, but would not be feel nice",1 - cautious,5,2,1 - High,0 - None,2,1,3,1,0,1,0,UK
508,16,22,Female,1,28,4 - Somewhat Unexpected,4 - Certainly Not,1 - cautious,7,2,1 - High,1 - Present,4,4,4,1,1,1,1,UK
509,16,22,Female,1,29,4 - Somewhat Unexpected,"3 - Yes, but would not be feel nice",1 - cautious,1,2,0 - Low,1 - Present,3,4,3,0,1,1,0,UK
510,16,22,Female,1,30,2 - Somewhat Expected,"3 - Yes, but would not be feel nice",1 - cautious,9,2,1 - High,0 - None,2,2,3,1,0,1,0,UK
511,16,22,Female,1,31,5 - Very Unexpected,4 - Certainly Not,1 - cautious,11,2,1 - High,1 - Present,4,5,4,1,1,1,1,UK
512,16,22,Female,1,32,2 - Somewhat Expected,1 - Absolutely Yes,1 - cautious,4,2,0 - Low,0 - None,1,2,1,0,0,1,0,UK
513,17,64,Male,1,1,1 - Completely Expected,1 - Absolutely Yes,0 - adventurous,6,1,1 - High,0 - None,2,1,1,1,0,0,0,UK
514,17,64,Male,1,2,2 - Somewhat Expected,1 - Absolutely Yes,0 - adventurous,8,1,0 - Low,0 - None,1,2,1,0,0,0,0,UK
515,17,64,Male,1,3,4 - Somewhat Unexpected,1 - Absolutely Yes,0 - adventurous,10,1,0 - Low,1 - Present,3,4,1,0,1,0,0,UK
516,17,64,Male,1,4,4 - Somewhat Unexpected,"2 - Yes, a bit inconvenient but manageable",0 - adventurous,15,1,0 - Low,1 - Present,3,4,2,0,1,0,0,UK
517,17,64,Male,1,5,1 - Completely Expected,1 - Absolutely Yes,0 - adventurous,1,1,1 - High,0 - None,2,1,1,1,0,0,0,UK
518,17,64,Male,1,6,1 - Completely Expected,"3 - Yes, but would not be feel nice",0 - adventurous,16,1,0 - Low,0 - None,1,1,3,0,0,0,0,UK
519,17,64,Male,1,7,1 - Completely Expected,1 - Absolutely Yes,0 - adventurous,5,1,1 - High,0 - None,2,1,1,1,0,0,0,UK
520,17,64,Male,1,8,5 - Very Unexpected,"2 - Yes, a bit inconvenient but manageable",0 - adventurous,14,1,1 - High,1 - Present,4,5,2,1,1,0,1,UK
521,17,64,Male,1,9,2 - Somewhat Expected,1 - Absolutely Yes,0 - adventurous,1,2,0 - Low,0 - None,1,2,1,0,0,0,0,UK
522,17,64,Male,1,10,1 - Completely Expected,1 - Absolutely Yes,0 - adventurous,4,1,0 - Low,0 - None,1,1,1,0,0,0,0,UK
523,17,64,Male,1,11,1 - Completely Expected,1 - Absolutely Yes,0 - adventurous,11,1,1 - High,0 - None,2,1,1,1,0,0,0,UK
524,17,64,Male,1,12,4 - Somewhat Unexpected,1 - Absolutely Yes,0 - adventurous,10,2,0 - Low,1 - Present,3,4,1,0,1,0,0,UK
525,17,64,Male,1,13,5 - Very Unexpected,1 - Absolutely Yes,0 - adventurous,4,2,1 - High,1 - Present,4,5,1,1,1,0,1,UK
526,17,64,Male,1,14,4 - Somewhat Unexpected,1 - Absolutely Yes,0 - adventurous,14,2,0 - Low,1 - Present,3,4,1,0,1,0,0,UK
527,17,64,Male,1,15,1 - Completely Expected,1 - Absolutely Yes,0 - adventurous,13,1,1 - High,0 - None,2,1,1,1,0,0,0,UK
528,17,64,Male,1,16,4 - Somewhat Unexpected,1 - Absolutely Yes,0 - adventurous,3,1,0 - Low,1 - Present,3,4,1,0,1,0,0,UK
529,17,64,Male,1,17,1 - Completely Expected,1 - Absolutely Yes,0 - adventurous,13,2,1 - High,0 - None,2,1,1,1,0,0,0,UK
530,17,64,Male,1,18,4 - Somewhat Unexpected,1 - Absolutely Yes,0 - adventurous,3,2,0 - Low,1 - Present,3,4,1,0,1,0,0,UK
531,17,64,Male,1,19,1 - Completely Expected,1 - Absolutely Yes,0 - adventurous,12,1,0 - Low,0 - None,1,1,1,0,0,0,0,UK
532,17,64,Male,1,20,5 - Very Unexpected,1 - Absolutely Yes,0 - adventurous,2,1,1 - High,1 - Present,4,5,1,1,1,0,1,UK
533,17,64,Male,1,21,1 - Completely Expected,1 - Absolutely Yes,0 - adventurous,12,2,0 - Low,0 - None,1,1,1,0,0,0,0,UK
534,17,64,Male,1,22,4 - Somewhat Unexpected,1 - Absolutely Yes,0 - adventurous,7,1,0 - Low,1 - Present,3,4,1,0,1,0,0,UK
535,17,64,Male,1,23,5 - Very Unexpected,"2 - Yes, a bit inconvenient but manageable",0 - adventurous,11,2,1 - High,1 - Present,4,5,2,1,1,0,1,UK
536,17,64,Male,1,24,4 - Somewhat Unexpected,4 - Certainly Not,0 - adventurous,6,2,1 - High,1 - Present,4,4,4,1,1,0,1,UK
537,17,64,Male,1,25,4 - Somewhat Unexpected,1 - Absolutely Yes,0 - adventurous,9,1,1 - High,1 - Present,4,4,1,1,1,0,1,UK
538,17,64,Male,1,26,1 - Completely Expected,"3 - Yes, but would not be feel nice",0 - adventurous,16,2,1 - High,0 - None,2,1,3,1,0,0,0,UK
539,17,64,Male,1,27,2 - Somewhat Expected,1 - Absolutely Yes,0 - adventurous,15,2,0 - Low,0 - None,1,2,1,0,0,0,0,UK
540,17,64,Male,1,28,4 - Somewhat Unexpected,1 - Absolutely Yes,0 - adventurous,2,2,1 - High,1 - Present,4,4,1,1,1,0,1,UK
541,17,64,Male,1,29,2 - Somewhat Expected,1 - Absolutely Yes,0 - adventurous,8,2,1 - High,1 - Present,4,2,1,1,1,0,1,UK
542,17,64,Male,1,30,1 - Completely Expected,1 - Absolutely Yes,0 - adventurous,7,2,0 - Low,0 - None,1,1,1,0,0,0,0,UK
543,17,64,Male,1,31,1 - Completely Expected,1 - Absolutely Yes,0 - adventurous,5,2,1 - High,0 - None,2,1,1,1,0,0,0,UK
544,17,64,Male,1,32,2 - Somewhat Expected,"2 - Yes, a bit inconvenient but manageable",0 - adventurous,9,2,0 - Low,1 - Present,3,2,2,0,1,0,0,UK
545,18,55,Female,1,1,4 - Somewhat Unexpected,1 - Absolutely Yes,0 - adventurous,16,1,1 - High,1 - Present,4,4,1,1,1,0,1,UK
546,18,55,Female,1,2,5 - Very Unexpected,"2 - Yes, a bit inconvenient but manageable",0 - adventurous,12,1,0 - Low,1 - Present,3,5,2,0,1,0,0,UK
547,18,55,Female,1,3,2 - Somewhat Expected,1 - Absolutely Yes,0 - adventurous,4,1,1 - High,1 - Present,4,2,1,1,1,0,1,UK
548,18,55,Female,1,4,2 - Somewhat Expected,1 - Absolutely Yes,0 - adventurous,9,1,0 - Low,0 - None,1,2,1,0,0,0,0,UK
549,18,55,Female,1,5,3 - Indifferent / Can't Decide,"3 - Yes, but would not be feel nice",0 - adventurous,14,1,0 - Low,0 - None,1,3,3,0,0,0,0,UK
550,18,55,Female,1,6,2 - Somewhat Expected,1 - Absolutely Yes,0 - adventurous,9,2,0 - Low,0 - None,1,2,1,0,0,0,0,UK
551,18,55,Female,1,7,4 - Somewhat Unexpected,1 - Absolutely Yes,0 - adventurous,6,1,0 - Low,1 - Present,3,4,1,0,1,0,0,UK
552,18,55,Female,1,8,1 - Completely Expected,1 - Absolutely Yes,0 - adventurous,5,1,0 - Low,0 - None,1,1,1,0,0,0,0,UK
553,18,55,Female,1,9,2 - Somewhat Expected,1 - Absolutely Yes,0 - adventurous,10,1,0 - Low,0 - None,1,2,1,0,0,0,0,UK
554,18,55,Female,1,10,3 - Indifferent / Can't Decide,1 - Absolutely Yes,0 - adventurous,12,2,1 - High,0 - None,2,3,1,1,0,0,0,UK
555,18,55,Female,1,11,3 - Indifferent / Can't Decide,1 - Absolutely Yes,0 - adventurous,5,2,1 - High,0 - None,2,3,1,1,0,0,0,UK
556,18,55,Female,1,12,5 - Very Unexpected,"3 - Yes, but would not be feel nice",0 - adventurous,1,1,1 - High,1 - Present,4,5,3,1,1,0,1,UK
557,18,55,Female,1,13,3 - Indifferent / Can't Decide,1 - Absolutely Yes,0 - adventurous,13,1,1 - High,0 - None,2,3,1,1,0,0,0,UK
558,18,55,Female,1,14,4 - Somewhat Unexpected,1 - Absolutely Yes,0 - adventurous,15,1,0 - Low,1 - Present,3,4,1,0,1,0,0,UK
559,18,55,Female,1,15,3 - Indifferent / Can't Decide,"3 - Yes, but would not be feel nice",0 - adventurous,14,2,1 - High,1 - Present,4,3,3,1,1,0,1,UK
560,18,55,Female,1,16,3 - Indifferent / Can't Decide,1 - Absolutely Yes,0 - adventurous,8,1,0 - Low,0 - None,1,3,1,0,0,0,0,UK
561,18,55,Female,1,17,4 - Somewhat Unexpected,1 - Absolutely Yes,0 - adventurous,11,1,1 - High,1 - Present,4,4,1,1,1,0,1,UK
562,18,55,Female,1,18,3 - Indifferent / Can't Decide,"2 - Yes, a bit inconvenient but manageable",0 - adventurous,3,1,0 - Low,0 - None,1,3,2,0,0,0,0,UK
563,18,55,Female,1,19,4 - Somewhat Unexpected,"2 - Yes, a bit inconvenient but manageable",0 - adventurous,6,2,1 - High,1 - Present,4,4,2,1,1,0,1,UK
564,18,55,Female,1,20,5 - Very Unexpected,1 - Absolutely Yes,0 - adventurous,3,2,0 - Low,1 - Present,3,5,1,0,1,0,0,UK
565,18,55,Female,1,21,5 - Very Unexpected,1 - Absolutely Yes,0 - adventurous,8,2,0 - Low,1 - Present,3,5,1,0,1,0,0,UK
566,18,55,Female,1,22,5 - Very Unexpected,"2 - Yes, a bit inconvenient but manageable",0 - adventurous,2,1,1 - High,1 - Present,4,5,2,1,1,0,1,UK
567,18,55,Female,1,23,4 - Somewhat Unexpected,"2 - Yes, a bit inconvenient but manageable",0 - adventurous,10,2,0 - Low,1 - Present,3,4,2,0,1,0,0,UK
568,18,55,Female,1,24,2 - Somewhat Expected,1 - Absolutely Yes,0 - adventurous,4,2,0 - Low,1 - Present,3,2,1,0,1,0,0,UK
569,18,55,Female,1,25,5 - Very Unexpected,"2 - Yes, a bit inconvenient but manageable",0 - adventurous,1,2,1 - High,1 - Present,4,5,2,1,1,0,1,UK
570,18,55,Female,1,26,3 - Indifferent / Can't Decide,4 - Certainly Not,0 - adventurous,7,1,1 - High,0 - None,2,3,4,1,0,0,0,UK
571,18,55,Female,1,27,4 - Somewhat Unexpected,1 - Absolutely Yes,0 - adventurous,15,2,1 - High,0 - None,2,4,1,1,0,0,0,UK
572,18,55,Female,1,28,4 - Somewhat Unexpected,1 - Absolutely Yes,0 - adventurous,13,2,0 - Low,1 - Present,3,4,1,0,1,0,0,UK
573,18,55,Female,1,29,3 - Indifferent / Can't Decide,1 - Absolutely Yes,0 - adventurous,11,2,0 - Low,0 - None,1,3,1,0,0,0,0,UK
574,18,55,Female,1,30,3 - Indifferent / Can't Decide,4 - Certainly Not,0 - adventurous,7,2,1 - High,0 - None,2,3,4,1,0,0,0,UK
575,18,55,Female,1,31,3 - Indifferent / Can't Decide,"2 - Yes, a bit inconvenient but manageable",0 - adventurous,2,2,1 - High,0 - None,2,3,2,1,0,0,0,UK
576,18,55,Female,1,32,4 - Somewhat Unexpected,1 - Absolutely Yes,0 - adventurous,16,2,1 - High,0 - None,2,4,1,1,0,0,0,UK
577,19,35,Female,1,1,4 - Somewhat Unexpected,"2 - Yes, a bit inconvenient but manageable",0 - adventurous,5,1,1 - High,1 - Present,4,4,2,1,1,0,1,UK
578,19,35,Female,1,2,5 - Very Unexpected,4 - Certainly Not,0 - adventurous,2,1,1 - High,1 - Present,4,5,4,1,1,0,1,UK
579,19,35,Female,1,3,1 - Completely Expected,1 - Absolutely Yes,0 - adventurous,7,1,0 - Low,0 - None,1,1,1,0,0,0,0,UK
580,19,35,Female,1,4,2 - Somewhat Expected,"2 - Yes, a bit inconvenient but manageable",0 - adventurous,9,1,1 - High,0 - None,2,2,2,1,0,0,0,UK
581,19,35,Female,1,5,5 - Very Unexpected,4 - Certainly Not,0 - adventurous,11,1,0 - Low,1 - Present,3,5,4,0,1,0,0,UK
582,19,35,Female,1,6,2 - Somewhat Expected,1 - Absolutely Yes,0 - adventurous,14,1,1 - High,1 - Present,4,2,1,1,1,0,1,UK
583,19,35,Female,1,7,4 - Somewhat Unexpected,"2 - Yes, a bit inconvenient but manageable",0 - adventurous,1,1,0 - Low,1 - Present,3,4,2,0,1,0,0,UK
584,19,35,Female,1,8,2 - Somewhat Expected,1 - Absolutely Yes,0 - adventurous,8,1,0 - Low,0 - None,1,2,1,0,0,0,0,UK
585,19,35,Female,1,9,4 - Somewhat Unexpected,"3 - Yes, but would not be feel nice",0 - adventurous,2,2,0 - Low,1 - Present,3,4,3,0,1,0,0,UK
586,19,35,Female,1,10,2 - Somewhat Expected,"2 - Yes, a bit inconvenient but manageable",0 - adventurous,7,2,0 - Low,1 - Present,3,2,2,0,1,0,0,UK
587,19,35,Female,1,11,5 - Very Unexpected,"2 - Yes, a bit inconvenient but manageable",0 - adventurous,15,1,0 - Low,1 - Present,3,5,2,0,1,0,0,UK
588,19,35,Female,1,12,1 - Completely Expected,1 - Absolutely Yes,0 - adventurous,10,1,0 - Low,0 - None,1,1,1,0,0,0,0,UK
589,19,35,Female,1,13,1 - Completely Expected,"2 - Yes, a bit inconvenient but manageable",0 - adventurous,3,1,1 - High,0 - None,2,1,2,1,0,0,0,UK
590,19,35,Female,1,14,2 - Somewhat Expected,"2 - Yes, a bit inconvenient but manageable",0 - adventurous,15,2,1 - High,0 - None,2,2,2,1,0,0,0,UK
591,19,35,Female,1,15,5 - Very Unexpected,"2 - Yes, a bit inconvenient but manageable",0 - adventurous,12,1,1 - High,1 - Present,4,5,2,1,1,0,1,UK
592,19,35,Female,1,16,5 - Very Unexpected,"2 - Yes, a bit inconvenient but manageable",0 - adventurous,10,2,1 - High,1 - Present,4,5,2,1,1,0,1,UK
593,19,35,Female,1,17,1 - Completely Expected,1 - Absolutely Yes,0 - adventurous,12,2,1 - High,0 - None,2,1,1,1,0,0,0,UK
594,19,35,Female,1,18,3 - Indifferent / Can't Decide,"2 - Yes, a bit inconvenient but manageable",0 - adventurous,13,1,0 - Low,1 - Present,3,3,2,0,1,0,0,UK
595,19,35,Female,1,19,4 - Somewhat Unexpected,"2 - Yes, a bit inconvenient but manageable",0 - adventurous,8,2,0 - Low,1 - Present,3,4,2,0,1,0,0,UK
596,19,35,Female,1,20,2 - Somewhat Expected,1 - Absolutely Yes,0 - adventurous,4,1,1 - High,1 - Present,4,2,1,1,1,0,1,UK
597,19,35,Female,1,21,2 - Somewhat Expected,"3 - Yes, but would not be feel nice",0 - adventurous,16,1,0 - Low,0 - None,1,2,3,0,0,0,0,UK
598,19,35,Female,1,22,2 - Somewhat Expected,1 - Absolutely Yes,0 - adventurous,6,1,1 - High,0 - None,2,2,1,1,0,0,0,UK
599,19,35,Female,1,23,4 - Somewhat Unexpected,"2 - Yes, a bit inconvenient but manageable",0 - adventurous,16,2,1 - High,1 - Present,4,4,2,1,1,0,1,UK
600,19,35,Female,1,24,2 - Somewhat Expected,"2 - Yes, a bit inconvenient but manageable",0 - adventurous,9,2,0 - Low,0 - None,1,2,2,0,0,0,0,UK
601,19,35,Female,1,25,1 - Completely Expected,1 - Absolutely Yes,0 - adventurous,4,2,0 - Low,0 - None,1,1,1,0,0,0,0,UK
602,19,35,Female,1,26,3 - Indifferent / Can't Decide,1 - Absolutely Yes,0 - adventurous,11,2,1 - High,0 - None,2,3,1,1,0,0,0,UK
603,19,35,Female,1,27,4 - Somewhat Unexpected,"2 - Yes, a bit inconvenient but manageable",0 - adventurous,6,2,0 - Low,1 - Present,3,4,2,0,1,0,0,UK
604,19,35,Female,1,28,3 - Indifferent / Can't Decide,"2 - Yes, a bit inconvenient but manageable",0 - adventurous,1,2,0 - Low,0 - None,1,3,2,0,0,0,0,UK
605,19,35,Female,1,29,1 - Completely Expected,1 - Absolutely Yes,0 - adventurous,13,2,1 - High,0 - None,2,1,1,1,0,0,0,UK
606,19,35,Female,1,30,4 - Somewhat Unexpected,1 - Absolutely Yes,0 - adventurous,3,2,0 - Low,0 - None,1,4,1,0,0,0,0,UK
607,19,35,Female,1,31,1 - Completely Expected,1 - Absolutely Yes,0 - adventurous,14,2,1 - High,0 - None,2,1,1,1,0,0,0,UK
608,19,35,Female,1,32,2 - Somewhat Expected,"2 - Yes, a bit inconvenient but manageable",0 - adventurous,5,2,1 - High,1 - Present,4,2,2,1,1,0,1,UK
609,20,48,Male,-4,1,5 - Very Unexpected,"2 - Yes, a bit inconvenient but manageable",0 - adventurous,8,1,1 - High,1 - Present,4,5,2,1,1,0,1,US
610,20,48,Male,-4,2,1 - Completely Expected,"2 - Yes, a bit inconvenient but manageable",0 - adventurous,14,1,1 - High,0 - None,2,1,2,1,0,0,0,US
611,20,48,Male,-4,3,4 - Somewhat Unexpected,"2 - Yes, a bit inconvenient but manageable",0 - adventurous,7,1,0 - Low,1 - Present,3,4,2,0,1,0,0,US
612,20,48,Male,-4,4,2 - Somewhat Expected,"2 - Yes, a bit inconvenient but manageable",0 - adventurous,10,1,1 - High,0 - None,2,2,2,1,0,0,0,US
613,20,48,Male,-4,5,2 - Somewhat Expected,1 - Absolutely Yes,0 - adventurous,3,1,1 - High,0 - None,2,2,1,1,0,0,0,US
614,20,48,Male,-4,6,5 - Very Unexpected,"2 - Yes, a bit inconvenient but manageable",0 - adventurous,1,1,1 - High,1 - Present,4,5,2,1,1,0,1,US
615,20,48,Male,-4,7,1 - Completely Expected,1 - Absolutely Yes,0 - adventurous,12,1,0 - Low,0 - None,1,1,1,0,0,0,0,US
616,20,48,Male,-4,8,4 - Somewhat Unexpected,"3 - Yes, but would not be feel nice",0 - adventurous,10,2,1 - High,1 - Present,4,4,3,1,1,0,1,US
617,20,48,Male,-4,9,2 - Somewhat Expected,"2 - Yes, a bit inconvenient but manageable",0 - adventurous,9,1,1 - High,1 - Present,4,2,2,1,1,0,1,US
618,20,48,Male,-4,10,2 - Somewhat Expected,"2 - Yes, a bit inconvenient but manageable",0 - adventurous,15,1,1 - High,0 - None,2,2,2,1,0,0,0,US
619,20,48,Male,-4,11,1 - Completely Expected,1 - Absolutely Yes,0 - adventurous,14,2,0 - Low,0 - None,1,1,1,0,0,0,0,US
620,20,48,Male,-4,12,2 - Somewhat Expected,1 - Absolutely Yes,0 - adventurous,4,1,0 - Low,0 - None,1,2,1,0,0,0,0,US
621,20,48,Male,-4,13,5 - Very Unexpected,"2 - Yes, a bit inconvenient but manageable",0 - adventurous,5,1,0 - Low,1 - Present,3,5,2,0,1,0,0,US
622,20,48,Male,-4,14,1 - Completely Expected,1 - Absolutely Yes,0 - adventurous,16,1,1 - High,0 - None,2,1,1,1,0,0,0,US
623,20,48,Male,-4,15,1 - Completely Expected,1 - Absolutely Yes,0 - adventurous,16,2,1 - High,0 - None,2,1,1,1,0,0,0,US
624,20,48,Male,-4,16,1 - Completely Expected,1 - Absolutely Yes,0 - adventurous,12,2,0 - Low,0 - None,1,1,1,0,0,0,0,US
625,20,48,Male,-4,17,1 - Completely Expected,1 - Absolutely Yes,0 - adventurous,4,2,0 - Low,0 - None,1,1,1,0,0,0,0,US
626,20,48,Male,-4,18,1 - Completely Expected,1 - Absolutely Yes,0 - adventurous,9,2,0 - Low,0 - None,1,1,1,0,0,0,0,US
627,20,48,Male,-4,19,1 - Completely Expected,1 - Absolutely Yes,0 - adventurous,6,1,1 - High,0 - None,2,1,1,1,0,0,0,US
628,20,48,Male,-4,20,1 - Completely Expected,1 - Absolutely Yes,0 - adventurous,2,1,0 - Low,1 - Present,3,1,1,0,1,0,0,US
629,20,48,Male,-4,21,1 - Completely Expected,1 - Absolutely Yes,0 - adventurous,13,1,0 - Low,0 - None,1,1,1,0,0,0,0,US
630,20,48,Male,-4,22,5 - Very Unexpected,"2 - Yes, a bit inconvenient but manageable",0 - adventurous,11,1,0 - Low,1 - Present,3,5,2,0,1,0,0,US
631,20,48,Male,-4,23,5 - Very Unexpected,"2 - Yes, a bit inconvenient but manageable",0 - adventurous,6,2,0 - Low,1 - Present,3,5,2,0,1,0,0,US
632,20,48,Male,-4,24,1 - Completely Expected,1 - Absolutely Yes,0 - adventurous,2,2,0 - Low,0 - None,1,1,1,0,0,0,0,US
633,20,48,Male,-4,25,4 - Somewhat Unexpected,"2 - Yes, a bit inconvenient but manageable",0 - adventurous,7,2,0 - Low,1 - Present,3,4,2,0,1,0,0,US
634,20,48,Male,-4,26,5 - Very Unexpected,"3 - Yes, but would not be feel nice",0 - adventurous,5,2,0 - Low,1 - Present,3,5,3,0,1,0,0,US
635,20,48,Male,-4,27,5 - Very Unexpected,4 - Certainly Not,0 - adventurous,15,2,1 - High,1 - Present,4,5,4,1,1,0,1,US
636,20,48,Male,-4,28,5 - Very Unexpected,4 - Certainly Not,0 - adventurous,13,2,1 - High,1 - Present,4,5,4,1,1,0,1,US
637,20,48,Male,-4,29,4 - Somewhat Unexpected,"2 - Yes, a bit inconvenient but manageable",0 - adventurous,8,2,1 - High,1 - Present,4,4,2,1,1,0,1,US
638,20,48,Male,-4,30,5 - Very Unexpected,"2 - Yes, a bit inconvenient but manageable",0 - adventurous,1,2,1 - High,1 - Present,4,5,2,1,1,0,1,US
639,20,48,Male,-4,31,5 - Very Unexpected,4 - Certainly Not,0 - adventurous,11,2,0 - Low,1 - Present,3,5,4,0,1,0,0,US
640,20,48,Male,-4,32,1 - Completely Expected,1 - Absolutely Yes,0 - adventurous,3,2,1 - High,0 - None,2,1,1,1,0,0,0,US
641,21,35,Female,10,1,5 - Very Unexpected,4 - Certainly Not,1 - cautious,6,1,1 - High,1 - Present,4,5,4,1,1,1,1,AU
642,21,35,Female,10,2,5 - Very Unexpected,"2 - Yes, a bit inconvenient but manageable",1 - cautious,8,1,0 - Low,1 - Present,3,5,2,0,1,1,0,AU
643,21,35,Female,10,3,1 - Completely Expected,1 - Absolutely Yes,1 - cautious,15,1,0 - Low,0 - None,1,1,1,0,0,1,0,AU
644,21,35,Female,10,4,1 - Completely Expected,1 - Absolutely Yes,1 - cautious,12,1,0 - Low,1 - Present,3,1,1,0,1,1,0,AU
645,21,35,Female,10,5,1 - Completely Expected,"2 - Yes, a bit inconvenient but manageable",1 - cautious,3,1,1 - High,0 - None,2,1,2,1,0,1,0,AU
646,21,35,Female,10,6,1 - Completely Expected,"2 - Yes, a bit inconvenient but manageable",1 - cautious,16,1,1 - High,0 - None,2,1,2,1,0,1,0,AU
647,21,35,Female,10,7,5 - Very Unexpected,4 - Certainly Not,1 - cautious,4,1,0 - Low,1 - Present,3,5,4,0,1,1,0,AU
648,21,35,Female,10,8,5 - Very Unexpected,"2 - Yes, a bit inconvenient but manageable",1 - cautious,5,1,1 - High,1 - Present,4,5,2,1,1,1,1,AU
649,21,35,Female,10,9,1 - Completely Expected,1 - Absolutely Yes,1 - cautious,16,2,0 - Low,0 - None,1,1,1,0,0,1,0,AU
650,21,35,Female,10,10,1 - Completely Expected,1 - Absolutely Yes,1 - cautious,2,1,1 - High,0 - None,2,1,1,1,0,1,0,AU
651,21,35,Female,10,11,5 - Very Unexpected,4 - Certainly Not,1 - cautious,6,2,1 - High,1 - Present,4,5,4,1,1,1,1,AU
652,21,35,Female,10,12,1 - Completely Expected,1 - Absolutely Yes,1 - cautious,3,2,1 - High,0 - None,2,1,1,1,0,1,0,AU
653,21,35,Female,10,13,4 - Somewhat Unexpected,"2 - Yes, a bit inconvenient but manageable",1 - cautious,14,1,0 - Low,1 - Present,3,4,2,0,1,1,0,AU
654,21,35,Female,10,14,2 - Somewhat Expected,1 - Absolutely Yes,1 - cautious,8,2,1 - High,1 - Present,4,2,1,1,1,1,1,AU
655,21,35,Female,10,15,5 - Very Unexpected,"3 - Yes, but would not be feel nice",1 - cautious,1,1,0 - Low,1 - Present,3,5,3,0,1,1,0,AU
656,21,35,Female,10,16,1 - Completely Expected,1 - Absolutely Yes,1 - cautious,13,1,0 - Low,0 - None,1,1,1,0,0,1,0,AU
657,21,35,Female,10,17,5 - Very Unexpected,4 - Certainly Not,1 - cautious,2,2,1 - High,1 - Present,4,5,4,1,1,1,1,AU
658,21,35,Female,10,18,4 - Somewhat Unexpected,"2 - Yes, a bit inconvenient but manageable",1 - cautious,15,2,1 - High,1 - Present,4,4,2,1,1,1,1,AU
659,21,35,Female,10,19,1 - Completely Expected,1 - Absolutely Yes,1 - cautious,11,1,1 - High,0 - None,2,1,1,1,0,1,0,AU
660,21,35,Female,10,20,5 - Very Unexpected,1 - Absolutely Yes,1 - cautious,13,2,0 - Low,1 - Present,3,5,1,0,1,1,0,AU
661,21,35,Female,10,21,1 - Completely Expected,1 - Absolutely Yes,1 - cautious,14,2,0 - Low,0 - None,1,1,1,0,0,1,0,AU
662,21,35,Female,10,22,4 - Somewhat Unexpected,"2 - Yes, a bit inconvenient but manageable",1 - cautious,12,2,1 - High,1 - Present,4,4,2,1,1,1,1,AU
663,21,35,Female,10,23,1 - Completely Expected,1 - Absolutely Yes,1 - cautious,10,1,0 - Low,0 - None,1,1,1,0,0,1,0,AU
664,21,35,Female,10,24,5 - Very Unexpected,"2 - Yes, a bit inconvenient but manageable",1 - cautious,7,1,1 - High,1 - Present,4,5,2,1,1,1,1,AU
665,21,35,Female,10,25,1 - Completely Expected,1 - Absolutely Yes,1 - cautious,4,2,0 - Low,0 - None,1,1,1,0,0,1,0,AU
666,21,35,Female,10,26,1 - Completely Expected,1 - Absolutely Yes,1 - cautious,5,2,0 - Low,0 - None,1,1,1,0,0,1,0,AU
667,21,35,Female,10,27,1 - Completely Expected,1 - Absolutely Yes,1 - cautious,10,2,1 - High,0 - None,2,1,1,1,0,1,0,AU
668,21,35,Female,10,28,1 - Completely Expected,1 - Absolutely Yes,1 - cautious,9,1,0 - Low,0 - None,1,1,1,0,0,1,0,AU
669,21,35,Female,10,29,1 - Completely Expected,1 - Absolutely Yes,1 - cautious,11,2,1 - High,0 - None,2,1,1,1,0,1,0,AU
670,21,35,Female,10,30,1 - Completely Expected,1 - Absolutely Yes,1 - cautious,7,2,1 - High,0 - None,2,1,1,1,0,1,0,AU
671,21,35,Female,10,31,5 - Very Unexpected,"3 - Yes, but would not be feel nice",1 - cautious,1,2,0 - Low,1 - Present,3,5,3,0,1,1,0,AU
672,21,35,Female,10,32,5 - Very Unexpected,"2 - Yes, a bit inconvenient but manageable",1 - cautious,9,2,0 - Low,1 - Present,3,5,2,0,1,1,0,AU
673,22,35,Female,-6,1,4 - Somewhat Unexpected,4 - Certainly Not,0 - adventurous,15,1,0 - Low,0 - None,1,4,4,0,0,0,0,US
674,22,35,Female,-6,2,1 - Completely Expected,1 - Absolutely Yes,0 - adventurous,3,1,1 - High,0 - None,2,1,1,1,0,0,0,US
675,22,35,Female,-6,3,1 - Completely Expected,1 - Absolutely Yes,0 - adventurous,6,1,1 - High,0 - None,2,1,1,1,0,0,0,US
676,22,35,Female,-6,4,4 - Somewhat Unexpected,1 - Absolutely Yes,0 - adventurous,16,1,0 - Low,0 - None,1,4,1,0,0,0,0,US
677,22,35,Female,-6,5,5 - Very Unexpected,"2 - Yes, a bit inconvenient but manageable",0 - adventurous,5,1,1 - High,1 - Present,4,5,2,1,1,0,1,US
678,22,35,Female,-6,6,4 - Somewhat Unexpected,1 - Absolutely Yes,0 - adventurous,14,1,0 - Low,1 - Present,3,4,1,0,1,0,0,US
679,22,35,Female,-6,7,1 - Completely Expected,1 - Absolutely Yes,0 - adventurous,9,1,0 - Low,0 - None,1,1,1,0,0,0,0,US
680,22,35,Female,-6,8,4 - Somewhat Unexpected,1 - Absolutely Yes,0 - adventurous,7,1,1 - High,1 - Present,4,4,1,1,1,0,1,US
681,22,35,Female,-6,9,5 - Very Unexpected,1 - Absolutely Yes,0 - adventurous,10,1,1 - High,1 - Present,4,5,1,1,1,0,1,US
682,22,35,Female,-6,10,1 - Completely Expected,1 - Absolutely Yes,0 - adventurous,8,1,0 - Low,0 - None,1,1,1,0,0,0,0,US
683,22,35,Female,-6,11,5 - Very Unexpected,4 - Certainly Not,0 - adventurous,11,1,0 - Low,1 - Present,3,5,4,0,1,0,0,US
684,22,35,Female,-6,12,5 - Very Unexpected,4 - Certainly Not,0 - adventurous,1,1,1 - High,1 - Present,4,5,4,1,1,0,1,US
685,22,35,Female,-6,13,4 - Somewhat Unexpected,1 - Absolutely Yes,0 - adventurous,13,1,0 - Low,1 - Present,3,4,1,0,1,0,0,US
686,22,35,Female,-6,14,1 - Completely Expected,1 - Absolutely Yes,0 - adventurous,1,2,0 - Low,0 - None,1,1,1,0,0,0,0,US
687,22,35,Female,-6,15,4 - Somewhat Unexpected,4 - Certainly Not,0 - adventurous,15,2,0 - Low,0 - None,1,4,4,0,0,0,0,US
688,22,35,Female,-6,16,4 - Somewhat Unexpected,1 - Absolutely Yes,0 - adventurous,4,1,1 - High,1 - Present,4,4,1,1,1,0,1,US
689,22,35,Female,-6,17,5 - Very Unexpected,1 - Absolutely Yes,0 - adventurous,10,2,1 - High,1 - Present,4,5,1,1,1,0,1,US
690,22,35,Female,-6,18,5 - Very Unexpected,4 - Certainly Not,0 - adventurous,2,1,0 - Low,1 - Present,3,5,4,0,1,0,0,US
691,22,35,Female,-6,19,1 - Completely Expected,1 - Absolutely Yes,0 - adventurous,12,1,1 - High,0 - None,2,1,1,1,0,0,0,US
692,22,35,Female,-6,20,4 - Somewhat Unexpected,"2 - Yes, a bit inconvenient but manageable",0 - adventurous,5,2,1 - High,1 - Present,4,4,2,1,1,0,1,US
693,22,35,Female,-6,21,2 - Somewhat Expected,"2 - Yes, a bit inconvenient but manageable",0 - adventurous,4,2,1 - High,0 - None,2,2,2,1,0,0,0,US
694,22,35,Female,-6,22,1 - Completely Expected,1 - Absolutely Yes,0 - adventurous,6,2,0 - Low,0 - None,1,1,1,0,0,0,0,US
695,22,35,Female,-6,23,2 - Somewhat Expected,1 - Absolutely Yes,0 - adventurous,7,2,0 - Low,1 - Present,3,2,1,0,1,0,0,US
696,22,35,Female,-6,24,4 - Somewhat Unexpected,1 - Absolutely Yes,0 - adventurous,16,2,0 - Low,0 - None,1,4,1,0,0,0,0,US
697,22,35,Female,-6,25,1 - Completely Expected,1 - Absolutely Yes,0 - adventurous,3,2,1 - High,0 - None,2,1,1,1,0,0,0,US
698,22,35,Female,-6,26,5 - Very Unexpected,4 - Certainly Not,0 - adventurous,11,2,0 - Low,1 - Present,3,5,4,0,1,0,0,US
699,22,35,Female,-6,27,1 - Completely Expected,1 - Absolutely Yes,0 - adventurous,9,2,1 - High,0 - None,2,1,1,1,0,0,0,US
700,22,35,Female,-6,28,1 - Completely Expected,1 - Absolutely Yes,0 - adventurous,2,2,1 - High,0 - None,2,1,1,1,0,0,0,US
701,22,35,Female,-6,29,1 - Completely Expected,1 - Absolutely Yes,0 - adventurous,12,2,1 - High,0 - None,2,1,1,1,0,0,0,US
702,22,35,Female,-6,30,4 - Somewhat Unexpected,"2 - Yes, a bit inconvenient but manageable",0 - adventurous,14,2,0 - Low,1 - Present,3,4,2,0,1,0,0,US
703,22,35,Female,-6,31,4 - Somewhat Unexpected,1 - Absolutely Yes,0 - adventurous,13,2,0 - Low,1 - Present,3,4,1,0,1,0,0,US
704,22,35,Female,-6,32,4 - Somewhat Unexpected,1 - Absolutely Yes,0 - adventurous,8,2,1 - High,1 - Present,4,4,1,1,1,0,1,US
705,23,34,Female,1,1,5 - Very Unexpected,4 - Certainly Not,0 - adventurous,2,1,1 - High,1 - Present,4,5,4,1,1,0,1,UK
706,23,34,Female,1,2,1 - Completely Expected,1 - Absolutely Yes,0 - adventurous,9,1,0 - Low,0 - None,1,1,1,0,0,0,0,UK
707,23,34,Female,1,3,4 - Somewhat Unexpected,"2 - Yes, a bit inconvenient but manageable",0 - adventurous,10,1,0 - Low,1 - Present,3,4,2,0,1,0,0,UK
708,23,34,Female,1,4,1 - Completely Expected,1 - Absolutely Yes,0 - adventurous,13,1,1 - High,0 - None,2,1,1,1,0,0,0,UK
709,23,34,Female,1,5,1 - Completely Expected,"2 - Yes, a bit inconvenient but manageable",0 - adventurous,14,1,1 - High,0 - None,2,1,2,1,0,0,0,UK
710,23,34,Female,1,6,4 - Somewhat Unexpected,"2 - Yes, a bit inconvenient but manageable",0 - adventurous,8,1,1 - High,1 - Present,4,4,2,1,1,0,1,UK
711,23,34,Female,1,7,1 - Completely Expected,1 - Absolutely Yes,0 - adventurous,16,1,1 - High,0 - None,2,1,1,1,0,0,0,UK
712,23,34,Female,1,8,1 - Completely Expected,1 - Absolutely Yes,0 - adventurous,1,1,0 - Low,0 - None,1,1,1,0,0,0,0,UK
713,23,34,Female,1,9,1 - Completely Expected,1 - Absolutely Yes,0 - adventurous,6,1,1 - High,0 - None,2,1,1,1,0,0,0,UK
714,23,34,Female,1,10,5 - Very Unexpected,4 - Certainly Not,0 - adventurous,2,2,1 - High,1 - Present,4,5,4,1,1,0,1,UK
715,23,34,Female,1,11,3 - Indifferent / Can't Decide,"3 - Yes, but would not be feel nice",0 - adventurous,4,1,1 - High,1 - Present,4,3,3,1,1,0,1,UK
716,23,34,Female,1,12,3 - Indifferent / Can't Decide,"3 - Yes, but would not be feel nice",0 - adventurous,4,2,0 - Low,1 - Present,3,3,3,0,1,0,0,UK
717,23,34,Female,1,13,1 - Completely Expected,1 - Absolutely Yes,0 - adventurous,1,2,1 - High,0 - None,2,1,1,1,0,0,0,UK
718,23,34,Female,1,14,4 - Somewhat Unexpected,"3 - Yes, but would not be feel nice",0 - adventurous,14,2,0 - Low,1 - Present,3,4,3,0,1,0,0,UK
719,23,34,Female,1,15,1 - Completely Expected,1 - Absolutely Yes,0 - adventurous,5,1,0 - Low,0 - None,1,1,1,0,0,0,0,UK
720,23,34,Female,1,16,3 - Indifferent / Can't Decide,"3 - Yes, but would not be feel nice",0 - adventurous,7,1,1 - High,1 - Present,4,3,3,1,1,0,1,UK
721,23,34,Female,1,17,5 - Very Unexpected,"3 - Yes, but would not be feel nice",0 - adventurous,12,1,1 - High,1 - Present,4,5,3,1,1,0,1,UK
722,23,34,Female,1,18,3 - Indifferent / Can't Decide,"2 - Yes, a bit inconvenient but manageable",0 - adventurous,3,1,0 - Low,1 - Present,3,3,2,0,1,0,0,UK
723,23,34,Female,1,19,4 - Somewhat Unexpected,4 - Certainly Not,0 - adventurous,15,1,1 - High,1 - Present,4,4,4,1,1,0,1,UK
724,23,34,Female,1,20,1 - Completely Expected,1 - Absolutely Yes,0 - adventurous,16,2,0 - Low,0 - None,1,1,1,0,0,0,0,UK
725,23,34,Female,1,21,4 - Somewhat Unexpected,"3 - Yes, but would not be feel nice",0 - adventurous,13,2,1 - High,1 - Present,4,4,3,1,1,0,1,UK
726,23,34,Female,1,22,1 - Completely Expected,"2 - Yes, a bit inconvenient but manageable",0 - adventurous,8,2,0 - Low,0 - None,1,1,2,0,0,0,0,UK
727,23,34,Female,1,23,4 - Somewhat Unexpected,"2 - Yes, a bit inconvenient but manageable",0 - adventurous,5,2,0 - Low,1 - Present,3,4,2,0,1,0,0,UK
728,23,34,Female,1,24,1 - Completely Expected,"3 - Yes, but would not be feel nice",0 - adventurous,15,2,1 - High,0 - None,2,1,3,1,0,0,0,UK
729,23,34,Female,1,25,4 - Somewhat Unexpected,"2 - Yes, a bit inconvenient but manageable",0 - adventurous,7,2,0 - Low,1 - Present,3,4,2,0,1,0,0,UK
730,23,34,Female,1,26,4 - Somewhat Unexpected,"3 - Yes, but would not be feel nice",0 - adventurous,9,2,0 - Low,1 - Present,3,4,3,0,1,0,0,UK
731,23,34,Female,1,27,5 - Very Unexpected,4 - Certainly Not,0 - adventurous,11,1,0 - Low,1 - Present,3,5,4,0,1,0,0,UK
732,23,34,Female,1,28,1 - Completely Expected,1 - Absolutely Yes,0 - adventurous,11,2,0 - Low,0 - None,1,1,1,0,0,0,0,UK
733,23,34,Female,1,29,1 - Completely Expected,1 - Absolutely Yes,0 - adventurous,6,2,1 - High,0 - None,2,1,1,1,0,0,0,UK
734,23,34,Female,1,30,1 - Completely Expected,1 - Absolutely Yes,0 - adventurous,3,2,1 - High,0 - None,2,1,1,1,0,0,0,UK
735,23,34,Female,1,31,1 - Completely Expected,1 - Absolutely Yes,0 - adventurous,12,2,0 - Low,0 - None,1,1,1,0,0,0,0,UK
736,23,34,Female,1,32,1 - Completely Expected,1 - Absolutely Yes,0 - adventurous,10,2,0 - Low,0 - None,1,1,1,0,0,0,0,UK
737,24,30,Male,-5,1,4 - Somewhat Unexpected,4 - Certainly Not,1 - cautious,16,1,1 - High,0 - None,2,4,4,1,0,1,0,US
738,24,30,Male,-5,2,2 - Somewhat Expected,"2 - Yes, a bit inconvenient but manageable",1 - cautious,4,1,0 - Low,0 - None,1,2,2,0,0,1,0,US
739,24,30,Male,-5,3,1 - Completely Expected,1 - Absolutely Yes,1 - cautious,6,1,0 - Low,1 - Present,3,1,1,0,1,1,0,US
740,24,30,Male,-5,4,5 - Very Unexpected,4 - Certainly Not,1 - cautious,6,2,1 - High,1 - Present,4,5,4,1,1,1,1,US
741,24,30,Male,-5,5,4 - Somewhat Unexpected,4 - Certainly Not,1 - cautious,7,1,1 - High,1 - Present,4,4,4,1,1,1,1,US
742,24,30,Male,-5,6,1 - Completely Expected,4 - Certainly Not,1 - cautious,11,1,1 - High,0 - None,2,1,4,1,0,1,0,US
743,24,30,Male,-5,7,4 - Somewhat Unexpected,"3 - Yes, but would not be feel nice",1 - cautious,2,1,0 - Low,1 - Present,3,4,3,0,1,1,0,US
744,24,30,Male,-5,8,5 - Very Unexpected,4 - Certainly Not,1 - cautious,3,1,1 - High,1 - Present,4,5,4,1,1,1,1,US
745,24,30,Male,-5,9,4 - Somewhat Unexpected,4 - Certainly Not,1 - cautious,5,1,1 - High,0 - None,2,4,4,1,0,1,0,US
746,24,30,Male,-5,10,1 - Completely Expected,4 - Certainly Not,1 - cautious,15,1,1 - High,0 - None,2,1,4,1,0,1,0,US
747,24,30,Male,-5,11,1 - Completely Expected,1 - Absolutely Yes,1 - cautious,7,2,0 - Low,0 - None,1,1,1,0,0,1,0,US
748,24,30,Male,-5,12,1 - Completely Expected,1 - Absolutely Yes,1 - cautious,9,1,0 - Low,0 - None,1,1,1,0,0,1,0,US
749,24,30,Male,-5,13,1 - Completely Expected,4 - Certainly Not,1 - cautious,8,1,1 - High,0 - None,2,1,4,1,0,1,0,US
750,24,30,Male,-5,14,5 - Very Unexpected,"3 - Yes, but would not be feel nice",1 - cautious,10,1,0 - Low,1 - Present,3,5,3,0,1,1,0,US
751,24,30,Male,-5,15,1 - Completely Expected,1 - Absolutely Yes,1 - cautious,2,2,0 - Low,0 - None,1,1,1,0,0,1,0,US
752,24,30,Male,-5,16,4 - Somewhat Unexpected,"3 - Yes, but would not be feel nice",1 - cautious,15,2,0 - Low,1 - Present,3,4,3,0,1,1,0,US
753,24,30,Male,-5,17,5 - Very Unexpected,"3 - Yes, but would not be feel nice",1 - cautious,16,2,0 - Low,1 - Present,3,5,3,0,1,1,0,US
754,24,30,Male,-5,18,1 - Completely Expected,"3 - Yes, but would not be feel nice",1 - cautious,12,1,1 - High,0 - None,2,1,3,1,0,1,0,US
755,24,30,Male,-5,19,1 - Completely Expected,1 - Absolutely Yes,1 - cautious,9,2,0 - Low,0 - None,1,1,1,0,0,1,0,US
756,24,30,Male,-5,20,5 - Very Unexpected,"3 - Yes, but would not be feel nice",1 - cautious,1,1,0 - Low,1 - Present,3,5,3,0,1,1,0,US
757,24,30,Male,-5,21,3 - Indifferent / Can't Decide,"2 - Yes, a bit inconvenient but manageable",1 - cautious,14,1,1 - High,1 - Present,4,3,2,1,1,1,1,US
758,24,30,Male,-5,22,1 - Completely Expected,1 - Absolutely Yes,1 - cautious,10,2,0 - Low,0 - None,1,1,1,0,0,1,0,US
759,24,30,Male,-5,23,1 - Completely Expected,1 - Absolutely Yes,1 - cautious,3,2,0 - Low,0 - None,1,1,1,0,0,1,0,US
760,24,30,Male,-5,24,1 - Completely Expected,1 - Absolutely Yes,1 - cautious,5,2,0 - Low,0 - None,1,1,1,0,0,1,0,US
761,24,30,Male,-5,25,2 - Somewhat Expected,"3 - Yes, but would not be feel nice",1 - cautious,14,2,1 - High,0 - None,2,2,3,1,0,1,0,US
762,24,30,Male,-5,26,5 - Very Unexpected,4 - Certainly Not,1 - cautious,12,2,1 - High,1 - Present,4,5,4,1,1,1,1,US
763,24,30,Male,-5,27,5 - Very Unexpected,4 - Certainly Not,1 - cautious,11,2,0 - Low,1 - Present,3,5,4,0,1,1,0,US
764,24,30,Male,-5,28,1 - Completely Expected,"3 - Yes, but would not be feel nice",1 - cautious,13,1,1 - High,0 - None,2,1,3,1,0,1,0,US
765,24,30,Male,-5,29,1 - Completely Expected,"2 - Yes, a bit inconvenient but manageable",1 - cautious,4,2,1 - High,1 - Present,4,1,2,1,1,1,1,US
766,24,30,Male,-5,30,4 - Somewhat Unexpected,"3 - Yes, but would not be feel nice",1 - cautious,8,2,1 - High,1 - Present,4,4,3,1,1,1,1,US
767,24,30,Male,-5,31,5 - Very Unexpected,"3 - Yes, but would not be feel nice",1 - cautious,13,2,0 - Low,1 - Present,3,5,3,0,1,1,0,US
768,24,30,Male,-5,32,5 - Very Unexpected,4 - Certainly Not,1 - cautious,1,2,1 - High,1 - Present,4,5,4,1,1,1,1,US
769,25,62,Male,1,1,5 - Very Unexpected,1 - Absolutely Yes,1 - cautious,12,1,0 - Low,1 - Present,3,5,1,0,1,1,0,UK
770,25,62,Male,1,2,5 - Very Unexpected,"2 - Yes, a bit inconvenient but manageable",1 - cautious,5,1,1 - High,1 - Present,4,5,2,1,1,1,1,UK
771,25,62,Male,1,3,1 - Completely Expected,1 - Absolutely Yes,1 - cautious,1,1,0 - Low,0 - None,1,1,1,0,0,1,0,UK
772,25,62,Male,1,4,1 - Completely Expected,1 - Absolutely Yes,1 - cautious,2,1,0 - Low,0 - None,1,1,1,0,0,1,0,UK
773,25,62,Male,1,5,5 - Very Unexpected,"2 - Yes, a bit inconvenient but manageable",1 - cautious,4,1,0 - Low,1 - Present,3,5,2,0,1,1,0,UK
774,25,62,Male,1,6,1 - Completely Expected,1 - Absolutely Yes,1 - cautious,4,2,1 - High,0 - None,2,1,1,1,0,1,0,UK
775,25,62,Male,1,7,1 - Completely Expected,1 - Absolutely Yes,1 - cautious,14,1,1 - High,0 - None,2,1,1,1,0,1,0,UK
776,25,62,Male,1,8,5 - Very Unexpected,"2 - Yes, a bit inconvenient but manageable",1 - cautious,15,1,0 - Low,1 - Present,3,5,2,0,1,1,0,UK
777,25,62,Male,1,9,1 - Completely Expected,1 - Absolutely Yes,1 - cautious,9,1,0 - Low,0 - None,1,1,1,0,0,1,0,UK
778,25,62,Male,1,10,1 - Completely Expected,1 - Absolutely Yes,1 - cautious,6,1,0 - Low,0 - None,1,1,1,0,0,1,0,UK
779,25,62,Male,1,11,1 - Completely Expected,1 - Absolutely Yes,1 - cautious,14,2,1 - High,0 - None,2,1,1,1,0,1,0,UK
780,25,62,Male,1,12,5 - Very Unexpected,"3 - Yes, but would not be feel nice",1 - cautious,11,1,1 - High,1 - Present,4,5,3,1,1,1,1,UK
781,25,62,Male,1,13,1 - Completely Expected,"2 - Yes, a bit inconvenient but manageable",1 - cautious,7,1,1 - High,0 - None,2,1,2,1,0,1,0,UK
782,25,62,Male,1,14,1 - Completely Expected,1 - Absolutely Yes,1 - cautious,8,1,1 - High,0 - None,2,1,1,1,0,1,0,UK
783,25,62,Male,1,15,5 - Very Unexpected,"2 - Yes, a bit inconvenient but manageable",1 - cautious,2,2,1 - High,1 - Present,4,5,2,1,1,1,1,UK
784,25,62,Male,1,16,1 - Completely Expected,1 - Absolutely Yes,1 - cautious,3,1,0 - Low,1 - Present,3,1,1,0,1,1,0,UK
785,25,62,Male,1,17,5 - Very Unexpected,1 - Absolutely Yes,1 - cautious,10,1,0 - Low,1 - Present,3,5,1,0,1,1,0,UK
786,25,62,Male,1,18,1 - Completely Expected,1 - Absolutely Yes,1 - cautious,12,2,1 - High,0 - None,2,1,1,1,0,1,0,UK
787,25,62,Male,1,19,1 - Completely Expected,1 - Absolutely Yes,1 - cautious,11,2,0 - Low,0 - None,1,1,1,0,0,1,0,UK
788,25,62,Male,1,20,1 - Completely Expected,1 - Absolutely Yes,1 - cautious,1,2,0 - Low,0 - None,1,1,1,0,0,1,0,UK
789,25,62,Male,1,21,1 - Completely Expected,1 - Absolutely Yes,1 - cautious,13,1,1 - High,0 - None,2,1,1,1,0,1,0,UK
790,25,62,Male,1,22,1 - Completely Expected,1 - Absolutely Yes,1 - cautious,3,2,1 - High,0 - None,2,1,1,1,0,1,0,UK
791,25,62,Male,1,23,1 - Completely Expected,1 - Absolutely Yes,1 - cautious,16,1,0 - Low,0 - None,1,1,1,0,0,1,0,UK
792,25,62,Male,1,24,5 - Very Unexpected,"3 - Yes, but would not be feel nice",1 - cautious,6,2,1 - High,1 - Present,4,5,3,1,1,1,1,UK
793,25,62,Male,1,25,4 - Somewhat Unexpected,1 - Absolutely Yes,1 - cautious,13,2,0 - Low,1 - Present,3,4,1,0,1,1,0,UK
794,25,62,Male,1,26,1 - Completely Expected,1 - Absolutely Yes,1 - cautious,8,2,0 - Low,0 - None,1,1,1,0,0,1,0,UK
795,25,62,Male,1,27,5 - Very Unexpected,"2 - Yes, a bit inconvenient but manageable",1 - cautious,9,2,1 - High,1 - Present,4,5,2,1,1,1,1,UK
796,25,62,Male,1,28,5 - Very Unexpected,"2 - Yes, a bit inconvenient but manageable",1 - cautious,15,2,0 - Low,1 - Present,3,5,2,0,1,1,0,UK
797,25,62,Male,1,29,5 - Very Unexpected,"2 - Yes, a bit inconvenient but manageable",1 - cautious,10,2,1 - High,1 - Present,4,5,2,1,1,1,1,UK
798,25,62,Male,1,30,5 - Very Unexpected,1 - Absolutely Yes,1 - cautious,7,2,0 - Low,1 - Present,3,5,1,0,1,1,0,UK
799,25,62,Male,1,31,5 - Very Unexpected,1 - Absolutely Yes,1 - cautious,16,2,1 - High,1 - Present,4,5,1,1,1,1,1,UK
800,25,62,Male,1,32,5 - Very Unexpected,"2 - Yes, a bit inconvenient but manageable",1 - cautious,5,2,1 - High,1 - Present,4,5,2,1,1,1,1,UK
801,26,27,Female,-4,1,5 - Very Unexpected,4 - Certainly Not,1 - cautious,12,1,0 - Low,1 - Present,3,5,4,0,1,1,0,US
802,26,27,Female,-4,2,4 - Somewhat Unexpected,4 - Certainly Not,1 - cautious,14,1,1 - High,1 - Present,4,4,4,1,1,1,1,US
803,26,27,Female,-4,3,1 - Completely Expected,1 - Absolutely Yes,1 - cautious,2,1,0 - Low,0 - None,1,1,1,0,0,1,0,US
804,26,27,Female,-4,4,5 - Very Unexpected,"3 - Yes, but would not be feel nice",1 - cautious,3,1,1 - High,1 - Present,4,5,3,1,1,1,1,US
805,26,27,Female,-4,5,4 - Somewhat Unexpected,"2 - Yes, a bit inconvenient but manageable",1 - cautious,7,1,0 - Low,1 - Present,3,4,2,0,1,1,0,US
806,26,27,Female,-4,6,3 - Indifferent / Can't Decide,1 - Absolutely Yes,1 - cautious,13,1,0 - Low,1 - Present,3,3,1,0,1,1,0,US
807,26,27,Female,-4,7,5 - Very Unexpected,4 - Certainly Not,1 - cautious,12,2,1 - High,1 - Present,4,5,4,1,1,1,1,US
808,26,27,Female,-4,8,4 - Somewhat Unexpected,"2 - Yes, a bit inconvenient but manageable",1 - cautious,4,1,1 - High,1 - Present,4,4,2,1,1,1,1,US
809,26,27,Female,-4,9,2 - Somewhat Expected,"2 - Yes, a bit inconvenient but manageable",1 - cautious,11,1,1 - High,0 - None,2,2,2,1,0,1,0,US
810,26,27,Female,-4,10,2 - Somewhat Expected,1 - Absolutely Yes,1 - cautious,11,2,0 - Low,0 - None,1,2,1,0,0,1,0,US
811,26,27,Female,-4,11,1 - Completely Expected,"2 - Yes, a bit inconvenient but manageable",1 - cautious,5,1,1 - High,0 - None,2,1,2,1,0,1,0,US
812,26,27,Female,-4,12,1 - Completely Expected,1 - Absolutely Yes,1 - cautious,10,1,0 - Low,0 - None,1,1,1,0,0,1,0,US
813,26,27,Female,-4,13,2 - Somewhat Expected,1 - Absolutely Yes,1 - cautious,8,1,0 - Low,1 - Present,3,2,1,0,1,1,0,US
814,26,27,Female,-4,14,4 - Somewhat Unexpected,"2 - Yes, a bit inconvenient but manageable",1 - cautious,4,2,0 - Low,1 - Present,3,4,2,0,1,1,0,US
815,26,27,Female,-4,15,2 - Somewhat Expected,1 - Absolutely Yes,1 - cautious,9,1,0 - Low,0 - None,1,2,1,0,0,1,0,US
816,26,27,Female,-4,16,3 - Indifferent / Can't Decide,"3 - Yes, but would not be feel nice",1 - cautious,15,1,0 - Low,1 - Present,3,3,3,0,1,1,0,US
817,26,27,Female,-4,17,1 - Completely Expected,1 - Absolutely Yes,1 - cautious,8,2,1 - High,0 - None,2,1,1,1,0,1,0,US
818,26,27,Female,-4,18,1 - Completely Expected,"2 - Yes, a bit inconvenient but manageable",1 - cautious,7,2,1 - High,0 - None,2,1,2,1,0,1,0,US
819,26,27,Female,-4,19,1 - Completely Expected,"2 - Yes, a bit inconvenient but manageable",1 - cautious,1,1,1 - High,0 - None,2,1,2,1,0,1,0,US
820,26,27,Female,-4,20,5 - Very Unexpected,4 - Certainly Not,1 - cautious,6,1,1 - High,1 - Present,4,5,4,1,1,1,1,US
821,26,27,Female,-4,21,1 - Completely Expected,1 - Absolutely Yes,1 - cautious,5,2,0 - Low,0 - None,1,1,1,0,0,1,0,US
822,26,27,Female,-4,22,2 - Somewhat Expected,1 - Absolutely Yes,1 - cautious,9,2,1 - High,0 - None,2,2,1,1,0,1,0,US
823,26,27,Female,-4,23,1 - Completely Expected,1 - Absolutely Yes,1 - cautious,13,2,0 - Low,0 - None,1,1,1,0,0,1,0,US
824,26,27,Female,-4,24,4 - Somewhat Unexpected,"2 - Yes, a bit inconvenient but manageable",1 - cautious,16,1,0 - Low,1 - Present,3,4,2,0,1,1,0,US
825,26,27,Female,-4,25,5 - Very Unexpected,"3 - Yes, but would not be feel nice",1 - cautious,2,2,1 - High,1 - Present,4,5,3,1,1,1,1,US
826,26,27,Female,-4,26,4 - Somewhat Unexpected,4 - Certainly Not,1 - cautious,14,2,0 - Low,0 - None,1,4,4,0,0,1,0,US
827,26,27,Female,-4,27,4 - Somewhat Unexpected,"3 - Yes, but would not be feel nice",1 - cautious,16,2,1 - High,0 - None,2,4,3,1,0,1,0,US
828,26,27,Female,-4,28,1 - Completely Expected,1 - Absolutely Yes,1 - cautious,10,2,0 - Low,0 - None,1,1,1,0,0,1,0,US
829,26,27,Female,-4,29,5 - Very Unexpected,4 - Certainly Not,1 - cautious,3,2,1 - High,1 - Present,4,5,4,1,1,1,1,US
830,26,27,Female,-4,30,1 - Completely Expected,"3 - Yes, but would not be feel nice",1 - cautious,15,2,1 - High,0 - None,2,1,3,1,0,1,0,US
831,26,27,Female,-4,31,4 - Somewhat Unexpected,"2 - Yes, a bit inconvenient but manageable",1 - cautious,1,2,0 - Low,1 - Present,3,4,2,0,1,1,0,US
832,26,27,Female,-4,32,5 - Very Unexpected,4 - Certainly Not,1 - cautious,6,2,1 - High,1 - Present,4,5,4,1,1,1,1,US
833,27,25,Male,10,1,5 - Very Unexpected,1 - Absolutely Yes,0 - adventurous,3,1,0 - Low,1 - Present,3,5,1,0,1,0,0,AU
834,27,25,Male,10,2,4 - Somewhat Unexpected,1 - Absolutely Yes,0 - adventurous,16,1,1 - High,1 - Present,4,4,1,1,1,0,1,AU
835,27,25,Male,10,3,5 - Very Unexpected,1 - Absolutely Yes,0 - adventurous,14,1,1 - High,1 - Present,4,5,1,1,1,0,1,AU
836,27,25,Male,10,4,1 - Completely Expected,1 - Absolutely Yes,0 - adventurous,10,1,1 - High,0 - None,2,1,1,1,0,0,0,AU
837,27,25,Male,10,5,1 - Completely Expected,1 - Absolutely Yes,0 - adventurous,3,2,0 - Low,0 - None,1,1,1,0,0,0,0,AU
838,27,25,Male,10,6,1 - Completely Expected,1 - Absolutely Yes,0 - adventurous,7,1,1 - High,0 - None,2,1,1,1,0,0,0,AU
839,27,25,Male,10,7,1 - Completely Expected,1 - Absolutely Yes,0 - adventurous,16,2,0 - Low,0 - None,1,1,1,0,0,0,0,AU
840,27,25,Male,10,8,4 - Somewhat Unexpected,1 - Absolutely Yes,0 - adventurous,6,1,0 - Low,1 - Present,3,4,1,0,1,0,0,AU
841,27,25,Male,10,9,4 - Somewhat Unexpected,1 - Absolutely Yes,0 - adventurous,6,2,0 - Low,1 - Present,3,4,1,0,1,0,0,AU
842,27,25,Male,10,10,5 - Very Unexpected,1 - Absolutely Yes,0 - adventurous,4,1,1 - High,1 - Present,4,5,1,1,1,0,1,AU
843,27,25,Male,10,11,5 - Very Unexpected,1 - Absolutely Yes,0 - adventurous,4,2,1 - High,1 - Present,4,5,1,1,1,0,1,AU
844,27,25,Male,10,12,1 - Completely Expected,1 - Absolutely Yes,0 - adventurous,13,1,0 - Low,0 - None,1,1,1,0,0,0,0,AU
845,27,25,Male,10,13,5 - Very Unexpected,1 - Absolutely Yes,0 - adventurous,12,1,1 - High,1 - Present,4,5,1,1,1,0,1,AU
846,27,25,Male,10,14,4 - Somewhat Unexpected,4 - Certainly Not,0 - adventurous,15,1,0 - Low,1 - Present,3,4,4,0,1,0,0,AU
847,27,25,Male,10,15,5 - Very Unexpected,1 - Absolutely Yes,0 - adventurous,8,1,1 - High,1 - Present,4,5,1,1,1,0,1,AU
848,27,25,Male,10,16,1 - Completely Expected,1 - Absolutely Yes,0 - adventurous,1,1,1 - High,0 - None,2,1,1,1,0,0,0,AU
849,27,25,Male,10,17,2 - Somewhat Expected,"3 - Yes, but would not be feel nice",0 - adventurous,11,1,1 - High,0 - None,2,2,3,1,0,0,0,AU
850,27,25,Male,10,18,1 - Completely Expected,1 - Absolutely Yes,0 - adventurous,13,2,0 - Low,0 - None,1,1,1,0,0,0,0,AU
851,27,25,Male,10,19,1 - Completely Expected,1 - Absolutely Yes,0 - adventurous,7,2,1 - High,0 - None,2,1,1,1,0,0,0,AU
852,27,25,Male,10,20,1 - Completely Expected,1 - Absolutely Yes,0 - adventurous,1,2,1 - High,0 - None,2,1,1,1,0,0,0,AU
853,27,25,Male,10,21,2 - Somewhat Expected,1 - Absolutely Yes,0 - adventurous,8,2,0 - Low,0 - None,1,2,1,0,0,0,0,AU
854,27,25,Male,10,22,1 - Completely Expected,1 - Absolutely Yes,0 - adventurous,12,2,0 - Low,0 - None,1,1,1,0,0,0,0,AU
855,27,25,Male,10,23,4 - Somewhat Unexpected,4 - Certainly Not,0 - adventurous,15,2,0 - Low,1 - Present,3,4,4,0,1,0,0,AU
856,27,25,Male,10,24,5 - Very Unexpected,1 - Absolutely Yes,0 - adventurous,5,1,0 - Low,1 - Present,3,5,1,0,1,0,0,AU
857,27,25,Male,10,25,5 - Very Unexpected,1 - Absolutely Yes,0 - adventurous,2,1,0 - Low,1 - Present,3,5,1,0,1,0,0,AU
858,27,25,Male,10,26,5 - Very Unexpected,1 - Absolutely Yes,0 - adventurous,9,1,1 - High,1 - Present,4,5,1,1,1,0,1,AU
859,27,25,Male,10,27,5 - Very Unexpected,"3 - Yes, but would not be feel nice",0 - adventurous,5,2,1 - High,0 - None,2,5,3,1,0,0,0,AU
860,27,25,Male,10,28,5 - Very Unexpected,1 - Absolutely Yes,0 - adventurous,10,2,0 - Low,1 - Present,3,5,1,0,1,0,0,AU
861,27,25,Male,10,29,1 - Completely Expected,1 - Absolutely Yes,0 - adventurous,9,2,0 - Low,0 - None,1,1,1,0,0,0,0,AU
862,27,25,Male,10,30,5 - Very Unexpected,1 - Absolutely Yes,0 - adventurous,2,2,1 - High,1 - Present,4,5,1,1,1,0,1,AU
863,27,25,Male,10,31,2 - Somewhat Expected,1 - Absolutely Yes,0 - adventurous,11,2,0 - Low,0 - None,1,2,1,0,0,0,0,AU
864,27,25,Male,10,32,1 - Completely Expected,"2 - Yes, a bit inconvenient but manageable",0 - adventurous,14,2,1 - High,0 - None,2,1,2,1,0,0,0,AU
865,28,53,Male,1,1,4 - Somewhat Unexpected,"2 - Yes, a bit inconvenient but manageable",0 - adventurous,9,1,0 - Low,1 - Present,3,4,2,0,1,0,0,UK
866,28,53,Male,1,2,4 - Somewhat Unexpected,"2 - Yes, a bit inconvenient but manageable",0 - adventurous,10,1,0 - Low,1 - Present,3,4,2,0,1,0,0,UK
867,28,53,Male,1,3,5 - Very Unexpected,"2 - Yes, a bit inconvenient but manageable",0 - adventurous,11,1,1 - High,1 - Present,4,5,2,1,1,0,1,UK
868,28,53,Male,1,4,4 - Somewhat Unexpected,"2 - Yes, a bit inconvenient but manageable",0 - adventurous,7,1,0 - Low,1 - Present,3,4,2,0,1,0,0,UK
869,28,53,Male,1,5,1 - Completely Expected,1 - Absolutely Yes,0 - adventurous,6,1,0 - Low,0 - None,1,1,1,0,0,0,0,UK
870,28,53,Male,1,6,1 - Completely Expected,1 - Absolutely Yes,0 - adventurous,3,1,1 - High,0 - None,2,1,1,1,0,0,0,UK
871,28,53,Male,1,7,4 - Somewhat Unexpected,1 - Absolutely Yes,0 - adventurous,1,1,0 - Low,1 - Present,3,4,1,0,1,0,0,UK
872,28,53,Male,1,8,1 - Completely Expected,1 - Absolutely Yes,0 - adventurous,11,2,0 - Low,0 - None,1,1,1,0,0,0,0,UK
873,28,53,Male,1,9,1 - Completely Expected,"2 - Yes, a bit inconvenient but manageable",0 - adventurous,6,2,1 - High,0 - None,2,1,2,1,0,0,0,UK
874,28,53,Male,1,10,5 - Very Unexpected,"3 - Yes, but would not be feel nice",0 - adventurous,15,1,1 - High,1 - Present,4,5,3,1,1,0,1,UK
875,28,53,Male,1,11,1 - Completely Expected,"2 - Yes, a bit inconvenient but manageable",0 - adventurous,8,1,1 - High,0 - None,2,1,2,1,0,0,0,UK
876,28,53,Male,1,12,1 - Completely Expected,1 - Absolutely Yes,0 - adventurous,12,1,0 - Low,0 - None,1,1,1,0,0,0,0,UK
877,28,53,Male,1,13,1 - Completely Expected,1 - Absolutely Yes,0 - adventurous,13,1,0 - Low,0 - None,1,1,1,0,0,0,0,UK
878,28,53,Male,1,14,4 - Somewhat Unexpected,1 - Absolutely Yes,0 - adventurous,8,2,1 - High,1 - Present,4,4,1,1,1,0,1,UK
879,28,53,Male,1,15,4 - Somewhat Unexpected,1 - Absolutely Yes,0 - adventurous,10,2,0 - Low,1 - Present,3,4,1,0,1,0,0,UK
880,28,53,Male,1,16,4 - Somewhat Unexpected,"2 - Yes, a bit inconvenient but manageable",0 - adventurous,14,1,1 - High,1 - Present,4,4,2,1,1,0,1,UK
881,28,53,Male,1,17,1 - Completely Expected,1 - Absolutely Yes,0 - adventurous,5,1,0 - Low,0 - None,1,1,1,0,0,0,0,UK
882,28,53,Male,1,18,1 - Completely Expected,1 - Absolutely Yes,0 - adventurous,13,2,1 - High,0 - None,2,1,1,1,0,0,0,UK
883,28,53,Male,1,19,4 - Somewhat Unexpected,1 - Absolutely Yes,0 - adventurous,15,2,0 - Low,1 - Present,3,4,1,0,1,0,0,UK
884,28,53,Male,1,20,4 - Somewhat Unexpected,1 - Absolutely Yes,0 - adventurous,9,2,0 - Low,1 - Present,3,4,1,0,1,0,0,UK
885,28,53,Male,1,21,1 - Completely Expected,1 - Absolutely Yes,0 - adventurous,16,1,1 - High,0 - None,2,1,1,1,0,0,0,UK
886,28,53,Male,1,22,4 - Somewhat Unexpected,1 - Absolutely Yes,0 - adventurous,4,1,0 - Low,1 - Present,3,4,1,0,1,0,0,UK
887,28,53,Male,1,23,1 - Completely Expected,"2 - Yes, a bit inconvenient but manageable",0 - adventurous,5,2,1 - High,0 - None,2,1,2,1,0,0,0,UK
888,28,53,Male,1,24,1 - Completely Expected,"2 - Yes, a bit inconvenient but manageable",0 - adventurous,14,2,0 - Low,0 - None,1,1,2,0,0,0,0,UK
889,28,53,Male,1,25,5 - Very Unexpected,"2 - Yes, a bit inconvenient but manageable",0 - adventurous,2,1,1 - High,1 - Present,4,5,2,1,1,0,1,UK
890,28,53,Male,1,26,5 - Very Unexpected,"2 - Yes, a bit inconvenient but manageable",0 - adventurous,3,2,1 - High,1 - Present,4,5,2,1,1,0,1,UK
891,28,53,Male,1,27,1 - Completely Expected,1 - Absolutely Yes,0 - adventurous,16,2,1 - High,0 - None,2,1,1,1,0,0,0,UK
892,28,53,Male,1,28,1 - Completely Expected,1 - Absolutely Yes,0 - adventurous,1,2,0 - Low,0 - None,1,1,1,0,0,0,0,UK
893,28,53,Male,1,29,1 - Completely Expected,"2 - Yes, a bit inconvenient but manageable",0 - adventurous,2,2,1 - High,0 - None,2,1,2,1,0,0,0,UK
894,28,53,Male,1,30,4 - Somewhat Unexpected,1 - Absolutely Yes,0 - adventurous,4,2,1 - High,1 - Present,4,4,1,1,1,0,1,UK
895,28,53,Male,1,31,5 - Very Unexpected,"2 - Yes, a bit inconvenient but manageable",0 - adventurous,12,2,1 - High,1 - Present,4,5,2,1,1,0,1,UK
896,28,53,Male,1,32,1 - Completely Expected,"2 - Yes, a bit inconvenient but manageable",0 - adventurous,7,2,0 - Low,0 - None,1,1,2,0,0,0,0,UK
897,29,38,Female,1,1,4 - Somewhat Unexpected,"2 - Yes, a bit inconvenient but manageable",0 - adventurous,7,1,1 - High,1 - Present,4,4,2,1,1,0,1,UK
898,29,38,Female,1,2,4 - Somewhat Unexpected,"2 - Yes, a bit inconvenient but manageable",0 - adventurous,2,1,0 - Low,1 - Present,3,4,2,0,1,0,0,UK
899,29,38,Female,1,3,1 - Completely Expected,1 - Absolutely Yes,0 - adventurous,4,1,0 - Low,0 - None,1,1,1,0,0,0,0,UK
900,29,38,Female,1,4,5 - Very Unexpected,4 - Certainly Not,0 - adventurous,9,1,1 - High,1 - Present,4,5,4,1,1,0,1,UK
901,29,38,Female,1,5,5 - Very Unexpected,4 - Certainly Not,0 - adventurous,11,1,0 - Low,0 - None,1,5,4,0,0,0,0,UK
902,29,38,Female,1,6,5 - Very Unexpected,4 - Certainly Not,0 - adventurous,11,2,0 - Low,0 - None,1,5,4,0,0,0,0,UK
903,29,38,Female,1,7,5 - Very Unexpected,4 - Certainly Not,0 - adventurous,15,1,0 - Low,1 - Present,3,5,4,0,1,0,0,UK
904,29,38,Female,1,8,1 - Completely Expected,"2 - Yes, a bit inconvenient but manageable",0 - adventurous,10,1,1 - High,0 - None,2,1,2,1,0,0,0,UK
905,29,38,Female,1,9,1 - Completely Expected,"2 - Yes, a bit inconvenient but manageable",0 - adventurous,10,2,1 - High,0 - None,2,1,2,1,0,0,0,UK
906,29,38,Female,1,10,5 - Very Unexpected,"2 - Yes, a bit inconvenient but manageable",0 - adventurous,12,1,1 - High,1 - Present,4,5,2,1,1,0,1,UK
907,29,38,Female,1,11,1 - Completely Expected,"2 - Yes, a bit inconvenient but manageable",0 - adventurous,14,1,1 - High,0 - None,2,1,2,1,0,0,0,UK
908,29,38,Female,1,12,1 - Completely Expected,1 - Absolutely Yes,0 - adventurous,16,1,0 - Low,0 - None,1,1,1,0,0,0,0,UK
909,29,38,Female,1,13,1 - Completely Expected,"2 - Yes, a bit inconvenient but manageable",0 - adventurous,6,1,1 - High,0 - None,2,1,2,1,0,0,0,UK
910,29,38,Female,1,14,1 - Completely Expected,"2 - Yes, a bit inconvenient but manageable",0 - adventurous,7,2,0 - Low,0 - None,1,1,2,0,0,0,0,UK
911,29,38,Female,1,15,5 - Very Unexpected,4 - Certainly Not,0 - adventurous,1,1,1 - High,1 - Present,4,5,4,1,1,0,1,UK
912,29,38,Female,1,16,1 - Completely Expected,1 - Absolutely Yes,0 - adventurous,13,1,0 - Low,0 - None,1,1,1,0,0,0,0,UK
913,29,38,Female,1,17,5 - Very Unexpected,"3 - Yes, but would not be feel nice",0 - adventurous,3,1,1 - High,1 - Present,4,5,3,1,1,0,1,UK
914,29,38,Female,1,18,1 - Completely Expected,"2 - Yes, a bit inconvenient but manageable",0 - adventurous,14,2,1 - High,0 - None,2,1,2,1,0,0,0,UK
915,29,38,Female,1,19,4 - Somewhat Unexpected,"2 - Yes, a bit inconvenient but manageable",0 - adventurous,4,2,1 - High,1 - Present,4,4,2,1,1,0,1,UK
916,29,38,Female,1,20,5 - Very Unexpected,4 - Certainly Not,0 - adventurous,15,2,0 - Low,1 - Present,3,5,4,0,1,0,0,UK
917,29,38,Female,1,21,1 - Completely Expected,1 - Absolutely Yes,0 - adventurous,1,2,0 - Low,0 - None,1,1,1,0,0,0,0,UK
918,29,38,Female,1,22,5 - Very Unexpected,"3 - Yes, but would not be feel nice",0 - adventurous,8,1,0 - Low,1 - Present,3,5,3,0,1,0,0,UK
919,29,38,Female,1,23,5 - Very Unexpected,"2 - Yes, a bit inconvenient but manageable",0 - adventurous,8,2,1 - High,1 - Present,4,5,2,1,1,0,1,UK
920,29,38,Female,1,24,4 - Somewhat Unexpected,4 - Certainly Not,0 - adventurous,6,2,0 - Low,1 - Present,3,4,4,0,1,0,0,UK
921,29,38,Female,1,25,1 - Completely Expected,1 - Absolutely Yes,0 - adventurous,5,1,1 - High,0 - None,2,1,1,1,0,0,0,UK
922,29,38,Female,1,26,5 - Very Unexpected,"3 - Yes, but would not be feel nice",0 - adventurous,13,2,1 - High,1 - Present,4,5,3,1,1,0,1,UK
923,29,38,Female,1,27,1 - Completely Expected,1 - Absolutely Yes,0 - adventurous,16,2,0 - Low,0 - None,1,1,1,0,0,0,0,UK
924,29,38,Female,1,28,1 - Completely Expected,"2 - Yes, a bit inconvenient but manageable",0 - adventurous,12,2,1 - High,0 - None,2,1,2,1,0,0,0,UK
925,29,38,Female,1,29,1 - Completely Expected,"2 - Yes, a bit inconvenient but manageable",0 - adventurous,3,2,1 - High,0 - None,2,1,2,1,0,0,0,UK
926,29,38,Female,1,30,5 - Very Unexpected,"2 - Yes, a bit inconvenient but manageable",0 - adventurous,5,2,0 - Low,1 - Present,3,5,2,0,1,0,0,UK
927,29,38,Female,1,31,5 - Very Unexpected,4 - Certainly Not,0 - adventurous,9,2,0 - Low,1 - Present,3,5,4,0,1,0,0,UK
928,29,38,Female,1,32,5 - Very Unexpected,"2 - Yes, a bit inconvenient but manageable",0 - adventurous,2,2,0 - Low,1 - Present,3,5,2,0,1,0,0,UK
929,30,35,Female,1,1,4 - Somewhat Unexpected,"2 - Yes, a bit inconvenient but manageable",0 - adventurous,14,1,0 - Low,1 - Present,3,4,2,0,1,0,0,UK
930,30,35,Female,1,2,2 - Somewhat Expected,"2 - Yes, a bit inconvenient but manageable",0 - adventurous,3,1,0 - Low,0 - None,1,2,2,0,0,0,0,UK
931,30,35,Female,1,3,4 - Somewhat Unexpected,"3 - Yes, but would not be feel nice",0 - adventurous,10,1,0 - Low,1 - Present,3,4,3,0,1,0,0,UK
932,30,35,Female,1,4,1 - Completely Expected,1 - Absolutely Yes,0 - adventurous,2,1,1 - High,0 - None,2,1,1,1,0,0,0,UK
933,30,35,Female,1,5,5 - Very Unexpected,4 - Certainly Not,0 - adventurous,4,1,0 - Low,1 - Present,3,5,4,0,1,0,0,UK
934,30,35,Female,1,6,1 - Completely Expected,1 - Absolutely Yes,0 - adventurous,11,1,0 - Low,0 - None,1,1,1,0,0,0,0,UK
935,30,35,Female,1,7,5 - Very Unexpected,"2 - Yes, a bit inconvenient but manageable",0 - adventurous,5,1,1 - High,1 - Present,4,5,2,1,1,0,1,UK
936,30,35,Female,1,8,1 - Completely Expected,1 - Absolutely Yes,0 - adventurous,9,1,0 - Low,0 - None,1,1,1,0,0,0,0,UK
937,30,35,Female,1,9,4 - Somewhat Unexpected,"3 - Yes, but would not be feel nice",0 - adventurous,15,1,1 - High,1 - Present,4,4,3,1,1,0,1,UK
938,30,35,Female,1,10,1 - Completely Expected,"2 - Yes, a bit inconvenient but manageable",0 - adventurous,15,2,1 - High,0 - None,2,1,2,1,0,0,0,UK
939,30,35,Female,1,11,4 - Somewhat Unexpected,"2 - Yes, a bit inconvenient but manageable",0 - adventurous,12,1,0 - Low,1 - Present,3,4,2,0,1,0,0,UK
940,30,35,Female,1,12,1 - Completely Expected,"2 - Yes, a bit inconvenient but manageable",0 - adventurous,10,2,1 - High,0 - None,2,1,2,1,0,0,0,UK
941,30,35,Female,1,13,2 - Somewhat Expected,"2 - Yes, a bit inconvenient but manageable",0 - adventurous,5,2,1 - High,0 - None,2,2,2,1,0,0,0,UK
942,30,35,Female,1,14,5 - Very Unexpected,"3 - Yes, but would not be feel nice",0 - adventurous,13,1,1 - High,1 - Present,4,5,3,1,1,0,1,UK
943,30,35,Female,1,15,2 - Somewhat Expected,1 - Absolutely Yes,0 - adventurous,8,1,0 - Low,0 - None,1,2,1,0,0,0,0,UK
944,30,35,Female,1,16,4 - Somewhat Unexpected,"2 - Yes, a bit inconvenient but manageable",0 - adventurous,9,2,1 - High,1 - Present,4,4,2,1,1,0,1,UK
945,30,35,Female,1,17,3 - Indifferent / Can't Decide,"2 - Yes, a bit inconvenient but manageable",0 - adventurous,8,2,0 - Low,1 - Present,3,3,2,0,1,0,0,UK
946,30,35,Female,1,18,1 - Completely Expected,1 - Absolutely Yes,0 - adventurous,7,1,1 - High,0 - None,2,1,1,1,0,0,0,UK
947,30,35,Female,1,19,2 - Somewhat Expected,1 - Absolutely Yes,0 - adventurous,2,2,0 - Low,0 - None,1,2,1,0,0,0,0,UK
948,30,35,Female,1,20,2 - Somewhat Expected,1 - Absolutely Yes,0 - adventurous,16,1,0 - Low,0 - None,1,2,1,0,0,0,0,UK
949,30,35,Female,1,21,5 - Very Unexpected,4 - Certainly Not,0 - adventurous,6,1,1 - High,1 - Present,4,5,4,1,1,0,1,UK
950,30,35,Female,1,22,2 - Somewhat Expected,1 - Absolutely Yes,0 - adventurous,4,2,0 - Low,0 - None,1,2,1,0,0,0,0,UK
951,30,35,Female,1,23,1 - Completely Expected,1 - Absolutely Yes,0 - adventurous,6,2,1 - High,0 - None,2,1,1,1,0,0,0,UK
952,30,35,Female,1,24,1 - Completely Expected,1 - Absolutely Yes,0 - adventurous,12,2,0 - Low,0 - None,1,1,1,0,0,0,0,UK
953,30,35,Female,1,25,5 - Very Unexpected,"2 - Yes, a bit inconvenient but manageable",0 - adventurous,3,2,1 - High,1 - Present,4,5,2,1,1,0,1,UK
954,30,35,Female,1,26,1 - Completely Expected,1 - Absolutely Yes,0 - adventurous,1,1,1 - High,0 - None,2,1,1,1,0,0,0,UK
955,30,35,Female,1,27,5 - Very Unexpected,"2 - Yes, a bit inconvenient but manageable",0 - adventurous,11,2,0 - Low,1 - Present,3,5,2,0,1,0,0,UK
956,30,35,Female,1,28,5 - Very Unexpected,"3 - Yes, but would not be feel nice",0 - adventurous,14,2,1 - High,1 - Present,4,5,3,1,1,0,1,UK
957,30,35,Female,1,29,1 - Completely Expected,1 - Absolutely Yes,0 - adventurous,13,2,1 - High,0 - None,2,1,1,1,0,0,0,UK
958,30,35,Female,1,30,4 - Somewhat Unexpected,"2 - Yes, a bit inconvenient but manageable",0 - adventurous,7,2,0 - Low,1 - Present,3,4,2,0,1,0,0,UK
959,30,35,Female,1,31,4 - Somewhat Unexpected,"3 - Yes, but would not be feel nice",0 - adventurous,16,2,1 - High,1 - Present,4,4,3,1,1,0,1,UK
960,30,35,Female,1,32,4 - Somewhat Unexpected,"2 - Yes, a bit inconvenient but manageable",0 - adventurous,1,2,0 - Low,1 - Present,3,4,2,0,1,0,0,UK
961,31,55,Female,1,1,4 - Somewhat Unexpected,"3 - Yes, but would not be feel nice",0 - adventurous,9,1,0 - Low,1 - Present,3,4,3,0,1,0,0,UK
962,31,55,Female,1,2,1 - Completely Expected,1 - Absolutely Yes,0 - adventurous,16,1,1 - High,1 - Present,4,1,1,1,1,0,1,UK
963,31,55,Female,1,3,1 - Completely Expected,1 - Absolutely Yes,0 - adventurous,11,1,1 - High,0 - None,2,1,1,1,0,0,0,UK
964,31,55,Female,1,4,1 - Completely Expected,1 - Absolutely Yes,0 - adventurous,2,1,0 - Low,0 - None,1,1,1,0,0,0,0,UK
965,31,55,Female,1,5,2 - Somewhat Expected,1 - Absolutely Yes,0 - adventurous,8,1,1 - High,1 - Present,4,2,1,1,1,0,1,UK
966,31,55,Female,1,6,4 - Somewhat Unexpected,"3 - Yes, but would not be feel nice",0 - adventurous,9,2,0 - Low,1 - Present,3,4,3,0,1,0,0,UK
967,31,55,Female,1,7,1 - Completely Expected,1 - Absolutely Yes,0 - adventurous,11,2,1 - High,0 - None,2,1,1,1,0,0,0,UK
968,31,55,Female,1,8,4 - Somewhat Unexpected,1 - Absolutely Yes,0 - adventurous,13,1,0 - Low,1 - Present,3,4,1,0,1,0,0,UK
969,31,55,Female,1,9,5 - Very Unexpected,1 - Absolutely Yes,0 - adventurous,5,1,1 - High,1 - Present,4,5,1,1,1,0,1,UK
970,31,55,Female,1,10,1 - Completely Expected,1 - Absolutely Yes,0 - adventurous,5,2,1 - High,0 - None,2,1,1,1,0,0,0,UK
971,31,55,Female,1,11,1 - Completely Expected,1 - Absolutely Yes,0 - adventurous,4,1,0 - Low,0 - None,1,1,1,0,0,0,0,UK
972,31,55,Female,1,12,5 - Very Unexpected,4 - Certainly Not,0 - adventurous,2,2,0 - Low,1 - Present,3,5,4,0,1,0,0,UK
973,31,55,Female,1,13,5 - Very Unexpected,4 - Certainly Not,0 - adventurous,1,1,1 - High,1 - Present,4,5,4,1,1,0,1,UK
974,31,55,Female,1,14,1 - Completely Expected,1 - Absolutely Yes,0 - adventurous,6,1,0 - Low,0 - None,1,1,1,0,0,0,0,UK
975,31,55,Female,1,15,5 - Very Unexpected,1 - Absolutely Yes,0 - adventurous,14,1,0 - Low,1 - Present,3,5,1,0,1,0,0,UK
976,31,55,Female,1,16,1 - Completely Expected,1 - Absolutely Yes,0 - adventurous,16,2,1 - High,1 - Present,4,1,1,1,1,0,1,UK
977,31,55,Female,1,17,1 - Completely Expected,1 - Absolutely Yes,0 - adventurous,4,2,0 - Low,0 - None,1,1,1,0,0,0,0,UK
978,31,55,Female,1,18,1 - Completely Expected,1 - Absolutely Yes,0 - adventurous,3,1,0 - Low,0 - None,1,1,1,0,0,0,0,UK
979,31,55,Female,1,19,1 - Completely Expected,1 - Absolutely Yes,0 - adventurous,14,2,1 - High,0 - None,2,1,1,1,0,0,0,UK
980,31,55,Female,1,20,5 - Very Unexpected,1 - Absolutely Yes,0 - adventurous,12,1,0 - Low,1 - Present,3,5,1,0,1,0,0,UK
981,31,55,Female,1,21,1 - Completely Expected,1 - Absolutely Yes,0 - adventurous,10,1,0 - Low,0 - None,1,1,1,0,0,0,0,UK
982,31,55,Female,1,22,1 - Completely Expected,1 - Absolutely Yes,0 - adventurous,15,1,1 - High,0 - None,2,1,1,1,0,0,0,UK
983,31,55,Female,1,23,1 - Completely Expected,1 - Absolutely Yes,0 - adventurous,8,2,1 - High,0 - None,2,1,1,1,0,0,0,UK
984,31,55,Female,1,24,5 - Very Unexpected,1 - Absolutely Yes,0 - adventurous,12,2,0 - Low,1 - Present,3,5,1,0,1,0,0,UK
985,31,55,Female,1,25,1 - Completely Expected,1 - Absolutely Yes,0 - adventurous,10,2,0 - Low,0 - None,1,1,1,0,0,0,0,UK
986,31,55,Female,1,26,5 - Very Unexpected,1 - Absolutely Yes,0 - adventurous,13,2,1 - High,1 - Present,4,5,1,1,1,0,1,UK
987,31,55,Female,1,27,5 - Very Unexpected,4 - Certainly Not,0 - adventurous,6,2,1 - High,1 - Present,4,5,4,1,1,0,1,UK
988,31,55,Female,1,28,4 - Somewhat Unexpected,1 - Absolutely Yes,0 - adventurous,7,1,0 - Low,1 - Present,3,4,1,0,1,0,0,UK
989,31,55,Female,1,29,5 - Very Unexpected,"2 - Yes, a bit inconvenient but manageable",0 - adventurous,15,2,1 - High,1 - Present,4,5,2,1,1,0,1,UK
990,31,55,Female,1,30,1 - Completely Expected,1 - Absolutely Yes,0 - adventurous,7,2,1 - High,0 - None,2,1,1,1,0,0,0,UK
991,31,55,Female,1,31,1 - Completely Expected,1 - Absolutely Yes,0 - adventurous,1,2,1 - High,0 - None,2,1,1,1,0,0,0,UK
992,31,55,Female,1,32,1 - Completely Expected,1 - Absolutely Yes,0 - adventurous,3,2,0 - Low,0 - None,1,1,1,0,0,0,0,UK
993,32,36,Female,1,1,1 - Completely Expected,1 - Absolutely Yes,1 - cautious,5,1,1 - High,0 - None,2,1,1,1,0,1,0,UK
994,32,36,Female,1,2,2 - Somewhat Expected,1 - Absolutely Yes,1 - cautious,9,1,1 - High,0 - None,2,2,1,1,0,1,0,UK
995,32,36,Female,1,3,5 - Very Unexpected,4 - Certainly Not,1 - cautious,6,1,1 - High,1 - Present,4,5,4,1,1,1,1,UK
996,32,36,Female,1,4,1 - Completely Expected,"3 - Yes, but would not be feel nice",1 - cautious,15,1,0 - Low,0 - None,1,1,3,0,0,1,0,UK
997,32,36,Female,1,5,4 - Somewhat Unexpected,1 - Absolutely Yes,1 - cautious,10,1,0 - Low,1 - Present,3,4,1,0,1,1,0,UK
998,32,36,Female,1,6,1 - Completely Expected,1 - Absolutely Yes,1 - cautious,16,1,0 - Low,0 - None,1,1,1,0,0,1,0,UK
999,32,36,Female,1,7,1 - Completely Expected,"3 - Yes, but would not be feel nice",1 - cautious,15,2,1 - High,0 - None,2,1,3,1,0,1,0,UK
1000,32,36,Female,1,8,4 - Somewhat Unexpected,"2 - Yes, a bit inconvenient but manageable",1 - cautious,11,1,1 - High,0 - None,2,4,2,1,0,1,0,UK
1001,32,36,Female,1,9,5 - Very Unexpected,"2 - Yes, a bit inconvenient but manageable",1 - cautious,11,2,0 - Low,1 - Present,3,5,2,0,1,1,0,UK
1002,32,36,Female,1,10,2 - Somewhat Expected,"2 - Yes, a bit inconvenient but manageable",1 - cautious,8,1,1 - High,1 - Present,4,2,2,1,1,1,1,UK
1003,32,36,Female,1,11,1 - Completely Expected,1 - Absolutely Yes,1 - cautious,10,2,0 - Low,0 - None,1,1,1,0,0,1,0,UK
1004,32,36,Female,1,12,2 - Somewhat Expected,1 - Absolutely Yes,1 - cautious,7,1,0 - Low,1 - Present,3,2,1,0,1,1,0,UK
1005,32,36,Female,1,13,1 - Completely Expected,"3 - Yes, but would not be feel nice",1 - cautious,14,1,1 - High,0 - None,2,1,3,1,0,1,0,UK
1006,32,36,Female,1,14,5 - Very Unexpected,1 - Absolutely Yes,1 - cautious,9,2,0 - Low,1 - Present,3,5,1,0,1,1,0,UK
1007,32,36,Female,1,15,2 - Somewhat Expected,1 - Absolutely Yes,1 - cautious,3,1,0 - Low,0 - None,1,2,1,0,0,1,0,UK
1008,32,36,Female,1,16,1 - Completely Expected,1 - Absolutely Yes,1 - cautious,13,1,1 - High,0 - None,2,1,1,1,0,1,0,UK
1009,32,36,Female,1,17,5 - Very Unexpected,"2 - Yes, a bit inconvenient but manageable",1 - cautious,1,1,1 - High,1 - Present,4,5,2,1,1,1,1,UK
1010,32,36,Female,1,18,2 - Somewhat Expected,1 - Absolutely Yes,1 - cautious,3,2,0 - Low,0 - None,1,2,1,0,0,1,0,UK
1011,32,36,Female,1,19,1 - Completely Expected,1 - Absolutely Yes,1 - cautious,4,1,1 - High,0 - None,2,1,1,1,0,1,0,UK
1012,32,36,Female,1,20,1 - Completely Expected,1 - Absolutely Yes,1 - cautious,5,2,0 - Low,0 - None,1,1,1,0,0,1,0,UK
1013,32,36,Female,1,21,5 - Very Unexpected,"3 - Yes, but would not be feel nice",1 - cautious,2,1,0 - Low,1 - Present,3,5,3,0,1,1,0,UK
1014,32,36,Female,1,22,1 - Completely Expected,"2 - Yes, a bit inconvenient but manageable",1 - cautious,12,1,1 - High,0 - None,2,1,2,1,0,1,0,UK
1015,32,36,Female,1,23,5 - Very Unexpected,4 - Certainly Not,1 - cautious,6,2,1 - High,1 - Present,4,5,4,1,1,1,1,UK
1016,32,36,Female,1,24,2 - Somewhat Expected,1 - Absolutely Yes,1 - cautious,14,2,1 - High,1 - Present,4,2,1,1,1,1,1,UK
1017,32,36,Female,1,25,1 - Completely Expected,1 - Absolutely Yes,1 - cautious,16,2,0 - Low,0 - None,1,1,1,0,0,1,0,UK
1018,32,36,Female,1,26,5 - Very Unexpected,"2 - Yes, a bit inconvenient but manageable",1 - cautious,1,2,1 - High,1 - Present,4,5,2,1,1,1,1,UK
1019,32,36,Female,1,27,4 - Somewhat Unexpected,1 - Absolutely Yes,1 - cautious,13,2,0 - Low,1 - Present,3,4,1,0,1,1,0,UK
1020,32,36,Female,1,28,5 - Very Unexpected,"3 - Yes, but would not be feel nice",1 - cautious,2,2,1 - High,1 - Present,4,5,3,1,1,1,1,UK
1021,32,36,Female,1,29,2 - Somewhat Expected,1 - Absolutely Yes,1 - cautious,8,2,0 - Low,0 - None,1,2,1,0,0,1,0,UK
1022,32,36,Female,1,30,5 - Very Unexpected,"3 - Yes, but would not be feel nice",1 - cautious,12,2,1 - High,1 - Present,4,5,3,1,1,1,1,UK
1023,32,36,Female,1,31,2 - Somewhat Expected,1 - Absolutely Yes,1 - cautious,7,2,0 - Low,1 - Present,3,2,1,0,1,1,0,UK
1024,32,36,Female,1,32,5 - Very Unexpected,"3 - Yes, but would not be feel nice",1 - cautious,4,2,0 - Low,1 - Present,3,5,3,0,1,1,0,UK
1025,33,36,Male,1,1,5 - Very Unexpected,"3 - Yes, but would not be feel nice",1 - cautious,14,1,0 - Low,0 - None,1,5,3,0,0,1,0,UK
1026,33,36,Male,1,2,1 - Completely Expected,1 - Absolutely Yes,1 - cautious,13,1,0 - Low,0 - None,1,1,1,0,0,1,0,UK
1027,33,36,Male,1,3,2 - Somewhat Expected,"2 - Yes, a bit inconvenient but manageable",1 - cautious,1,1,1 - High,0 - None,2,2,2,1,0,1,0,UK
1028,33,36,Male,1,4,4 - Somewhat Unexpected,"3 - Yes, but would not be feel nice",1 - cautious,12,1,1 - High,1 - Present,4,4,3,1,1,1,1,UK
1029,33,36,Male,1,5,1 - Completely Expected,1 - Absolutely Yes,1 - cautious,5,1,1 - High,0 - None,2,1,1,1,0,1,0,UK
1030,33,36,Male,1,6,2 - Somewhat Expected,1 - Absolutely Yes,1 - cautious,4,1,1 - High,0 - None,2,2,1,1,0,1,0,UK
1031,33,36,Male,1,7,1 - Completely Expected,1 - Absolutely Yes,1 - cautious,13,2,0 - Low,0 - None,1,1,1,0,0,1,0,UK
1032,33,36,Male,1,8,5 - Very Unexpected,"2 - Yes, a bit inconvenient but manageable",1 - cautious,15,1,0 - Low,1 - Present,3,5,2,0,1,1,0,UK
1033,33,36,Male,1,9,2 - Somewhat Expected,"2 - Yes, a bit inconvenient but manageable",1 - cautious,16,1,1 - High,0 - None,2,2,2,1,0,1,0,UK
1034,33,36,Male,1,10,5 - Very Unexpected,"3 - Yes, but would not be feel nice",1 - cautious,1,2,0 - Low,1 - Present,3,5,3,0,1,1,0,UK
1035,33,36,Male,1,11,4 - Somewhat Unexpected,"3 - Yes, but would not be feel nice",1 - cautious,12,2,1 - High,1 - Present,4,4,3,1,1,1,1,UK
1036,33,36,Male,1,12,4 - Somewhat Unexpected,1 - Absolutely Yes,1 - cautious,11,1,0 - Low,0 - None,1,4,1,0,0,1,0,UK
1037,33,36,Male,1,13,1 - Completely Expected,1 - Absolutely Yes,1 - cautious,2,1,0 - Low,0 - None,1,1,1,0,0,1,0,UK
1038,33,36,Male,1,14,5 - Very Unexpected,"3 - Yes, but would not be feel nice",1 - cautious,4,2,1 - High,1 - Present,4,5,3,1,1,1,1,UK
1039,33,36,Male,1,15,3 - Indifferent / Can't Decide,"3 - Yes, but would not be feel nice",1 - cautious,10,1,1 - High,1 - Present,4,3,3,1,1,1,1,UK
1040,33,36,Male,1,16,1 - Completely Expected,1 - Absolutely Yes,1 - cautious,7,1,1 - High,0 - None,2,1,1,1,0,1,0,UK
1041,33,36,Male,1,17,1 - Completely Expected,1 - Absolutely Yes,1 - cautious,16,2,0 - Low,1 - Present,3,1,1,0,1,1,0,UK
1042,33,36,Male,1,18,5 - Very Unexpected,"2 - Yes, a bit inconvenient but manageable",1 - cautious,14,2,1 - High,1 - Present,4,5,2,1,1,1,1,UK
1043,33,36,Male,1,19,2 - Somewhat Expected,1 - Absolutely Yes,1 - cautious,10,2,0 - Low,1 - Present,3,2,1,0,1,1,0,UK
1044,33,36,Male,1,20,5 - Very Unexpected,"2 - Yes, a bit inconvenient but manageable",1 - cautious,5,2,0 - Low,1 - Present,3,5,2,0,1,1,0,UK
1045,33,36,Male,1,21,1 - Completely Expected,1 - Absolutely Yes,1 - cautious,6,1,1 - High,0 - None,2,1,1,1,0,1,0,UK
1046,33,36,Male,1,22,1 - Completely Expected,1 - Absolutely Yes,1 - cautious,6,2,1 - High,0 - None,2,1,1,1,0,1,0,UK
1047,33,36,Male,1,23,2 - Somewhat Expected,1 - Absolutely Yes,1 - cautious,9,1,0 - Low,0 - None,1,2,1,0,0,1,0,UK
1048,33,36,Male,1,24,5 - Very Unexpected,"3 - Yes, but would not be feel nice",1 - cautious,15,2,0 - Low,0 - None,1,5,3,0,0,1,0,UK
1049,33,36,Male,1,25,5 - Very Unexpected,4 - Certainly Not,1 - cautious,2,2,1 - High,1 - Present,4,5,4,1,1,1,1,UK
1050,33,36,Male,1,26,5 - Very Unexpected,"2 - Yes, a bit inconvenient but manageable",1 - cautious,9,2,1 - High,1 - Present,4,5,2,1,1,1,1,UK
1051,33,36,Male,1,27,5 - Very Unexpected,1 - Absolutely Yes,1 - cautious,3,1,0 - Low,1 - Present,3,5,1,0,1,1,0,UK
1052,33,36,Male,1,28,5 - Very Unexpected,4 - Certainly Not,1 - cautious,8,1,0 - Low,1 - Present,3,5,4,0,1,1,0,UK
1053,33,36,Male,1,29,5 - Very Unexpected,"3 - Yes, but would not be feel nice",1 - cautious,7,2,0 - Low,1 - Present,3,5,3,0,1,1,0,UK
1054,33,36,Male,1,30,5 - Very Unexpected,4 - Certainly Not,1 - cautious,11,2,1 - High,1 - Present,4,5,4,1,1,1,1,UK
1055,33,36,Male,1,31,1 - Completely Expected,1 - Absolutely Yes,1 - cautious,8,2,0 - Low,0 - None,1,1,1,0,0,1,0,UK
1056,33,36,Male,1,32,1 - Completely Expected,1 - Absolutely Yes,1 - cautious,3,2,1 - High,0 - None,2,1,1,1,0,1,0,UK
1057,34,60,Male,1,1,1 - Completely Expected,1 - Absolutely Yes,1 - cautious,5,1,0 - Low,0 - None,1,1,1,0,0,1,0,UK
1058,34,60,Male,1,2,5 - Very Unexpected,"2 - Yes, a bit inconvenient but manageable",1 - cautious,3,1,1 - High,1 - Present,4,5,2,1,1,1,1,UK
1059,34,60,Male,1,3,4 - Somewhat Unexpected,"2 - Yes, a bit inconvenient but manageable",1 - cautious,1,1,0 - Low,1 - Present,3,4,2,0,1,1,0,UK
1060,34,60,Male,1,4,5 - Very Unexpected,"3 - Yes, but would not be feel nice",1 - cautious,15,1,1 - High,1 - Present,4,5,3,1,1,1,1,UK
1061,34,60,Male,1,5,1 - Completely Expected,1 - Absolutely Yes,1 - cautious,2,1,1 - High,0 - None,2,1,1,1,0,1,0,UK
1062,34,60,Male,1,6,5 - Very Unexpected,"2 - Yes, a bit inconvenient but manageable",1 - cautious,13,1,1 - High,1 - Present,4,5,2,1,1,1,1,UK
1063,34,60,Male,1,7,5 - Very Unexpected,"2 - Yes, a bit inconvenient but manageable",1 - cautious,4,1,1 - High,1 - Present,4,5,2,1,1,1,1,UK
1064,34,60,Male,1,8,1 - Completely Expected,1 - Absolutely Yes,1 - cautious,9,1,0 - Low,0 - None,1,1,1,0,0,1,0,UK
1065,34,60,Male,1,9,5 - Very Unexpected,4 - Certainly Not,1 - cautious,11,1,1 - High,1 - Present,4,5,4,1,1,1,1,UK
1066,34,60,Male,1,10,2 - Somewhat Expected,"2 - Yes, a bit inconvenient but manageable",1 - cautious,10,1,1 - High,0 - None,2,2,2,1,0,1,0,UK
1067,34,60,Male,1,11,1 - Completely Expected,1 - Absolutely Yes,1 - cautious,16,1,0 - Low,0 - None,1,1,1,0,0,1,0,UK
1068,34,60,Male,1,12,5 - Very Unexpected,4 - Certainly Not,1 - cautious,11,2,0 - Low,1 - Present,3,5,4,0,1,1,0,UK
1069,34,60,Male,1,13,2 - Somewhat Expected,"2 - Yes, a bit inconvenient but manageable",1 - cautious,14,1,1 - High,0 - None,2,2,2,1,0,1,0,UK
1070,34,60,Male,1,14,5 - Very Unexpected,"2 - Yes, a bit inconvenient but manageable",1 - cautious,16,2,1 - High,1 - Present,4,5,2,1,1,1,1,UK
1071,34,60,Male,1,15,2 - Somewhat Expected,"2 - Yes, a bit inconvenient but manageable",1 - cautious,10,2,1 - High,0 - None,2,2,2,1,0,1,0,UK
1072,34,60,Male,1,16,3 - Indifferent / Can't Decide,"3 - Yes, but would not be feel nice",1 - cautious,15,2,0 - Low,0 - None,1,3,3,0,0,1,0,UK
1073,34,60,Male,1,17,3 - Indifferent / Can't Decide,"2 - Yes, a bit inconvenient but manageable",1 - cautious,9,2,0 - Low,0 - None,1,3,2,0,0,1,0,UK
1074,34,60,Male,1,18,4 - Somewhat Unexpected,1 - Absolutely Yes,1 - cautious,8,1,0 - Low,1 - Present,3,4,1,0,1,1,0,UK
1075,34,60,Male,1,19,4 - Somewhat Unexpected,1 - Absolutely Yes,1 - cautious,14,2,0 - Low,1 - Present,3,4,1,0,1,1,0,UK
1076,34,60,Male,1,20,2 - Somewhat Expected,"2 - Yes, a bit inconvenient but manageable",1 - cautious,4,2,1 - High,0 - None,2,2,2,1,0,1,0,UK
1077,34,60,Male,1,21,2 - Somewhat Expected,"2 - Yes, a bit inconvenient but manageable",1 - cautious,3,2,1 - High,0 - None,2,2,2,1,0,1,0,UK
1078,34,60,Male,1,22,5 - Very Unexpected,"3 - Yes, but would not be feel nice",1 - cautious,2,2,0 - Low,1 - Present,3,5,3,0,1,1,0,UK
1079,34,60,Male,1,23,1 - Completely Expected,1 - Absolutely Yes,1 - cautious,13,2,1 - High,0 - None,2,1,1,1,0,1,0,UK
1080,34,60,Male,1,24,4 - Somewhat Unexpected,"2 - Yes, a bit inconvenient but manageable",1 - cautious,8,2,1 - High,1 - Present,4,4,2,1,1,1,1,UK
1081,34,60,Male,1,25,1 - Completely Expected,"2 - Yes, a bit inconvenient but manageable",1 - cautious,7,1,1 - High,0 - None,2,1,2,1,0,1,0,UK
1082,34,60,Male,1,26,1 - Completely Expected,1 - Absolutely Yes,1 - cautious,6,1,0 - Low,0 - None,1,1,1,0,0,1,0,UK
1083,34,60,Male,1,27,5 - Very Unexpected,1 - Absolutely Yes,1 - cautious,12,1,0 - Low,1 - Present,3,5,1,0,1,1,0,UK
1084,34,60,Male,1,28,5 - Very Unexpected,"3 - Yes, but would not be feel nice",1 - cautious,6,2,0 - Low,1 - Present,3,5,3,0,1,1,0,UK
1085,34,60,Male,1,29,5 - Very Unexpected,4 - Certainly Not,1 - cautious,5,2,1 - High,1 - Present,4,5,4,1,1,1,1,UK
1086,34,60,Male,1,30,4 - Somewhat Unexpected,"2 - Yes, a bit inconvenient but manageable",1 - cautious,12,2,0 - Low,1 - Present,3,4,2,0,1,1,0,UK
1087,34,60,Male,1,31,1 - Completely Expected,1 - Absolutely Yes,1 - cautious,7,2,0 - Low,0 - None,1,1,1,0,0,1,0,UK
1088,34,60,Male,1,32,1 - Completely Expected,1 - Absolutely Yes,1 - cautious,1,2,0 - Low,0 - None,1,1,1,0,0,1,0,UK
1089,35,31,Male,-6,1,2 - Somewhat Expected,1 - Absolutely Yes,0 - adventurous,1,1,0 - Low,0 - None,1,2,1,0,0,0,0,US
1090,35,31,Male,-6,2,2 - Somewhat Expected,1 - Absolutely Yes,0 - adventurous,9,1,0 - Low,0 - None,1,2,1,0,0,0,0,US
1091,35,31,Male,-6,3,5 - Very Unexpected,4 - Certainly Not,0 - adventurous,7,1,1 - High,1 - Present,4,5,4,1,1,0,1,US
1092,35,31,Male,-6,4,1 - Completely Expected,"2 - Yes, a bit inconvenient but manageable",0 - adventurous,6,1,1 - High,0 - None,2,1,2,1,0,0,0,US
1093,35,31,Male,-6,5,4 - Somewhat Unexpected,"3 - Yes, but would not be feel nice",0 - adventurous,8,1,1 - High,1 - Present,4,4,3,1,1,0,1,US
1094,35,31,Male,-6,6,2 - Somewhat Expected,1 - Absolutely Yes,0 - adventurous,3,1,0 - Low,1 - Present,3,2,1,0,1,0,0,US
1095,35,31,Male,-6,7,1 - Completely Expected,1 - Absolutely Yes,0 - adventurous,12,1,0 - Low,0 - None,1,1,1,0,0,0,0,US
1096,35,31,Male,-6,8,1 - Completely Expected,1 - Absolutely Yes,0 - adventurous,13,1,0 - Low,0 - None,1,1,1,0,0,0,0,US
1097,35,31,Male,-6,9,5 - Very Unexpected,4 - Certainly Not,0 - adventurous,9,2,1 - High,1 - Present,4,5,4,1,1,0,1,US
1098,35,31,Male,-6,10,4 - Somewhat Unexpected,"2 - Yes, a bit inconvenient but manageable",0 - adventurous,13,2,0 - Low,1 - Present,3,4,2,0,1,0,0,US
1099,35,31,Male,-6,11,2 - Somewhat Expected,1 - Absolutely Yes,0 - adventurous,15,1,0 - Low,1 - Present,3,2,1,0,1,0,0,US
1100,35,31,Male,-6,12,1 - Completely Expected,1 - Absolutely Yes,0 - adventurous,2,1,1 - High,0 - None,2,1,1,1,0,0,0,US
1101,35,31,Male,-6,13,1 - Completely Expected,1 - Absolutely Yes,0 - adventurous,15,2,1 - High,0 - None,2,1,1,1,0,0,0,US
1102,35,31,Male,-6,14,2 - Somewhat Expected,"2 - Yes, a bit inconvenient but manageable",0 - adventurous,6,2,0 - Low,1 - Present,3,2,2,0,1,0,0,US
1103,35,31,Male,-6,15,5 - Very Unexpected,"3 - Yes, but would not be feel nice",0 - adventurous,5,1,1 - High,1 - Present,4,5,3,1,1,0,1,US
1104,35,31,Male,-6,16,1 - Completely Expected,1 - Absolutely Yes,0 - adventurous,16,1,1 - High,0 - None,2,1,1,1,0,0,0,US
1105,35,31,Male,-6,17,5 - Very Unexpected,"2 - Yes, a bit inconvenient but manageable",0 - adventurous,10,1,1 - High,1 - Present,4,5,2,1,1,0,1,US
1106,35,31,Male,-6,18,1 - Completely Expected,1 - Absolutely Yes,0 - adventurous,8,2,0 - Low,1 - Present,3,1,1,0,1,0,0,US
1107,35,31,Male,-6,19,4 - Somewhat Unexpected,4 - Certainly Not,0 - adventurous,10,2,1 - High,0 - None,2,4,4,1,0,0,0,US
1108,35,31,Male,-6,20,1 - Completely Expected,1 - Absolutely Yes,0 - adventurous,4,1,0 - Low,0 - None,1,1,1,0,0,0,0,US
1109,35,31,Male,-6,21,1 - Completely Expected,1 - Absolutely Yes,0 - adventurous,16,2,0 - Low,0 - None,1,1,1,0,0,0,0,US
1110,35,31,Male,-6,22,4 - Somewhat Unexpected,"3 - Yes, but would not be feel nice",0 - adventurous,12,2,0 - Low,1 - Present,3,4,3,0,1,0,0,US
1111,35,31,Male,-6,23,2 - Somewhat Expected,1 - Absolutely Yes,0 - adventurous,14,1,1 - High,1 - Present,4,2,1,1,1,0,1,US
1112,35,31,Male,-6,24,1 - Completely Expected,1 - Absolutely Yes,0 - adventurous,7,2,1 - High,0 - None,2,1,1,1,0,0,0,US
1113,35,31,Male,-6,25,1 - Completely Expected,1 - Absolutely Yes,0 - adventurous,14,2,0 - Low,0 - None,1,1,1,0,0,0,0,US
1114,35,31,Male,-6,26,5 - Very Unexpected,"3 - Yes, but would not be feel nice",0 - adventurous,11,1,0 - Low,1 - Present,3,5,3,0,1,0,0,US
1115,35,31,Male,-6,27,2 - Somewhat Expected,1 - Absolutely Yes,0 - adventurous,3,2,0 - Low,0 - None,1,2,1,0,0,0,0,US
1116,35,31,Male,-6,28,4 - Somewhat Unexpected,1 - Absolutely Yes,0 - adventurous,11,2,1 - High,0 - None,2,4,1,1,0,0,0,US
1117,35,31,Male,-6,29,4 - Somewhat Unexpected,"2 - Yes, a bit inconvenient but manageable",0 - adventurous,2,2,0 - Low,1 - Present,3,4,2,0,1,0,0,US
1118,35,31,Male,-6,30,2 - Somewhat Expected,"2 - Yes, a bit inconvenient but manageable",0 - adventurous,1,2,1 - High,0 - None,2,2,2,1,0,0,0,US
1119,35,31,Male,-6,31,4 - Somewhat Unexpected,"2 - Yes, a bit inconvenient but manageable",0 - adventurous,4,2,1 - High,1 - Present,4,4,2,1,1,0,1,US
1120,35,31,Male,-6,32,4 - Somewhat Unexpected,"3 - Yes, but would not be feel nice",0 - adventurous,5,2,1 - High,1 - Present,4,4,3,1,1,0,1,US
1121,36,55,Male,1,1,5 - Very Unexpected,"2 - Yes, a bit inconvenient but manageable",0 - adventurous,12,1,1 - High,1 - Present,4,5,2,1,1,0,1,UK
1122,36,55,Male,1,2,5 - Very Unexpected,"2 - Yes, a bit inconvenient but manageable",0 - adventurous,9,1,1 - High,1 - Present,4,5,2,1,1,0,1,UK
1123,36,55,Male,1,3,1 - Completely Expected,1 - Absolutely Yes,0 - adventurous,11,1,0 - Low,0 - None,1,1,1,0,0,0,0,UK
1124,36,55,Male,1,4,1 - Completely Expected,1 - Absolutely Yes,0 - adventurous,12,2,1 - High,0 - None,2,1,1,1,0,0,0,UK
1125,36,55,Male,1,5,2 - Somewhat Expected,1 - Absolutely Yes,0 - adventurous,15,1,0 - Low,0 - None,1,2,1,0,0,0,0,UK
1126,36,55,Male,1,6,4 - Somewhat Unexpected,"2 - Yes, a bit inconvenient but manageable",0 - adventurous,15,2,0 - Low,1 - Present,3,4,2,0,1,0,0,UK
1127,36,55,Male,1,7,5 - Very Unexpected,1 - Absolutely Yes,0 - adventurous,3,1,1 - High,1 - Present,4,5,1,1,1,0,1,UK
1128,36,55,Male,1,8,5 - Very Unexpected,4 - Certainly Not,0 - adventurous,11,2,1 - High,1 - Present,4,5,4,1,1,0,1,UK
1129,36,55,Male,1,9,4 - Somewhat Unexpected,"3 - Yes, but would not be feel nice",0 - adventurous,5,1,1 - High,1 - Present,4,4,3,1,1,0,1,UK
1130,36,55,Male,1,10,5 - Very Unexpected,"3 - Yes, but would not be feel nice",0 - adventurous,1,1,1 - High,1 - Present,4,5,3,1,1,0,1,UK
1131,36,55,Male,1,11,1 - Completely Expected,1 - Absolutely Yes,0 - adventurous,7,1,1 - High,0 - None,2,1,1,1,0,0,0,UK
1132,36,55,Male,1,12,1 - Completely Expected,1 - Absolutely Yes,0 - adventurous,3,2,0 - Low,0 - None,1,1,1,0,0,0,0,UK
1133,36,55,Male,1,13,4 - Somewhat Unexpected,1 - Absolutely Yes,0 - adventurous,16,1,1 - High,1 - Present,4,4,1,1,1,0,1,UK
1134,36,55,Male,1,14,1 - Completely Expected,"2 - Yes, a bit inconvenient but manageable",0 - adventurous,10,1,1 - High,0 - None,2,1,2,1,0,0,0,UK
1135,36,55,Male,1,15,5 - Very Unexpected,"2 - Yes, a bit inconvenient but manageable",0 - adventurous,2,1,0 - Low,1 - Present,3,5,2,0,1,0,0,UK
1136,36,55,Male,1,16,1 - Completely Expected,1 - Absolutely Yes,0 - adventurous,6,1,1 - High,0 - None,2,1,1,1,0,0,0,UK
1137,36,55,Male,1,17,1 - Completely Expected,1 - Absolutely Yes,0 - adventurous,8,1,1 - High,0 - None,2,1,1,1,0,0,0,UK
1138,36,55,Male,1,18,1 - Completely Expected,1 - Absolutely Yes,0 - adventurous,13,1,1 - High,0 - None,2,1,1,1,0,0,0,UK
1139,36,55,Male,1,19,1 - Completely Expected,"2 - Yes, a bit inconvenient but manageable",0 - adventurous,1,2,0 - Low,0 - None,1,1,2,0,0,0,0,UK
1140,36,55,Male,1,20,2 - Somewhat Expected,"3 - Yes, but would not be feel nice",0 - adventurous,4,1,0 - Low,1 - Present,3,2,3,0,1,0,0,UK
1141,36,55,Male,1,21,4 - Somewhat Unexpected,1 - Absolutely Yes,0 - adventurous,10,2,0 - Low,1 - Present,3,4,1,0,1,0,0,UK
1142,36,55,Male,1,22,1 - Completely Expected,1 - Absolutely Yes,0 - adventurous,5,2,0 - Low,0 - None,1,1,1,0,0,0,0,UK
1143,36,55,Male,1,23,2 - Somewhat Expected,1 - Absolutely Yes,0 - adventurous,14,1,1 - High,1 - Present,4,2,1,1,1,0,1,UK
1144,36,55,Male,1,24,2 - Somewhat Expected,1 - Absolutely Yes,0 - adventurous,7,2,0 - Low,1 - Present,3,2,1,0,1,0,0,UK
1145,36,55,Male,1,25,1 - Completely Expected,1 - Absolutely Yes,0 - adventurous,14,2,1 - High,0 - None,2,1,1,1,0,0,0,UK
1146,36,55,Male,1,26,1 - Completely Expected,"3 - Yes, but would not be feel nice",0 - adventurous,2,2,0 - Low,0 - None,1,1,3,0,0,0,0,UK
1147,36,55,Male,1,27,1 - Completely Expected,1 - Absolutely Yes,0 - adventurous,8,2,0 - Low,1 - Present,3,1,1,0,1,0,0,UK
1148,36,55,Male,1,28,1 - Completely Expected,1 - Absolutely Yes,0 - adventurous,13,2,1 - High,0 - None,2,1,1,1,0,0,0,UK
1149,36,55,Male,1,29,4 - Somewhat Unexpected,"2 - Yes, a bit inconvenient but manageable",0 - adventurous,9,2,0 - Low,1 - Present,3,4,2,0,1,0,0,UK
1150,36,55,Male,1,30,4 - Somewhat Unexpected,"2 - Yes, a bit inconvenient but manageable",0 - adventurous,6,2,0 - Low,1 - Present,3,4,2,0,1,0,0,UK
1151,36,55,Male,1,31,1 - Completely Expected,1 - Absolutely Yes,0 - adventurous,4,2,0 - Low,0 - None,1,1,1,0,0,0,0,UK
1152,36,55,Male,1,32,1 - Completely Expected,1 - Absolutely Yes,0 - adventurous,16,2,0 - Low,0 - None,1,1,1,0,0,0,0,UK
1153,37,39,Female,1,1,2 - Somewhat Expected,"3 - Yes, but would not be feel nice",1 - cautious,7,1,1 - High,0 - None,2,2,3,1,0,1,0,UK
1154,37,39,Female,1,2,5 - Very Unexpected,4 - Certainly Not,1 - cautious,11,1,0 - Low,1 - Present,3,5,4,0,1,1,0,UK
1155,37,39,Female,1,3,1 - Completely Expected,"2 - Yes, a bit inconvenient but manageable",1 - cautious,16,1,1 - High,0 - None,2,1,2,1,0,1,0,UK
1156,37,39,Female,1,4,5 - Very Unexpected,1 - Absolutely Yes,1 - cautious,3,1,0 - Low,1 - Present,3,5,1,0,1,1,0,UK
1157,37,39,Female,1,5,4 - Somewhat Unexpected,1 - Absolutely Yes,1 - cautious,4,1,0 - Low,1 - Present,3,4,1,0,1,1,0,UK
1158,37,39,Female,1,6,1 - Completely Expected,1 - Absolutely Yes,1 - cautious,12,1,0 - Low,0 - None,1,1,1,0,0,1,0,UK
1159,37,39,Female,1,7,4 - Somewhat Unexpected,4 - Certainly Not,1 - cautious,10,1,1 - High,1 - Present,4,4,4,1,1,1,1,UK
1160,37,39,Female,1,8,1 - Completely Expected,"3 - Yes, but would not be feel nice",1 - cautious,9,1,1 - High,0 - None,2,1,3,1,0,1,0,UK
1161,37,39,Female,1,9,4 - Somewhat Unexpected,1 - Absolutely Yes,1 - cautious,5,1,0 - Low,1 - Present,3,4,1,0,1,1,0,UK
1162,37,39,Female,1,10,5 - Very Unexpected,4 - Certainly Not,1 - cautious,13,1,1 - High,1 - Present,4,5,4,1,1,1,1,UK
1163,37,39,Female,1,11,1 - Completely Expected,1 - Absolutely Yes,1 - cautious,10,2,0 - Low,0 - None,1,1,1,0,0,1,0,UK
1164,37,39,Female,1,12,1 - Completely Expected,4 - Certainly Not,1 - cautious,14,1,1 - High,0 - None,2,1,4,1,0,1,0,UK
1165,37,39,Female,1,13,2 - Somewhat Expected,1 - Absolutely Yes,1 - cautious,3,2,0 - Low,0 - None,1,2,1,0,0,1,0,UK
1166,37,39,Female,1,14,1 - Completely Expected,1 - Absolutely Yes,1 - cautious,6,1,0 - Low,0 - None,1,1,1,0,0,1,0,UK
1167,37,39,Female,1,15,4 - Somewhat Unexpected,1 - Absolutely Yes,1 - cautious,16,2,1 - High,1 - Present,4,4,1,1,1,1,1,UK
1168,37,39,Female,1,16,5 - Very Unexpected,4 - Certainly Not,1 - cautious,6,2,0 - Low,1 - Present,3,5,4,0,1,1,0,UK
1169,37,39,Female,1,17,5 - Very Unexpected,4 - Certainly Not,1 - cautious,15,1,1 - High,1 - Present,4,5,4,1,1,1,1,UK
1170,37,39,Female,1,18,1 - Completely Expected,1 - Absolutely Yes,1 - cautious,13,2,1 - High,0 - None,2,1,1,1,0,1,0,UK
1171,37,39,Female,1,19,5 - Very Unexpected,1 - Absolutely Yes,1 - cautious,7,2,1 - High,1 - Present,4,5,1,1,1,1,1,UK
1172,37,39,Female,1,20,4 - Somewhat Unexpected,4 - Certainly Not,1 - cautious,8,1,1 - High,1 - Present,4,4,4,1,1,1,1,UK
1173,37,39,Female,1,21,1 - Completely Expected,1 - Absolutely Yes,1 - cautious,2,1,0 - Low,0 - None,1,1,1,0,0,1,0,UK
1174,37,39,Female,1,22,4 - Somewhat Unexpected,"2 - Yes, a bit inconvenient but manageable",1 - cautious,4,2,0 - Low,1 - Present,3,4,2,0,1,1,0,UK
1175,37,39,Female,1,23,1 - Completely Expected,"3 - Yes, but would not be feel nice",1 - cautious,5,2,1 - High,0 - None,2,1,3,1,0,1,0,UK
1176,37,39,Female,1,24,5 - Very Unexpected,1 - Absolutely Yes,1 - cautious,9,2,1 - High,1 - Present,4,5,1,1,1,1,1,UK
1177,37,39,Female,1,25,1 - Completely Expected,1 - Absolutely Yes,1 - cautious,12,2,0 - Low,0 - None,1,1,1,0,0,1,0,UK
1178,37,39,Female,1,26,1 - Completely Expected,1 - Absolutely Yes,1 - cautious,2,2,1 - High,0 - None,2,1,1,1,0,1,0,UK
1179,37,39,Female,1,27,5 - Very Unexpected,1 - Absolutely Yes,1 - cautious,14,2,0 - Low,1 - Present,3,5,1,0,1,1,0,UK
1180,37,39,Female,1,28,4 - Somewhat Unexpected,1 - Absolutely Yes,1 - cautious,8,2,0 - Low,0 - None,1,4,1,0,0,1,0,UK
1181,37,39,Female,1,29,1 - Completely Expected,1 - Absolutely Yes,1 - cautious,15,2,1 - High,0 - None,2,1,1,1,0,1,0,UK
1182,37,39,Female,1,30,5 - Very Unexpected,4 - Certainly Not,1 - cautious,1,1,1 - High,1 - Present,4,5,4,1,1,1,1,UK
1183,37,39,Female,1,31,5 - Very Unexpected,"2 - Yes, a bit inconvenient but manageable",1 - cautious,1,2,0 - Low,1 - Present,3,5,2,0,1,1,0,UK
1184,37,39,Female,1,32,1 - Completely Expected,1 - Absolutely Yes,1 - cautious,11,2,0 - Low,0 - None,1,1,1,0,0,1,0,UK
1185,38,69,Female,1,1,1 - Completely Expected,1 - Absolutely Yes,1 - cautious,4,1,0 - Low,0 - None,1,1,1,0,0,1,0,UK
1186,38,69,Female,1,2,5 - Very Unexpected,"2 - Yes, a bit inconvenient but manageable",1 - cautious,12,1,1 - High,1 - Present,4,5,2,1,1,1,1,UK
1187,38,69,Female,1,3,1 - Completely Expected,4 - Certainly Not,1 - cautious,15,1,0 - Low,0 - None,1,1,4,0,0,1,0,UK
1188,38,69,Female,1,4,5 - Very Unexpected,"3 - Yes, but would not be feel nice",1 - cautious,13,1,0 - Low,1 - Present,3,5,3,0,1,1,0,UK
1189,38,69,Female,1,5,1 - Completely Expected,"3 - Yes, but would not be feel nice",1 - cautious,2,1,1 - High,0 - None,2,1,3,1,0,1,0,UK
1190,38,69,Female,1,6,1 - Completely Expected,4 - Certainly Not,1 - cautious,14,1,1 - High,0 - None,2,1,4,1,0,1,0,UK
1191,38,69,Female,1,7,5 - Very Unexpected,"2 - Yes, a bit inconvenient but manageable",1 - cautious,8,1,0 - Low,1 - Present,3,5,2,0,1,1,0,UK
1192,38,69,Female,1,8,2 - Somewhat Expected,1 - Absolutely Yes,1 - cautious,6,1,0 - Low,0 - None,1,2,1,0,0,1,0,UK
1193,38,69,Female,1,9,4 - Somewhat Unexpected,1 - Absolutely Yes,1 - cautious,10,1,0 - Low,1 - Present,3,4,1,0,1,1,0,UK
1194,38,69,Female,1,10,5 - Very Unexpected,1 - Absolutely Yes,1 - cautious,1,1,0 - Low,1 - Present,3,5,1,0,1,1,0,UK
1195,38,69,Female,1,11,5 - Very Unexpected,4 - Certainly Not,1 - cautious,6,2,1 - High,1 - Present,4,5,4,1,1,1,1,UK
1196,38,69,Female,1,12,1 - Completely Expected,"2 - Yes, a bit inconvenient but manageable",1 - cautious,9,1,0 - Low,0 - None,1,1,2,0,0,1,0,UK
1197,38,69,Female,1,13,1 - Completely Expected,1 - Absolutely Yes,1 - cautious,13,2,1 - High,0 - None,2,1,1,1,0,1,0,UK
1198,38,69,Female,1,14,5 - Very Unexpected,1 - Absolutely Yes,1 - cautious,3,1,0 - Low,1 - Present,3,5,1,0,1,1,0,UK
1199,38,69,Female,1,15,1 - Completely Expected,1 - Absolutely Yes,1 - cautious,1,2,0 - Low,0 - None,1,1,1,0,0,1,0,UK
1200,38,69,Female,1,16,1 - Completely Expected,4 - Certainly Not,1 - cautious,16,1,0 - Low,0 - None,1,1,4,0,0,1,0,UK
1201,38,69,Female,1,17,1 - Completely Expected,4 - Certainly Not,1 - cautious,2,2,1 - High,0 - None,2,1,4,1,0,1,0,UK
1202,38,69,Female,1,18,5 - Very Unexpected,4 - Certainly Not,1 - cautious,9,2,1 - High,1 - Present,4,5,4,1,1,1,1,UK
1203,38,69,Female,1,19,5 - Very Unexpected,"3 - Yes, but would not be feel nice",1 - cautious,10,2,1 - High,1 - Present,4,5,3,1,1,1,1,UK
1204,38,69,Female,1,20,1 - Completely Expected,1 - Absolutely Yes,1 - cautious,11,1,1 - High,0 - None,2,1,1,1,0,1,0,UK
1205,38,69,Female,1,21,5 - Very Unexpected,1 - Absolutely Yes,1 - cautious,3,2,0 - Low,1 - Present,3,5,1,0,1,1,0,UK
1206,38,69,Female,1,22,1 - Completely Expected,"2 - Yes, a bit inconvenient but manageable",1 - cautious,4,2,1 - High,0 - None,2,1,2,1,0,1,0,UK
1207,38,69,Female,1,23,4 - Somewhat Unexpected,"3 - Yes, but would not be feel nice",1 - cautious,14,2,0 - Low,0 - None,1,4,3,0,0,1,0,UK
1208,38,69,Female,1,24,1 - Completely Expected,4 - Certainly Not,1 - cautious,15,2,1 - High,0 - None,2,1,4,1,0,1,0,UK
1209,38,69,Female,1,25,4 - Somewhat Unexpected,"2 - Yes, a bit inconvenient but manageable",1 - cautious,7,1,0 - Low,1 - Present,3,4,2,0,1,1,0,UK
1210,38,69,Female,1,26,1 - Completely Expected,1 - Absolutely Yes,1 - cautious,5,1,0 - Low,0 - None,1,1,1,0,0,1,0,UK
1211,38,69,Female,1,27,5 - Very Unexpected,4 - Certainly Not,1 - cautious,7,2,1 - High,1 - Present,4,5,4,1,1,1,1,UK
1212,38,69,Female,1,28,5 - Very Unexpected,"2 - Yes, a bit inconvenient but manageable",1 - cautious,12,2,1 - High,1 - Present,4,5,2,1,1,1,1,UK
1213,38,69,Female,1,29,5 - Very Unexpected,"3 - Yes, but would not be feel nice",1 - cautious,16,2,0 - Low,1 - Present,3,5,3,0,1,1,0,UK
1214,38,69,Female,1,30,1 - Completely Expected,4 - Certainly Not,1 - cautious,8,2,1 - High,0 - None,2,1,4,1,0,1,0,UK
1215,38,69,Female,1,31,5 - Very Unexpected,4 - Certainly Not,1 - cautious,11,2,1 - High,1 - Present,4,5,4,1,1,1,1,UK
1216,38,69,Female,1,32,5 - Very Unexpected,"2 - Yes, a bit inconvenient but manageable",1 - cautious,5,2,1 - High,1 - Present,4,5,2,1,1,1,1,UK
1217,39,25,Male,1,1,4 - Somewhat Unexpected,4 - Certainly Not,1 - cautious,16,1,0 - Low,1 - Present,3,4,4,0,1,1,0,UK
1218,39,25,Male,1,2,5 - Very Unexpected,4 - Certainly Not,1 - cautious,6,1,1 - High,1 - Present,4,5,4,1,1,1,1,UK
1219,39,25,Male,1,3,1 - Completely Expected,1 - Absolutely Yes,1 - cautious,9,1,1 - High,0 - None,2,1,1,1,0,1,0,UK
1220,39,25,Male,1,4,1 - Completely Expected,1 - Absolutely Yes,1 - cautious,12,1,0 - Low,0 - None,1,1,1,0,0,1,0,UK
1221,39,25,Male,1,5,1 - Completely Expected,1 - Absolutely Yes,1 - cautious,6,2,1 - High,0 - None,2,1,1,1,0,1,0,UK
1222,39,25,Male,1,6,4 - Somewhat Unexpected,1 - Absolutely Yes,1 - cautious,13,1,0 - Low,1 - Present,3,4,1,0,1,1,0,UK
1223,39,25,Male,1,7,2 - Somewhat Expected,1 - Absolutely Yes,1 - cautious,10,1,1 - High,1 - Present,4,2,1,1,1,1,1,UK
1224,39,25,Male,1,8,5 - Very Unexpected,1 - Absolutely Yes,1 - cautious,5,1,0 - Low,1 - Present,3,5,1,0,1,1,0,UK
1225,39,25,Male,1,9,3 - Indifferent / Can't Decide,4 - Certainly Not,1 - cautious,11,1,0 - Low,0 - None,1,3,4,0,0,1,0,UK
1226,39,25,Male,1,10,4 - Somewhat Unexpected,1 - Absolutely Yes,1 - cautious,7,1,1 - High,1 - Present,4,4,1,1,1,1,1,UK
1227,39,25,Male,1,11,1 - Completely Expected,1 - Absolutely Yes,1 - cautious,14,1,1 - High,0 - None,2,1,1,1,0,1,0,UK
1228,39,25,Male,1,12,4 - Somewhat Unexpected,"3 - Yes, but would not be feel nice",1 - cautious,9,2,0 - Low,1 - Present,3,4,3,0,1,1,0,UK
1229,39,25,Male,1,13,1 - Completely Expected,4 - Certainly Not,1 - cautious,15,1,1 - High,0 - None,2,1,4,1,0,1,0,UK
1230,39,25,Male,1,14,2 - Somewhat Expected,1 - Absolutely Yes,1 - cautious,8,1,1 - High,1 - Present,4,2,1,1,1,1,1,UK
1231,39,25,Male,1,15,1 - Completely Expected,1 - Absolutely Yes,1 - cautious,1,1,0 - Low,0 - None,1,1,1,0,0,1,0,UK
1232,39,25,Male,1,16,1 - Completely Expected,1 - Absolutely Yes,1 - cautious,12,2,1 - High,0 - None,2,1,1,1,0,1,0,UK
1233,39,25,Male,1,17,1 - Completely Expected,4 - Certainly Not,1 - cautious,16,2,1 - High,0 - None,2,1,4,1,0,1,0,UK
1234,39,25,Male,1,18,3 - Indifferent / Can't Decide,1 - Absolutely Yes,1 - cautious,7,2,1 - High,1 - Present,4,3,1,1,1,1,1,UK
1235,39,25,Male,1,19,1 - Completely Expected,1 - Absolutely Yes,1 - cautious,4,1,0 - Low,0 - None,1,1,1,0,0,1,0,UK
1236,39,25,Male,1,20,1 - Completely Expected,1 - Absolutely Yes,1 - cautious,13,2,0 - Low,0 - None,1,1,1,0,0,1,0,UK
1237,39,25,Male,1,21,3 - Indifferent / Can't Decide,4 - Certainly Not,1 - cautious,11,2,0 - Low,0 - None,1,3,4,0,0,1,0,UK
1238,39,25,Male,1,22,5 - Very Unexpected,1 - Absolutely Yes,1 - cautious,3,1,0 - Low,1 - Present,3,5,1,0,1,1,0,UK
1239,39,25,Male,1,23,1 - Completely Expected,1 - Absolutely Yes,1 - cautious,2,1,1 - High,0 - None,2,1,1,1,0,1,0,UK
1240,39,25,Male,1,24,5 - Very Unexpected,"3 - Yes, but would not be feel nice",1 - cautious,4,2,0 - Low,1 - Present,3,5,3,0,1,1,0,UK
1241,39,25,Male,1,25,4 - Somewhat Unexpected,"2 - Yes, a bit inconvenient but manageable",1 - cautious,3,2,0 - Low,0 - None,1,4,2,0,0,1,0,UK
1242,39,25,Male,1,26,5 - Very Unexpected,4 - Certainly Not,1 - cautious,15,2,1 - High,1 - Present,4,5,4,1,1,1,1,UK
1243,39,25,Male,1,27,5 - Very Unexpected,"3 - Yes, but would not be feel nice",1 - cautious,2,2,0 - Low,1 - Present,3,5,3,0,1,1,0,UK
1244,39,25,Male,1,28,1 - Completely Expected,1 - Absolutely Yes,1 - cautious,8,2,1 - High,0 - None,2,1,1,1,0,1,0,UK
1245,39,25,Male,1,29,1 - Completely Expected,1 - Absolutely Yes,1 - cautious,14,2,0 - Low,0 - None,1,1,1,0,0,1,0,UK
1246,39,25,Male,1,30,5 - Very Unexpected,"2 - Yes, a bit inconvenient but manageable",1 - cautious,1,2,1 - High,1 - Present,4,5,2,1,1,1,1,UK
1247,39,25,Male,1,31,5 - Very Unexpected,"2 - Yes, a bit inconvenient but manageable",1 - cautious,5,2,0 - Low,1 - Present,3,5,2,0,1,1,0,UK
1248,39,25,Male,1,32,2 - Somewhat Expected,1 - Absolutely Yes,1 - cautious,10,2,1 - High,1 - Present,4,2,1,1,1,1,1,UK
1249,40,24,Female,-7,1,4 - Somewhat Unexpected,"2 - Yes, a bit inconvenient but manageable",0 - adventurous,11,1,0 - Low,0 - None,1,4,2,0,0,0,0,US
1250,40,24,Female,-7,2,1 - Completely Expected,1 - Absolutely Yes,0 - adventurous,3,1,1 - High,0 - None,2,1,1,1,0,0,0,US
1251,40,24,Female,-7,3,1 - Completely Expected,1 - Absolutely Yes,0 - adventurous,9,1,1 - High,0 - None,2,1,1,1,0,0,0,US
1252,40,24,Female,-7,4,2 - Somewhat Expected,"2 - Yes, a bit inconvenient but manageable",0 - adventurous,7,1,1 - High,0 - None,2,2,2,1,0,0,0,US
1253,40,24,Female,-7,5,5 - Very Unexpected,"3 - Yes, but would not be feel nice",0 - adventurous,16,1,0 - Low,1 - Present,3,5,3,0,1,0,0,US
1254,40,24,Female,-7,6,2 - Somewhat Expected,"3 - Yes, but would not be feel nice",0 - adventurous,9,2,0 - Low,0 - None,1,2,3,0,0,0,0,US
1255,40,24,Female,-7,7,4 - Somewhat Unexpected,"2 - Yes, a bit inconvenient but manageable",0 - adventurous,14,1,0 - Low,1 - Present,3,4,2,0,1,0,0,US
1256,40,24,Female,-7,8,1 - Completely Expected,4 - Certainly Not,0 - adventurous,15,1,1 - High,0 - None,2,1,4,1,0,0,0,US
1257,40,24,Female,-7,9,5 - Very Unexpected,1 - Absolutely Yes,0 - adventurous,5,1,1 - High,1 - Present,4,5,1,1,1,0,1,US
1258,40,24,Female,-7,10,5 - Very Unexpected,4 - Certainly Not,0 - adventurous,6,1,1 - High,1 - Present,4,5,4,1,1,0,1,US
1259,40,24,Female,-7,11,3 - Indifferent / Can't Decide,"2 - Yes, a bit inconvenient but manageable",0 - adventurous,3,2,0 - Low,0 - None,1,3,2,0,0,0,0,US
1260,40,24,Female,-7,12,5 - Very Unexpected,"2 - Yes, a bit inconvenient but manageable",0 - adventurous,5,2,1 - High,1 - Present,4,5,2,1,1,0,1,US
1261,40,24,Female,-7,13,4 - Somewhat Unexpected,1 - Absolutely Yes,0 - adventurous,13,1,0 - Low,1 - Present,3,4,1,0,1,0,0,US
1262,40,24,Female,-7,14,1 - Completely Expected,1 - Absolutely Yes,0 - adventurous,6,2,0 - Low,0 - None,1,1,1,0,0,0,0,US
1263,40,24,Female,-7,15,3 - Indifferent / Can't Decide,"2 - Yes, a bit inconvenient but manageable",0 - adventurous,1,1,0 - Low,0 - None,1,3,2,0,0,0,0,US
1264,40,24,Female,-7,16,4 - Somewhat Unexpected,"2 - Yes, a bit inconvenient but manageable",0 - adventurous,12,1,1 - High,1 - Present,4,4,2,1,1,0,1,US
1265,40,24,Female,-7,17,1 - Completely Expected,"3 - Yes, but would not be feel nice",0 - adventurous,2,1,1 - High,0 - None,2,1,3,1,0,0,0,US
1266,40,24,Female,-7,18,1 - Completely Expected,1 - Absolutely Yes,0 - adventurous,12,2,1 - High,0 - None,2,1,1,1,0,0,0,US
1267,40,24,Female,-7,19,1 - Completely Expected,1 - Absolutely Yes,0 - adventurous,8,1,1 - High,0 - None,2,1,1,1,0,0,0,US
1268,40,24,Female,-7,20,4 - Somewhat Unexpected,"3 - Yes, but would not be feel nice",0 - adventurous,13,2,1 - High,1 - Present,4,4,3,1,1,0,1,US
1269,40,24,Female,-7,21,1 - Completely Expected,1 - Absolutely Yes,0 - adventurous,14,2,0 - Low,0 - None,1,1,1,0,0,0,0,US
1270,40,24,Female,-7,22,4 - Somewhat Unexpected,"2 - Yes, a bit inconvenient but manageable",0 - adventurous,1,2,0 - Low,1 - Present,3,4,2,0,1,0,0,US
1271,40,24,Female,-7,23,2 - Somewhat Expected,"2 - Yes, a bit inconvenient but manageable",0 - adventurous,11,2,0 - Low,0 - None,1,2,2,0,0,0,0,US
1272,40,24,Female,-7,24,5 - Very Unexpected,1 - Absolutely Yes,0 - adventurous,7,2,1 - High,1 - Present,4,5,1,1,1,0,1,US
1273,40,24,Female,-7,25,5 - Very Unexpected,1 - Absolutely Yes,0 - adventurous,4,1,0 - Low,1 - Present,3,5,1,0,1,0,0,US
1274,40,24,Female,-7,26,1 - Completely Expected,1 - Absolutely Yes,0 - adventurous,8,2,1 - High,0 - None,2,1,1,1,0,0,0,US
1275,40,24,Female,-7,27,4 - Somewhat Unexpected,1 - Absolutely Yes,0 - adventurous,10,1,0 - Low,1 - Present,3,4,1,0,1,0,0,US
1276,40,24,Female,-7,28,2 - Somewhat Expected,1 - Absolutely Yes,0 - adventurous,4,2,1 - High,1 - Present,4,2,1,1,1,0,1,US
1277,40,24,Female,-7,29,5 - Very Unexpected,"3 - Yes, but would not be feel nice",0 - adventurous,16,2,0 - Low,1 - Present,3,5,3,0,1,0,0,US
1278,40,24,Female,-7,30,4 - Somewhat Unexpected,"2 - Yes, a bit inconvenient but manageable",0 - adventurous,10,2,0 - Low,1 - Present,3,4,2,0,1,0,0,US
1279,40,24,Female,-7,31,5 - Very Unexpected,4 - Certainly Not,0 - adventurous,15,2,1 - High,1 - Present,4,5,4,1,1,0,1,US
1280,40,24,Female,-7,32,1 - Completely Expected,"3 - Yes, but would not be feel nice",0 - adventurous,2,2,0 - Low,0 - None,1,1,3,0,0,0,0,US
1281,41,22,Male,-5,1,5 - Very Unexpected,4 - Certainly Not,0 - adventurous,12,1,1 - High,1 - Present,4,5,4,1,1,0,1,US
1282,41,22,Male,-5,2,2 - Somewhat Expected,"2 - Yes, a bit inconvenient but manageable",0 - adventurous,16,1,0 - Low,0 - None,1,2,2,0,0,0,0,US
1283,41,22,Male,-5,3,1 - Completely Expected,1 - Absolutely Yes,0 - adventurous,5,1,1 - High,0 - None,2,1,1,1,0,0,0,US
1284,41,22,Male,-5,4,1 - Completely Expected,1 - Absolutely Yes,0 - adventurous,4,1,0 - Low,1 - Present,3,1,1,0,1,0,0,US
1285,41,22,Male,-5,5,1 - Completely Expected,1 - Absolutely Yes,0 - adventurous,7,1,1 - High,0 - None,2,1,1,1,0,0,0,US
1286,41,22,Male,-5,6,2 - Somewhat Expected,1 - Absolutely Yes,0 - adventurous,6,1,1 - High,0 - None,2,2,1,1,0,0,0,US
1287,41,22,Male,-5,7,2 - Somewhat Expected,"2 - Yes, a bit inconvenient but manageable",0 - adventurous,6,2,0 - Low,0 - None,1,2,2,0,0,0,0,US
1288,41,22,Male,-5,8,4 - Somewhat Unexpected,"2 - Yes, a bit inconvenient but manageable",0 - adventurous,10,1,1 - High,1 - Present,4,4,2,1,1,0,1,US
1289,41,22,Male,-5,9,1 - Completely Expected,"2 - Yes, a bit inconvenient but manageable",0 - adventurous,13,1,0 - Low,0 - None,1,1,2,0,0,0,0,US
1290,41,22,Male,-5,10,2 - Somewhat Expected,"3 - Yes, but would not be feel nice",0 - adventurous,15,1,1 - High,0 - None,2,2,3,1,0,0,0,US
1291,41,22,Male,-5,11,2 - Somewhat Expected,"2 - Yes, a bit inconvenient but manageable",0 - adventurous,1,1,1 - High,0 - None,2,2,2,1,0,0,0,US
1292,41,22,Male,-5,12,5 - Very Unexpected,"3 - Yes, but would not be feel nice",0 - adventurous,2,1,1 - High,1 - Present,4,5,3,1,1,0,1,US
1293,41,22,Male,-5,13,1 - Completely Expected,1 - Absolutely Yes,0 - adventurous,5,2,1 - High,0 - None,2,1,1,1,0,0,0,US
1294,41,22,Male,-5,14,4 - Somewhat Unexpected,"2 - Yes, a bit inconvenient but manageable",0 - adventurous,10,2,1 - High,1 - Present,4,4,2,1,1,0,1,US
1295,41,22,Male,-5,15,2 - Somewhat Expected,"2 - Yes, a bit inconvenient but manageable",0 - adventurous,16,2,0 - Low,0 - None,1,2,2,0,0,0,0,US
1296,41,22,Male,-5,16,5 - Very Unexpected,"3 - Yes, but would not be feel nice",0 - adventurous,2,2,1 - High,1 - Present,4,5,3,1,1,0,1,US
1297,41,22,Male,-5,17,2 - Somewhat Expected,1 - Absolutely Yes,0 - adventurous,3,1,0 - Low,0 - None,1,2,1,0,0,0,0,US
1298,41,22,Male,-5,18,2 - Somewhat Expected,"2 - Yes, a bit inconvenient but manageable",0 - adventurous,13,2,0 - Low,0 - None,1,2,2,0,0,0,0,US
1299,41,22,Male,-5,19,1 - Completely Expected,1 - Absolutely Yes,0 - adventurous,7,2,0 - Low,0 - None,1,1,1,0,0,0,0,US
1300,41,22,Male,-5,20,4 - Somewhat Unexpected,"2 - Yes, a bit inconvenient but manageable",0 - adventurous,3,2,1 - High,1 - Present,4,4,2,1,1,0,1,US
1301,41,22,Male,-5,21,2 - Somewhat Expected,"2 - Yes, a bit inconvenient but manageable",0 - adventurous,11,1,0 - Low,1 - Present,3,2,2,0,1,0,0,US
1302,41,22,Male,-5,22,4 - Somewhat Unexpected,1 - Absolutely Yes,0 - adventurous,8,1,0 - Low,1 - Present,3,4,1,0,1,0,0,US
1303,41,22,Male,-5,23,4 - Somewhat Unexpected,1 - Absolutely Yes,0 - adventurous,9,1,1 - High,1 - Present,4,4,1,1,1,0,1,US
1304,41,22,Male,-5,24,4 - Somewhat Unexpected,"2 - Yes, a bit inconvenient but manageable",0 - adventurous,1,2,0 - Low,1 - Present,3,4,2,0,1,0,0,US
1305,41,22,Male,-5,25,1 - Completely Expected,1 - Absolutely Yes,0 - adventurous,12,2,1 - High,0 - None,2,1,1,1,0,0,0,US
1306,41,22,Male,-5,26,5 - Very Unexpected,4 - Certainly Not,0 - adventurous,15,2,0 - Low,1 - Present,3,5,4,0,1,0,0,US
1307,41,22,Male,-5,27,4 - Somewhat Unexpected,"2 - Yes, a bit inconvenient but manageable",0 - adventurous,9,2,0 - Low,1 - Present,3,4,2,0,1,0,0,US
1308,41,22,Male,-5,28,4 - Somewhat Unexpected,"2 - Yes, a bit inconvenient but manageable",0 - adventurous,14,1,0 - Low,1 - Present,3,4,2,0,1,0,0,US
1309,41,22,Male,-5,29,1 - Completely Expected,"2 - Yes, a bit inconvenient but manageable",0 - adventurous,14,2,0 - Low,0 - None,1,1,2,0,0,0,0,US
1310,41,22,Male,-5,30,2 - Somewhat Expected,"2 - Yes, a bit inconvenient but manageable",0 - adventurous,4,2,0 - Low,1 - Present,3,2,2,0,1,0,0,US
1311,41,22,Male,-5,31,1 - Completely Expected,1 - Absolutely Yes,0 - adventurous,8,2,1 - High,0 - None,2,1,1,1,0,0,0,US
1312,41,22,Male,-5,32,5 - Very Unexpected,"2 - Yes, a bit inconvenient but manageable",0 - adventurous,11,2,1 - High,1 - Present,4,5,2,1,1,0,1,US
1313,42,20,Male,1,1,5 - Very Unexpected,4 - Certainly Not,1 - cautious,2,1,1 - High,1 - Present,4,5,4,1,1,1,1,UK
1314,42,20,Male,1,2,5 - Very Unexpected,"3 - Yes, but would not be feel nice",1 - cautious,15,1,1 - High,1 - Present,4,5,3,1,1,1,1,UK
1315,42,20,Male,1,3,5 - Very Unexpected,4 - Certainly Not,1 - cautious,13,1,1 - High,1 - Present,4,5,4,1,1,1,1,UK
1316,42,20,Male,1,4,1 - Completely Expected,1 - Absolutely Yes,1 - cautious,12,1,1 - High,0 - None,2,1,1,1,0,1,0,UK
1317,42,20,Male,1,5,5 - Very Unexpected,"2 - Yes, a bit inconvenient but manageable",1 - cautious,3,1,0 - Low,1 - Present,3,5,2,0,1,1,0,UK
1318,42,20,Male,1,6,4 - Somewhat Unexpected,"2 - Yes, a bit inconvenient but manageable",1 - cautious,13,2,0 - Low,1 - Present,3,4,2,0,1,1,0,UK
1319,42,20,Male,1,7,5 - Very Unexpected,"2 - Yes, a bit inconvenient but manageable",1 - cautious,5,1,1 - High,1 - Present,4,5,2,1,1,1,1,UK
1320,42,20,Male,1,8,1 - Completely Expected,1 - Absolutely Yes,1 - cautious,10,1,0 - Low,0 - None,1,1,1,0,0,1,0,UK
1321,42,20,Male,1,9,3 - Indifferent / Can't Decide,"2 - Yes, a bit inconvenient but manageable",1 - cautious,11,1,0 - Low,0 - None,1,3,2,0,0,1,0,UK
1322,42,20,Male,1,10,1 - Completely Expected,1 - Absolutely Yes,1 - cautious,8,1,0 - Low,0 - None,1,1,1,0,0,1,0,UK
1323,42,20,Male,1,11,4 - Somewhat Unexpected,"2 - Yes, a bit inconvenient but manageable",1 - cautious,7,1,0 - Low,1 - Present,3,4,2,0,1,1,0,UK
1324,42,20,Male,1,12,4 - Somewhat Unexpected,"2 - Yes, a bit inconvenient but manageable",1 - cautious,4,1,0 - Low,1 - Present,3,4,2,0,1,1,0,UK
1325,42,20,Male,1,13,5 - Very Unexpected,"2 - Yes, a bit inconvenient but manageable",1 - cautious,12,2,0 - Low,1 - Present,3,5,2,0,1,1,0,UK
1326,42,20,Male,1,14,1 - Completely Expected,1 - Absolutely Yes,1 - cautious,9,1,1 - High,0 - None,2,1,1,1,0,1,0,UK
1327,42,20,Male,1,15,5 - Very Unexpected,4 - Certainly Not,1 - cautious,11,2,1 - High,1 - Present,4,5,4,1,1,1,1,UK
1328,42,20,Male,1,16,4 - Somewhat Unexpected,"2 - Yes, a bit inconvenient but manageable",1 - cautious,4,2,1 - High,1 - Present,4,4,2,1,1,1,1,UK
1329,42,20,Male,1,17,1 - Completely Expected,1 - Absolutely Yes,1 - cautious,1,1,1 - High,0 - None,2,1,1,1,0,1,0,UK
1330,42,20,Male,1,18,1 - Completely Expected,1 - Absolutely Yes,1 - cautious,5,2,0 - Low,0 - None,1,1,1,0,0,1,0,UK
1331,42,20,Male,1,19,1 - Completely Expected,"3 - Yes, but would not be feel nice",1 - cautious,2,2,1 - High,0 - None,2,1,3,1,0,1,0,UK
1332,42,20,Male,1,20,1 - Completely Expected,1 - Absolutely Yes,1 - cautious,9,2,0 - Low,0 - None,1,1,1,0,0,1,0,UK
1333,42,20,Male,1,21,2 - Somewhat Expected,1 - Absolutely Yes,1 - cautious,6,1,0 - Low,0 - None,1,2,1,0,0,1,0,UK
1334,42,20,Male,1,22,2 - Somewhat Expected,"3 - Yes, but would not be feel nice",1 - cautious,14,1,0 - Low,0 - None,1,2,3,0,0,1,0,UK
1335,42,20,Male,1,23,1 - Completely Expected,1 - Absolutely Yes,1 - cautious,16,1,0 - Low,0 - None,1,1,1,0,0,1,0,UK
1336,42,20,Male,1,24,1 - Completely Expected,"2 - Yes, a bit inconvenient but manageable",1 - cautious,16,2,1 - High,0 - None,2,1,2,1,0,1,0,UK
1337,42,20,Male,1,25,1 - Completely Expected,"2 - Yes, a bit inconvenient but manageable",1 - cautious,6,2,1 - High,0 - None,2,1,2,1,0,1,0,UK
1338,42,20,Male,1,26,4 - Somewhat Unexpected,"2 - Yes, a bit inconvenient but manageable",1 - cautious,3,2,0 - Low,1 - Present,3,4,2,0,1,1,0,UK
1339,42,20,Male,1,27,4 - Somewhat Unexpected,"3 - Yes, but would not be feel nice",1 - cautious,10,2,1 - High,1 - Present,4,4,3,1,1,1,1,UK
1340,42,20,Male,1,28,5 - Very Unexpected,4 - Certainly Not,1 - cautious,15,2,1 - High,1 - Present,4,5,4,1,1,1,1,UK
1341,42,20,Male,1,29,4 - Somewhat Unexpected,"2 - Yes, a bit inconvenient but manageable",1 - cautious,14,2,0 - Low,1 - Present,3,4,2,0,1,1,0,UK
1342,42,20,Male,1,30,1 - Completely Expected,1 - Absolutely Yes,1 - cautious,1,2,1 - High,0 - None,2,1,1,1,0,1,0,UK
1343,42,20,Male,1,31,1 - Completely Expected,1 - Absolutely Yes,1 - cautious,7,2,1 - High,0 - None,2,1,1,1,0,1,0,UK
1344,42,20,Male,1,32,5 - Very Unexpected,"3 - Yes, but would not be feel nice",1 - cautious,8,2,0 - Low,1 - Present,3,5,3,0,1,1,0,UK
1345,43,33,Female,1,1,1 - Completely Expected,"2 - Yes, a bit inconvenient but manageable",1 - cautious,5,1,1 - High,0 - None,2,1,2,1,0,1,0,UK
1346,43,33,Female,1,2,1 - Completely Expected,"3 - Yes, but would not be feel nice",1 - cautious,15,1,1 - High,0 - None,2,1,3,1,0,1,0,UK
1347,43,33,Female,1,3,4 - Somewhat Unexpected,4 - Certainly Not,1 - cautious,11,1,0 - Low,1 - Present,3,4,4,0,1,1,0,UK
1348,43,33,Female,1,4,5 - Very Unexpected,"3 - Yes, but would not be feel nice",1 - cautious,8,1,0 - Low,1 - Present,3,5,3,0,1,1,0,UK
1349,43,33,Female,1,5,1 - Completely Expected,1 - Absolutely Yes,1 - cautious,8,2,0 - Low,0 - None,1,1,1,0,0,1,0,UK
1350,43,33,Female,1,6,1 - Completely Expected,1 - Absolutely Yes,1 - cautious,4,1,0 - Low,0 - None,1,1,1,0,0,1,0,UK
1351,43,33,Female,1,7,2 - Somewhat Expected,1 - Absolutely Yes,1 - cautious,11,2,0 - Low,0 - None,1,2,1,0,0,1,0,UK
1352,43,33,Female,1,8,4 - Somewhat Unexpected,"2 - Yes, a bit inconvenient but manageable",1 - cautious,3,1,1 - High,1 - Present,4,4,2,1,1,1,1,UK
1353,43,33,Female,1,9,1 - Completely Expected,1 - Absolutely Yes,1 - cautious,6,1,1 - High,0 - None,2,1,1,1,0,1,0,UK
1354,43,33,Female,1,10,4 - Somewhat Unexpected,"3 - Yes, but would not be feel nice",1 - cautious,14,1,1 - High,1 - Present,4,4,3,1,1,1,1,UK
1355,43,33,Female,1,11,1 - Completely Expected,1 - Absolutely Yes,1 - cautious,12,1,1 - High,0 - None,2,1,1,1,0,1,0,UK
1356,43,33,Female,1,12,5 - Very Unexpected,4 - Certainly Not,1 - cautious,12,2,1 - High,1 - Present,4,5,4,1,1,1,1,UK
1357,43,33,Female,1,13,5 - Very Unexpected,4 - Certainly Not,1 - cautious,10,1,0 - Low,1 - Present,3,5,4,0,1,1,0,UK
1358,43,33,Female,1,14,4 - Somewhat Unexpected,"2 - Yes, a bit inconvenient but manageable",1 - cautious,13,1,0 - Low,1 - Present,3,4,2,0,1,1,0,UK
1359,43,33,Female,1,15,5 - Very Unexpected,"3 - Yes, but would not be feel nice",1 - cautious,3,2,1 - High,1 - Present,4,5,3,1,1,1,1,UK
1360,43,33,Female,1,16,4 - Somewhat Unexpected,"3 - Yes, but would not be feel nice",1 - cautious,14,2,1 - High,1 - Present,4,4,3,1,1,1,1,UK
1361,43,33,Female,1,17,1 - Completely Expected,1 - Absolutely Yes,1 - cautious,5,2,1 - High,0 - None,2,1,1,1,0,1,0,UK
1362,43,33,Female,1,18,1 - Completely Expected,1 - Absolutely Yes,1 - cautious,4,2,0 - Low,0 - None,1,1,1,0,0,1,0,UK
1363,43,33,Female,1,19,4 - Somewhat Unexpected,"2 - Yes, a bit inconvenient but manageable",1 - cautious,1,1,0 - Low,1 - Present,3,4,2,0,1,1,0,UK
1364,43,33,Female,1,20,1 - Completely Expected,1 - Absolutely Yes,1 - cautious,7,1,0 - Low,0 - None,1,1,1,0,0,1,0,UK
1365,43,33,Female,1,21,1 - Completely Expected,"2 - Yes, a bit inconvenient but manageable",1 - cautious,9,1,0 - Low,0 - None,1,1,2,0,0,1,0,UK
1366,43,33,Female,1,22,4 - Somewhat Unexpected,"3 - Yes, but would not be feel nice",1 - cautious,2,1,0 - Low,1 - Present,3,4,3,0,1,1,0,UK
1367,43,33,Female,1,23,1 - Completely Expected,1 - Absolutely Yes,1 - cautious,6,2,1 - High,0 - None,2,1,1,1,0,1,0,UK
1368,43,33,Female,1,24,4 - Somewhat Unexpected,"3 - Yes, but would not be feel nice",1 - cautious,13,2,1 - High,1 - Present,4,4,3,1,1,1,1,UK
1369,43,33,Female,1,25,5 - Very Unexpected,4 - Certainly Not,1 - cautious,9,2,1 - High,1 - Present,4,5,4,1,1,1,1,UK
1370,43,33,Female,1,26,1 - Completely Expected,4 - Certainly Not,1 - cautious,16,1,1 - High,0 - None,2,1,4,1,0,1,0,UK
1371,43,33,Female,1,27,5 - Very Unexpected,4 - Certainly Not,1 - cautious,10,2,0 - Low,1 - Present,3,5,4,0,1,1,0,UK
1372,43,33,Female,1,28,4 - Somewhat Unexpected,4 - Certainly Not,1 - cautious,16,2,0 - Low,1 - Present,3,4,4,0,1,1,0,UK
1373,43,33,Female,1,29,1 - Completely Expected,"3 - Yes, but would not be feel nice",1 - cautious,15,2,0 - Low,0 - None,1,1,3,0,0,1,0,UK
1374,43,33,Female,1,30,1 - Completely Expected,1 - Absolutely Yes,1 - cautious,2,2,1 - High,0 - None,2,1,1,1,0,1,0,UK
1375,43,33,Female,1,31,1 - Completely Expected,1 - Absolutely Yes,1 - cautious,1,2,0 - Low,0 - None,1,1,1,0,0,1,0,UK
1376,43,33,Female,1,32,4 - Somewhat Unexpected,"2 - Yes, a bit inconvenient but manageable",1 - cautious,7,2,1 - High,1 - Present,4,4,2,1,1,1,1,UK
1377,44,47,Male,1,1,2 - Somewhat Expected,1 - Absolutely Yes,0 - adventurous,12,1,0 - Low,0 - None,1,2,1,0,0,0,0,UK
1378,44,47,Male,1,2,4 - Somewhat Unexpected,"2 - Yes, a bit inconvenient but manageable",0 - adventurous,14,1,1 - High,1 - Present,4,4,2,1,1,0,1,UK
1379,44,47,Male,1,3,1 - Completely Expected,1 - Absolutely Yes,0 - adventurous,9,1,1 - High,1 - Present,4,1,1,1,1,0,1,UK
1380,44,47,Male,1,4,5 - Very Unexpected,"3 - Yes, but would not be feel nice",0 - adventurous,15,1,1 - High,1 - Present,4,5,3,1,1,0,1,UK
1381,44,47,Male,1,5,1 - Completely Expected,1 - Absolutely Yes,0 - adventurous,9,2,1 - High,0 - None,2,1,1,1,0,0,0,UK
1382,44,47,Male,1,6,5 - Very Unexpected,4 - Certainly Not,0 - adventurous,1,1,1 - High,0 - None,2,5,4,1,0,0,0,UK
1383,44,47,Male,1,7,1 - Completely Expected,"2 - Yes, a bit inconvenient but manageable",0 - adventurous,6,1,0 - Low,1 - Present,3,1,2,0,1,0,0,UK
1384,44,47,Male,1,8,1 - Completely Expected,1 - Absolutely Yes,0 - adventurous,7,1,0 - Low,0 - None,1,1,1,0,0,0,0,UK
1385,44,47,Male,1,9,2 - Somewhat Expected,"2 - Yes, a bit inconvenient but manageable",0 - adventurous,11,1,1 - High,0 - None,2,2,2,1,0,0,0,UK
1386,44,47,Male,1,10,1 - Completely Expected,1 - Absolutely Yes,0 - adventurous,7,2,0 - Low,0 - None,1,1,1,0,0,0,0,UK
1387,44,47,Male,1,11,1 - Completely Expected,1 - Absolutely Yes,0 - adventurous,13,1,0 - Low,1 - Present,3,1,1,0,1,0,0,UK
1388,44,47,Male,1,12,2 - Somewhat Expected,1 - Absolutely Yes,0 - adventurous,5,1,0 - Low,1 - Present,3,2,1,0,1,0,0,UK
1389,44,47,Male,1,13,1 - Completely Expected,1 - Absolutely Yes,0 - adventurous,8,1,0 - Low,0 - None,1,1,1,0,0,0,0,UK
1390,44,47,Male,1,14,1 - Completely Expected,1 - Absolutely Yes,0 - adventurous,10,1,0 - Low,1 - Present,3,1,1,0,1,0,0,UK
1391,44,47,Male,1,15,1 - Completely Expected,1 - Absolutely Yes,0 - adventurous,4,1,0 - Low,0 - None,1,1,1,0,0,0,0,UK
1392,44,47,Male,1,16,1 - Completely Expected,1 - Absolutely Yes,0 - adventurous,2,1,0 - Low,0 - None,1,1,1,0,0,0,0,UK
1393,44,47,Male,1,17,2 - Somewhat Expected,1 - Absolutely Yes,0 - adventurous,12,2,1 - High,0 - None,2,2,1,1,0,0,0,UK
1394,44,47,Male,1,18,1 - Completely Expected,1 - Absolutely Yes,0 - adventurous,5,2,0 - Low,0 - None,1,1,1,0,0,0,0,UK
1395,44,47,Male,1,19,2 - Somewhat Expected,"2 - Yes, a bit inconvenient but manageable",0 - adventurous,6,2,1 - High,0 - None,2,2,2,1,0,0,0,UK
1396,44,47,Male,1,20,5 - Very Unexpected,1 - Absolutely Yes,0 - adventurous,8,2,0 - Low,1 - Present,3,5,1,0,1,0,0,UK
1397,44,47,Male,1,21,5 - Very Unexpected,4 - Certainly Not,0 - adventurous,2,2,1 - High,1 - Present,4,5,4,1,1,0,1,UK
1398,44,47,Male,1,22,5 - Very Unexpected,1 - Absolutely Yes,0 - adventurous,16,1,0 - Low,1 - Present,3,5,1,0,1,0,0,UK
1399,44,47,Male,1,23,4 - Somewhat Unexpected,1 - Absolutely Yes,0 - adventurous,3,1,1 - High,1 - Present,4,4,1,1,1,0,1,UK
1400,44,47,Male,1,24,2 - Somewhat Expected,"2 - Yes, a bit inconvenient but manageable",0 - adventurous,11,2,1 - High,0 - None,2,2,2,1,0,0,0,UK
1401,44,47,Male,1,25,5 - Very Unexpected,4 - Certainly Not,0 - adventurous,16,2,1 - High,1 - Present,4,5,4,1,1,0,1,UK
1402,44,47,Male,1,26,1 - Completely Expected,1 - Absolutely Yes,0 - adventurous,13,2,0 - Low,0 - None,1,1,1,0,0,0,0,UK
1403,44,47,Male,1,27,5 - Very Unexpected,4 - Certainly Not,0 - adventurous,15,2,0 - Low,1 - Present,3,5,4,0,1,0,0,UK
1404,44,47,Male,1,28,4 - Somewhat Unexpected,"2 - Yes, a bit inconvenient but manageable",0 - adventurous,14,2,1 - High,1 - Present,4,4,2,1,1,0,1,UK
1405,44,47,Male,1,29,1 - Completely Expected,1 - Absolutely Yes,0 - adventurous,4,2,1 - High,1 - Present,4,1,1,1,1,0,1,UK
1406,44,47,Male,1,30,5 - Very Unexpected,4 - Certainly Not,0 - adventurous,1,2,1 - High,0 - None,2,5,4,1,0,0,0,UK
1407,44,47,Male,1,31,5 - Very Unexpected,4 - Certainly Not,0 - adventurous,3,2,0 - Low,1 - Present,3,5,4,0,1,0,0,UK
1408,44,47,Male,1,32,1 - Completely Expected,1 - Absolutely Yes,0 - adventurous,10,2,1 - High,0 - None,2,1,1,1,0,0,0,UK
1409,45,52,Female,1,1,1 - Completely Expected,1 - Absolutely Yes,0 - adventurous,8,1,1 - High,0 - None,2,1,1,1,0,0,0,UK
1410,45,52,Female,1,2,4 - Somewhat Unexpected,"2 - Yes, a bit inconvenient but manageable",0 - adventurous,11,1,0 - Low,0 - None,1,4,2,0,0,0,0,UK
1411,45,52,Female,1,3,2 - Somewhat Expected,"3 - Yes, but would not be feel nice",0 - adventurous,3,1,0 - Low,0 - None,1,2,3,0,0,0,0,UK
1412,45,52,Female,1,4,1 - Completely Expected,1 - Absolutely Yes,0 - adventurous,9,1,0 - Low,0 - None,1,1,1,0,0,0,0,UK
1413,45,52,Female,1,5,5 - Very Unexpected,"2 - Yes, a bit inconvenient but manageable",0 - adventurous,6,1,0 - Low,1 - Present,3,5,2,0,1,0,0,UK
1414,45,52,Female,1,6,1 - Completely Expected,1 - Absolutely Yes,0 - adventurous,5,1,0 - Low,0 - None,1,1,1,0,0,0,0,UK
1415,45,52,Female,1,7,3 - Indifferent / Can't Decide,"2 - Yes, a bit inconvenient but manageable",0 - adventurous,14,1,1 - High,1 - Present,4,3,2,1,1,0,1,UK
1416,45,52,Female,1,8,4 - Somewhat Unexpected,1 - Absolutely Yes,0 - adventurous,9,2,0 - Low,1 - Present,3,4,1,0,1,0,0,UK
1417,45,52,Female,1,9,5 - Very Unexpected,"3 - Yes, but would not be feel nice",0 - adventurous,15,1,1 - High,1 - Present,4,5,3,1,1,0,1,UK
1418,45,52,Female,1,10,1 - Completely Expected,1 - Absolutely Yes,0 - adventurous,14,2,0 - Low,0 - None,1,1,1,0,0,0,0,UK
1419,45,52,Female,1,11,1 - Completely Expected,1 - Absolutely Yes,0 - adventurous,12,1,0 - Low,0 - None,1,1,1,0,0,0,0,UK
1420,45,52,Female,1,12,1 - Completely Expected,1 - Absolutely Yes,0 - adventurous,10,1,1 - High,0 - None,2,1,1,1,0,0,0,UK
1421,45,52,Female,1,13,4 - Somewhat Unexpected,"2 - Yes, a bit inconvenient but manageable",0 - adventurous,4,1,1 - High,1 - Present,4,4,2,1,1,0,1,UK
1422,45,52,Female,1,14,5 - Very Unexpected,1 - Absolutely Yes,0 - adventurous,1,1,1 - High,1 - Present,4,5,1,1,1,0,1,UK
1423,45,52,Female,1,15,2 - Somewhat Expected,"2 - Yes, a bit inconvenient but manageable",0 - adventurous,11,2,1 - High,0 - None,2,2,2,1,0,0,0,UK
1424,45,52,Female,1,16,2 - Somewhat Expected,1 - Absolutely Yes,0 - adventurous,7,1,0 - Low,1 - Present,3,2,1,0,1,0,0,UK
1425,45,52,Female,1,17,4 - Somewhat Unexpected,1 - Absolutely Yes,0 - adventurous,16,1,0 - Low,1 - Present,3,4,1,0,1,0,0,UK
1426,45,52,Female,1,18,1 - Completely Expected,1 - Absolutely Yes,0 - adventurous,8,2,1 - High,0 - None,2,1,1,1,0,0,0,UK
1427,45,52,Female,1,19,5 - Very Unexpected,"2 - Yes, a bit inconvenient but manageable",0 - adventurous,6,2,0 - Low,1 - Present,3,5,2,0,1,0,0,UK
1428,45,52,Female,1,20,1 - Completely Expected,1 - Absolutely Yes,0 - adventurous,4,2,0 - Low,0 - None,1,1,1,0,0,0,0,UK
1429,45,52,Female,1,21,4 - Somewhat Unexpected,1 - Absolutely Yes,0 - adventurous,16,2,0 - Low,1 - Present,3,4,1,0,1,0,0,UK
1430,45,52,Female,1,22,4 - Somewhat Unexpected,1 - Absolutely Yes,0 - adventurous,7,2,1 - High,1 - Present,4,4,1,1,1,0,1,UK
1431,45,52,Female,1,23,5 - Very Unexpected,"2 - Yes, a bit inconvenient but manageable",0 - adventurous,15,2,1 - High,1 - Present,4,5,2,1,1,0,1,UK
1432,45,52,Female,1,24,5 - Very Unexpected,1 - Absolutely Yes,0 - adventurous,12,2,0 - Low,1 - Present,3,5,1,0,1,0,0,UK
1433,45,52,Female,1,25,1 - Completely Expected,1 - Absolutely Yes,0 - adventurous,13,1,1 - High,0 - None,2,1,1,1,0,0,0,UK
1434,45,52,Female,1,26,1 - Completely Expected,1 - Absolutely Yes,0 - adventurous,13,2,0 - Low,0 - None,1,1,1,0,0,0,0,UK
1435,45,52,Female,1,27,1 - Completely Expected,"2 - Yes, a bit inconvenient but manageable",0 - adventurous,2,1,1 - High,0 - None,2,1,2,1,0,0,0,UK
1436,45,52,Female,1,28,1 - Completely Expected,"2 - Yes, a bit inconvenient but manageable",0 - adventurous,3,2,1 - High,0 - None,2,1,2,1,0,0,0,UK
1437,45,52,Female,1,29,4 - Somewhat Unexpected,"2 - Yes, a bit inconvenient but manageable",0 - adventurous,10,2,1 - High,1 - Present,4,4,2,1,1,0,1,UK
1438,45,52,Female,1,30,5 - Very Unexpected,"2 - Yes, a bit inconvenient but manageable",0 - adventurous,1,2,0 - Low,1 - Present,3,5,2,0,1,0,0,UK
1439,45,52,Female,1,31,1 - Completely Expected,"2 - Yes, a bit inconvenient but manageable",0 - adventurous,2,2,1 - High,0 - None,2,1,2,1,0,0,0,UK
1440,45,52,Female,1,32,5 - Very Unexpected,"2 - Yes, a bit inconvenient but manageable",0 - adventurous,5,2,1 - High,1 - Present,4,5,2,1,1,0,1,UK
1441,46,46,Female,1,1,5 - Very Unexpected,"2 - Yes, a bit inconvenient but manageable",0 - adventurous,12,1,0 - Low,1 - Present,3,5,2,0,1,0,0,UK
1442,46,46,Female,1,2,1 - Completely Expected,1 - Absolutely Yes,0 - adventurous,1,1,0 - Low,0 - None,1,1,1,0,0,0,0,UK
1443,46,46,Female,1,3,1 - Completely Expected,1 - Absolutely Yes,0 - adventurous,10,1,0 - Low,0 - None,1,1,1,0,0,0,0,UK
1444,46,46,Female,1,4,5 - Very Unexpected,4 - Certainly Not,0 - adventurous,14,1,0 - Low,1 - Present,3,5,4,0,1,0,0,UK
1445,46,46,Female,1,5,4 - Somewhat Unexpected,1 - Absolutely Yes,0 - adventurous,9,1,1 - High,1 - Present,4,4,1,1,1,0,1,UK
1446,46,46,Female,1,6,1 - Completely Expected,1 - Absolutely Yes,0 - adventurous,5,1,0 - Low,1 - Present,3,1,1,0,1,0,0,UK
1447,46,46,Female,1,7,1 - Completely Expected,1 - Absolutely Yes,0 - adventurous,14,2,0 - Low,0 - None,1,1,1,0,0,0,0,UK
1448,46,46,Female,1,8,5 - Very Unexpected,4 - Certainly Not,0 - adventurous,4,1,0 - Low,1 - Present,3,5,4,0,1,0,0,UK
1449,46,46,Female,1,9,1 - Completely Expected,1 - Absolutely Yes,0 - adventurous,7,1,1 - High,0 - None,2,1,1,1,0,0,0,UK
1450,46,46,Female,1,10,1 - Completely Expected,1 - Absolutely Yes,0 - adventurous,15,1,1 - High,0 - None,2,1,1,1,0,0,0,UK
1451,46,46,Female,1,11,1 - Completely Expected,1 - Absolutely Yes,0 - adventurous,16,1,1 - High,0 - None,2,1,1,1,0,0,0,UK
1452,46,46,Female,1,12,4 - Somewhat Unexpected,"2 - Yes, a bit inconvenient but manageable",0 - adventurous,10,2,1 - High,1 - Present,4,4,2,1,1,0,1,UK
1453,46,46,Female,1,13,5 - Very Unexpected,"2 - Yes, a bit inconvenient but manageable",0 - adventurous,11,1,1 - High,1 - Present,4,5,2,1,1,0,1,UK
1454,46,46,Female,1,14,5 - Very Unexpected,1 - Absolutely Yes,0 - adventurous,1,2,1 - High,1 - Present,4,5,1,1,1,0,1,UK
1455,46,46,Female,1,15,3 - Indifferent / Can't Decide,"2 - Yes, a bit inconvenient but manageable",0 - adventurous,8,1,1 - High,1 - Present,4,3,2,1,1,0,1,UK
1456,46,46,Female,1,16,4 - Somewhat Unexpected,"2 - Yes, a bit inconvenient but manageable",0 - adventurous,5,2,1 - High,1 - Present,4,4,2,1,1,0,1,UK
1457,46,46,Female,1,17,4 - Somewhat Unexpected,"2 - Yes, a bit inconvenient but manageable",0 - adventurous,16,2,0 - Low,1 - Present,3,4,2,0,1,0,0,UK
1458,46,46,Female,1,18,1 - Completely Expected,1 - Absolutely Yes,0 - adventurous,2,1,1 - High,0 - None,2,1,1,1,0,0,0,UK
1459,46,46,Female,1,19,4 - Somewhat Unexpected,"2 - Yes, a bit inconvenient but manageable",0 - adventurous,11,2,0 - Low,1 - Present,3,4,2,0,1,0,0,UK
1460,46,46,Female,1,20,1 - Completely Expected,1 - Absolutely Yes,0 - adventurous,4,2,1 - High,0 - None,2,1,1,1,0,0,0,UK
1461,46,46,Female,1,21,4 - Somewhat Unexpected,"2 - Yes, a bit inconvenient but manageable",0 - adventurous,15,2,0 - Low,1 - Present,3,4,2,0,1,0,0,UK
1462,46,46,Female,1,22,1 - Completely Expected,1 - Absolutely Yes,0 - adventurous,13,1,1 - High,0 - None,2,1,1,1,0,0,0,UK
1463,46,46,Female,1,23,1 - Completely Expected,1 - Absolutely Yes,0 - adventurous,7,2,1 - High,0 - None,2,1,1,1,0,0,0,UK
1464,46,46,Female,1,24,1 - Completely Expected,1 - Absolutely Yes,0 - adventurous,2,2,0 - Low,0 - None,1,1,1,0,0,0,0,UK
1465,46,46,Female,1,25,1 - Completely Expected,1 - Absolutely Yes,0 - adventurous,13,2,0 - Low,0 - None,1,1,1,0,0,0,0,UK
1466,46,46,Female,1,26,4 - Somewhat Unexpected,"2 - Yes, a bit inconvenient but manageable",0 - adventurous,6,1,0 - Low,1 - Present,3,4,2,0,1,0,0,UK
1467,46,46,Female,1,27,1 - Completely Expected,1 - Absolutely Yes,0 - adventurous,9,2,0 - Low,0 - None,1,1,1,0,0,0,0,UK
1468,46,46,Female,1,28,1 - Completely Expected,1 - Absolutely Yes,0 - adventurous,8,2,0 - Low,0 - None,1,1,1,0,0,0,0,UK
1469,46,46,Female,1,29,4 - Somewhat Unexpected,"2 - Yes, a bit inconvenient but manageable",0 - adventurous,3,1,1 - High,1 - Present,4,4,2,1,1,0,1,UK
1470,46,46,Female,1,30,1 - Completely Expected,1 - Absolutely Yes,0 - adventurous,6,2,1 - High,0 - None,2,1,1,1,0,0,0,UK
1471,46,46,Female,1,31,3 - Indifferent / Can't Decide,"2 - Yes, a bit inconvenient but manageable",0 - adventurous,3,2,0 - Low,0 - None,1,3,2,0,0,0,0,UK
1472,46,46,Female,1,32,4 - Somewhat Unexpected,"2 - Yes, a bit inconvenient but manageable",0 - adventurous,12,2,1 - High,1 - Present,4,4,2,1,1,0,1,UK
1473,47,46,Male,-4,1,5 - Very Unexpected,4 - Certainly Not,0 - adventurous,11,1,1 - High,1 - Present,4,5,4,1,1,0,1,US
1474,47,46,Male,-4,2,1 - Completely Expected,"2 - Yes, a bit inconvenient but manageable",0 - adventurous,8,1,1 - High,0 - None,2,1,2,1,0,0,0,US
1475,47,46,Male,-4,3,5 - Very Unexpected,"3 - Yes, but would not be feel nice",0 - adventurous,6,1,1 - High,1 - Present,4,5,3,1,1,0,1,US
1476,47,46,Male,-4,4,2 - Somewhat Expected,1 - Absolutely Yes,0 - adventurous,16,1,0 - Low,1 - Present,3,2,1,0,1,0,0,US
1477,47,46,Male,-4,5,2 - Somewhat Expected,"2 - Yes, a bit inconvenient but manageable",0 - adventurous,9,1,1 - High,0 - None,2,2,2,1,0,0,0,US
1478,47,46,Male,-4,6,4 - Somewhat Unexpected,"2 - Yes, a bit inconvenient but manageable",0 - adventurous,9,2,0 - Low,1 - Present,3,4,2,0,1,0,0,US
1479,47,46,Male,-4,7,5 - Very Unexpected,"3 - Yes, but would not be feel nice",0 - adventurous,15,1,1 - High,1 - Present,4,5,3,1,1,0,1,US
1480,47,46,Male,-4,8,4 - Somewhat Unexpected,"2 - Yes, a bit inconvenient but manageable",0 - adventurous,7,1,0 - Low,1 - Present,3,4,2,0,1,0,0,US
1481,47,46,Male,-4,9,2 - Somewhat Expected,1 - Absolutely Yes,0 - adventurous,4,1,0 - Low,1 - Present,3,2,1,0,1,0,0,US
1482,47,46,Male,-4,10,1 - Completely Expected,1 - Absolutely Yes,0 - adventurous,12,1,0 - Low,0 - None,1,1,1,0,0,0,0,US
1483,47,46,Male,-4,11,1 - Completely Expected,1 - Absolutely Yes,0 - adventurous,1,1,1 - High,0 - None,2,1,1,1,0,0,0,US
1484,47,46,Male,-4,12,5 - Very Unexpected,4 - Certainly Not,0 - adventurous,11,2,1 - High,1 - Present,4,5,4,1,1,0,1,US
1485,47,46,Male,-4,13,1 - Completely Expected,1 - Absolutely Yes,0 - adventurous,6,2,0 - Low,0 - None,1,1,1,0,0,0,0,US
1486,47,46,Male,-4,14,2 - Somewhat Expected,1 - Absolutely Yes,0 - adventurous,16,2,1 - High,1 - Present,4,2,1,1,1,0,1,US
1487,47,46,Male,-4,15,5 - Very Unexpected,"2 - Yes, a bit inconvenient but manageable",0 - adventurous,2,1,0 - Low,1 - Present,3,5,2,0,1,0,0,US
1488,47,46,Male,-4,16,4 - Somewhat Unexpected,"2 - Yes, a bit inconvenient but manageable",0 - adventurous,7,2,0 - Low,1 - Present,3,4,2,0,1,0,0,US
1489,47,46,Male,-4,17,4 - Somewhat Unexpected,1 - Absolutely Yes,0 - adventurous,5,1,0 - Low,1 - Present,3,4,1,0,1,0,0,US
1490,47,46,Male,-4,18,2 - Somewhat Expected,"3 - Yes, but would not be feel nice",0 - adventurous,13,1,0 - Low,0 - None,1,2,3,0,0,0,0,US
1491,47,46,Male,-4,19,2 - Somewhat Expected,1 - Absolutely Yes,0 - adventurous,1,2,0 - Low,0 - None,1,2,1,0,0,0,0,US
1492,47,46,Male,-4,20,4 - Somewhat Unexpected,"2 - Yes, a bit inconvenient but manageable",0 - adventurous,3,1,1 - High,1 - Present,4,4,2,1,1,0,1,US
1493,47,46,Male,-4,21,2 - Somewhat Expected,1 - Absolutely Yes,0 - adventurous,4,2,0 - Low,0 - None,1,2,1,0,0,0,0,US
1494,47,46,Male,-4,22,2 - Somewhat Expected,"2 - Yes, a bit inconvenient but manageable",0 - adventurous,14,1,1 - High,0 - None,2,2,2,1,0,0,0,US
1495,47,46,Male,-4,23,4 - Somewhat Unexpected,"2 - Yes, a bit inconvenient but manageable",0 - adventurous,14,2,1 - High,1 - Present,4,4,2,1,1,0,1,US
1496,47,46,Male,-4,24,3 - Indifferent / Can't Decide,"3 - Yes, but would not be feel nice",0 - adventurous,13,2,0 - Low,0 - None,1,3,3,0,0,0,0,US
1497,47,46,Male,-4,25,2 - Somewhat Expected,"3 - Yes, but would not be feel nice",0 - adventurous,3,2,0 - Low,0 - None,1,2,3,0,0,0,0,US
1498,47,46,Male,-4,26,2 - Somewhat Expected,1 - Absolutely Yes,0 - adventurous,5,2,0 - Low,0 - None,1,2,1,0,0,0,0,US
1499,47,46,Male,-4,27,4 - Somewhat Unexpected,"2 - Yes, a bit inconvenient but manageable",0 - adventurous,15,2,1 - High,0 - None,2,4,2,1,0,0,0,US
1500,47,46,Male,-4,28,2 - Somewhat Expected,"3 - Yes, but would not be feel nice",0 - adventurous,2,2,1 - High,0 - None,2,2,3,1,0,0,0,US
1501,47,46,Male,-4,29,4 - Somewhat Unexpected,1 - Absolutely Yes,0 - adventurous,10,1,0 - Low,1 - Present,3,4,1,0,1,0,0,US
1502,47,46,Male,-4,30,3 - Indifferent / Can't Decide,"2 - Yes, a bit inconvenient but manageable",0 - adventurous,8,2,1 - High,1 - Present,4,3,2,1,1,0,1,US
1503,47,46,Male,-4,31,2 - Somewhat Expected,"3 - Yes, but would not be feel nice",0 - adventurous,10,2,1 - High,0 - None,2,2,3,1,0,0,0,US
1504,47,46,Male,-4,32,2 - Somewhat Expected,"2 - Yes, a bit inconvenient but manageable",0 - adventurous,12,2,1 - High,0 - None,2,2,2,1,0,0,0,US
1505,48,34,Male,1,1,5 - Very Unexpected,4 - Certainly Not,0 - adventurous,1,1,1 - High,1 - Present,4,5,4,1,1,0,1,UK
1506,48,34,Male,1,2,4 - Somewhat Unexpected,1 - Absolutely Yes,0 - adventurous,9,1,0 - Low,1 - Present,3,4,1,0,1,0,0,UK
1507,48,34,Male,1,3,5 - Very Unexpected,1 - Absolutely Yes,0 - adventurous,3,1,1 - High,1 - Present,4,5,1,1,1,0,1,UK
1508,48,34,Male,1,4,5 - Very Unexpected,4 - Certainly Not,0 - adventurous,6,1,1 - High,1 - Present,4,5,4,1,1,0,1,UK
1509,48,34,Male,1,5,1 - Completely Expected,1 - Absolutely Yes,0 - adventurous,13,1,0 - Low,0 - None,1,1,1,0,0,0,0,UK
1510,48,34,Male,1,6,2 - Somewhat Expected,1 - Absolutely Yes,0 - adventurous,5,1,1 - High,0 - None,2,2,1,1,0,0,0,UK
1511,48,34,Male,1,7,1 - Completely Expected,1 - Absolutely Yes,0 - adventurous,12,1,1 - High,0 - None,2,1,1,1,0,0,0,UK
1512,48,34,Male,1,8,5 - Very Unexpected,"3 - Yes, but would not be feel nice",0 - adventurous,2,1,1 - High,1 - Present,4,5,3,1,1,0,1,UK
1513,48,34,Male,1,9,5 - Very Unexpected,"2 - Yes, a bit inconvenient but manageable",0 - adventurous,15,1,0 - Low,1 - Present,3,5,2,0,1,0,0,UK
1514,48,34,Male,1,10,4 - Somewhat Unexpected,1 - Absolutely Yes,0 - adventurous,7,1,1 - High,1 - Present,4,4,1,1,1,0,1,UK
1515,48,34,Male,1,11,3 - Indifferent / Can't Decide,1 - Absolutely Yes,0 - adventurous,8,1,0 - Low,1 - Present,3,3,1,0,1,0,0,UK
1516,48,34,Male,1,12,4 - Somewhat Unexpected,1 - Absolutely Yes,0 - adventurous,4,1,0 - Low,0 - None,1,4,1,0,0,0,0,UK
1517,48,34,Male,1,13,5 - Very Unexpected,1 - Absolutely Yes,0 - adventurous,13,2,0 - Low,1 - Present,3,5,1,0,1,0,0,UK
1518,48,34,Male,1,14,5 - Very Unexpected,1 - Absolutely Yes,0 - adventurous,16,1,0 - Low,1 - Present,3,5,1,0,1,0,0,UK
1519,48,34,Male,1,15,1 - Completely Expected,"3 - Yes, but would not be feel nice",0 - adventurous,1,2,1 - High,0 - None,2,1,3,1,0,0,0,UK
1520,48,34,Male,1,16,1 - Completely Expected,1 - Absolutely Yes,0 - adventurous,6,2,1 - High,0 - None,2,1,1,1,0,0,0,UK
1521,48,34,Male,1,17,1 - Completely Expected,"3 - Yes, but would not be feel nice",0 - adventurous,15,2,0 - Low,0 - None,1,1,3,0,0,0,0,UK
1522,48,34,Male,1,18,1 - Completely Expected,"2 - Yes, a bit inconvenient but manageable",0 - adventurous,10,1,1 - High,0 - None,2,1,2,1,0,0,0,UK
1523,48,34,Male,1,19,5 - Very Unexpected,"2 - Yes, a bit inconvenient but manageable",0 - adventurous,11,1,0 - Low,1 - Present,3,5,2,0,1,0,0,UK
1524,48,34,Male,1,20,5 - Very Unexpected,"3 - Yes, but would not be feel nice",0 - adventurous,2,2,1 - High,1 - Present,4,5,3,1,1,0,1,UK
1525,48,34,Male,1,21,1 - Completely Expected,"2 - Yes, a bit inconvenient but manageable",0 - adventurous,11,2,1 - High,0 - None,2,1,2,1,0,0,0,UK
1526,48,34,Male,1,22,1 - Completely Expected,1 - Absolutely Yes,0 - adventurous,14,1,0 - Low,0 - None,1,1,1,0,0,0,0,UK
1527,48,34,Male,1,23,1 - Completely Expected,1 - Absolutely Yes,0 - adventurous,12,2,1 - High,0 - None,2,1,1,1,0,0,0,UK
1528,48,34,Male,1,24,4 - Somewhat Unexpected,1 - Absolutely Yes,0 - adventurous,4,2,0 - Low,0 - None,1,4,1,0,0,0,0,UK
1529,48,34,Male,1,25,1 - Completely Expected,"2 - Yes, a bit inconvenient but manageable",0 - adventurous,14,2,1 - High,0 - None,2,1,2,1,0,0,0,UK
1530,48,34,Male,1,26,5 - Very Unexpected,1 - Absolutely Yes,0 - adventurous,16,2,0 - Low,1 - Present,3,5,1,0,1,0,0,UK
1531,48,34,Male,1,27,4 - Somewhat Unexpected,"2 - Yes, a bit inconvenient but manageable",0 - adventurous,9,2,0 - Low,1 - Present,3,4,2,0,1,0,0,UK
1532,48,34,Male,1,28,1 - Completely Expected,1 - Absolutely Yes,0 - adventurous,8,2,0 - Low,0 - None,1,1,1,0,0,0,0,UK
1533,48,34,Male,1,29,1 - Completely Expected,1 - Absolutely Yes,0 - adventurous,10,2,0 - Low,0 - None,1,1,1,0,0,0,0,UK
1534,48,34,Male,1,30,5 - Very Unexpected,1 - Absolutely Yes,0 - adventurous,3,2,1 - High,1 - Present,4,5,1,1,1,0,1,UK
1535,48,34,Male,1,31,1 - Completely Expected,1 - Absolutely Yes,0 - adventurous,7,2,0 - Low,0 - None,1,1,1,0,0,0,0,UK
1536,48,34,Male,1,32,5 - Very Unexpected,1 - Absolutely Yes,0 - adventurous,5,2,1 - High,1 - Present,4,5,1,1,1,0,1,UK
1537,49,44,Male,1,1,1 - Completely Expected,1 - Absolutely Yes,0 - adventurous,2,1,1 - High,0 - None,2,1,1,1,0,0,0,UK
1538,49,44,Male,1,2,2 - Somewhat Expected,"2 - Yes, a bit inconvenient but manageable",0 - adventurous,13,1,1 - High,0 - None,2,2,2,1,0,0,0,UK
1539,49,44,Male,1,3,2 - Somewhat Expected,"3 - Yes, but would not be feel nice",0 - adventurous,15,1,0 - Low,0 - None,1,2,3,0,0,0,0,UK
1540,49,44,Male,1,4,5 - Very Unexpected,1 - Absolutely Yes,0 - adventurous,10,1,0 - Low,1 - Present,3,5,1,0,1,0,0,UK
1541,49,44,Male,1,5,1 - Completely Expected,1 - Absolutely Yes,0 - adventurous,4,1,1 - High,0 - None,2,1,1,1,0,0,0,UK
1542,49,44,Male,1,6,1 - Completely Expected,1 - Absolutely Yes,0 - adventurous,7,1,1 - High,0 - None,2,1,1,1,0,0,0,UK
1543,49,44,Male,1,7,5 - Very Unexpected,"3 - Yes, but would not be feel nice",0 - adventurous,2,2,0 - Low,1 - Present,3,5,3,0,1,0,0,UK
1544,49,44,Male,1,8,2 - Somewhat Expected,"3 - Yes, but would not be feel nice",0 - adventurous,13,2,0 - Low,0 - None,1,2,3,0,0,0,0,UK
1545,49,44,Male,1,9,5 - Very Unexpected,"2 - Yes, a bit inconvenient but manageable",0 - adventurous,15,2,1 - High,1 - Present,4,5,2,1,1,0,1,UK
1546,49,44,Male,1,10,5 - Very Unexpected,"3 - Yes, but would not be feel nice",0 - adventurous,10,2,1 - High,1 - Present,4,5,3,1,1,0,1,UK
1547,49,44,Male,1,11,4 - Somewhat Unexpected,1 - Absolutely Yes,0 - adventurous,8,1,1 - High,1 - Present,4,4,1,1,1,0,1,UK
1548,49,44,Male,1,12,5 - Very Unexpected,"2 - Yes, a bit inconvenient but manageable",0 - adventurous,9,1,0 - Low,1 - Present,3,5,2,0,1,0,0,UK
1549,49,44,Male,1,13,1 - Completely Expected,1 - Absolutely Yes,0 - adventurous,16,1,0 - Low,0 - None,1,1,1,0,0,0,0,UK
1550,49,44,Male,1,14,5 - Very Unexpected,"3 - Yes, but would not be feel nice",0 - adventurous,1,1,1 - High,1 - Present,4,5,3,1,1,0,1,UK
1551,49,44,Male,1,15,5 - Very Unexpected,"3 - Yes, but would not be feel nice",0 - adventurous,14,1,1 - High,1 - Present,4,5,3,1,1,0,1,UK
1552,49,44,Male,1,16,1 - Completely Expected,1 - Absolutely Yes,0 - adventurous,12,1,0 - Low,0 - None,1,1,1,0,0,0,0,UK
1553,49,44,Male,1,17,5 - Very Unexpected,4 - Certainly Not,0 - adventurous,6,1,1 - High,1 - Present,4,5,4,1,1,0,1,UK
1554,49,44,Male,1,18,5 - Very Unexpected,1 - Absolutely Yes,0 - adventurous,3,1,0 - Low,1 - Present,3,5,1,0,1,0,0,UK
1555,49,44,Male,1,19,5 - Very Unexpected,"3 - Yes, but would not be feel nice",0 - adventurous,12,2,1 - High,1 - Present,4,5,3,1,1,0,1,UK
1556,49,44,Male,1,20,1 - Completely Expected,1 - Absolutely Yes,0 - adventurous,6,2,1 - High,0 - None,2,1,1,1,0,0,0,UK
1557,49,44,Male,1,21,5 - Very Unexpected,"2 - Yes, a bit inconvenient but manageable",0 - adventurous,3,2,0 - Low,1 - Present,3,5,2,0,1,0,0,UK
1558,49,44,Male,1,22,1 - Completely Expected,1 - Absolutely Yes,0 - adventurous,5,1,0 - Low,0 - None,1,1,1,0,0,0,0,UK
1559,49,44,Male,1,23,1 - Completely Expected,1 - Absolutely Yes,0 - adventurous,1,2,1 - High,0 - None,2,1,1,1,0,0,0,UK
1560,49,44,Male,1,24,1 - Completely Expected,1 - Absolutely Yes,0 - adventurous,5,2,1 - High,0 - None,2,1,1,1,0,0,0,UK
1561,49,44,Male,1,25,1 - Completely Expected,1 - Absolutely Yes,0 - adventurous,9,2,0 - Low,0 - None,1,1,1,0,0,0,0,UK
1562,49,44,Male,1,26,1 - Completely Expected,1 - Absolutely Yes,0 - adventurous,7,2,1 - High,0 - None,2,1,1,1,0,0,0,UK
1563,49,44,Male,1,27,4 - Somewhat Unexpected,1 - Absolutely Yes,0 - adventurous,11,1,0 - Low,0 - None,1,4,1,0,0,0,0,UK
1564,49,44,Male,1,28,5 - Very Unexpected,"3 - Yes, but would not be feel nice",0 - adventurous,11,2,0 - Low,1 - Present,3,5,3,0,1,0,0,UK
1565,49,44,Male,1,29,4 - Somewhat Unexpected,"2 - Yes, a bit inconvenient but manageable",0 - adventurous,4,2,1 - High,1 - Present,4,4,2,1,1,0,1,UK
1566,49,44,Male,1,30,5 - Very Unexpected,1 - Absolutely Yes,0 - adventurous,8,2,0 - Low,1 - Present,3,5,1,0,1,0,0,UK
1567,49,44,Male,1,31,1 - Completely Expected,1 - Absolutely Yes,0 - adventurous,16,2,0 - Low,0 - None,1,1,1,0,0,0,0,UK
1568,49,44,Male,1,32,5 - Very Unexpected,"2 - Yes, a bit inconvenient but manageable",0 - adventurous,14,2,0 - Low,1 - Present,3,5,2,0,1,0,0,UK
1569,50,30,Female,-5,1,1 - Completely Expected,"2 - Yes, a bit inconvenient but manageable",1 - cautious,2,1,1 - High,0 - None,2,1,2,1,0,1,0,US
1570,50,30,Female,-5,2,5 - Very Unexpected,"3 - Yes, but would not be feel nice",1 - cautious,5,1,0 - Low,1 - Present,3,5,3,0,1,1,0,US
1571,50,30,Female,-5,3,1 - Completely Expected,4 - Certainly Not,1 - cautious,7,1,1 - High,0 - None,2,1,4,1,0,1,0,US
1572,50,30,Female,-5,4,5 - Very Unexpected,"3 - Yes, but would not be feel nice",1 - cautious,6,1,0 - Low,1 - Present,3,5,3,0,1,1,0,US
1573,50,30,Female,-5,5,5 - Very Unexpected,"2 - Yes, a bit inconvenient but manageable",1 - cautious,16,1,1 - High,1 - Present,4,5,2,1,1,1,1,US
1574,50,30,Female,-5,6,1 - Completely Expected,"2 - Yes, a bit inconvenient but manageable",1 - cautious,14,1,1 - High,0 - None,2,1,2,1,0,1,0,US
1575,50,30,Female,-5,7,4 - Somewhat Unexpected,4 - Certainly Not,1 - cautious,11,1,1 - High,0 - None,2,4,4,1,0,1,0,US
1576,50,30,Female,-5,8,5 - Very Unexpected,4 - Certainly Not,1 - cautious,12,1,0 - Low,1 - Present,3,5,4,0,1,1,0,US
1577,50,30,Female,-5,9,1 - Completely Expected,1 - Absolutely Yes,1 - cautious,16,2,0 - Low,0 - None,1,1,1,0,0,1,0,US
1578,50,30,Female,-5,10,5 - Very Unexpected,4 - Certainly Not,1 - cautious,6,2,1 - High,1 - Present,4,5,4,1,1,1,1,US
1579,50,30,Female,-5,11,4 - Somewhat Unexpected,"2 - Yes, a bit inconvenient but manageable",1 - cautious,8,1,1 - High,1 - Present,4,4,2,1,1,1,1,US
1580,50,30,Female,-5,12,1 - Completely Expected,1 - Absolutely Yes,1 - cautious,9,1,0 - Low,0 - None,1,1,1,0,0,1,0,US
1581,50,30,Female,-5,13,5 - Very Unexpected,4 - Certainly Not,1 - cautious,12,2,0 - Low,1 - Present,3,5,4,0,1,1,0,US
1582,50,30,Female,-5,14,5 - Very Unexpected,"2 - Yes, a bit inconvenient but manageable",1 - cautious,1,1,1 - High,1 - Present,4,5,2,1,1,1,1,US
1583,50,30,Female,-5,15,2 - Somewhat Expected,"2 - Yes, a bit inconvenient but manageable",1 - cautious,8,2,0 - Low,1 - Present,3,2,2,0,1,1,0,US
1584,50,30,Female,-5,16,5 - Very Unexpected,"3 - Yes, but would not be feel nice",1 - cautious,10,1,0 - Low,1 - Present,3,5,3,0,1,1,0,US
1585,50,30,Female,-5,17,1 - Completely Expected,"3 - Yes, but would not be feel nice",1 - cautious,3,1,1 - High,0 - None,2,1,3,1,0,1,0,US
1586,50,30,Female,-5,18,3 - Indifferent / Can't Decide,"2 - Yes, a bit inconvenient but manageable",1 - cautious,4,1,0 - Low,0 - None,1,3,2,0,0,1,0,US
1587,50,30,Female,-5,19,5 - Very Unexpected,4 - Certainly Not,1 - cautious,11,2,0 - Low,1 - Present,3,5,4,0,1,1,0,US
1588,50,30,Female,-5,20,1 - Completely Expected,1 - Absolutely Yes,1 - cautious,13,1,0 - Low,0 - None,1,1,1,0,0,1,0,US
1589,50,30,Female,-5,21,1 - Completely Expected,"2 - Yes, a bit inconvenient but manageable",1 - cautious,15,1,1 - High,0 - None,2,1,2,1,0,1,0,US
1590,50,30,Female,-5,22,1 - Completely Expected,"2 - Yes, a bit inconvenient but manageable",1 - cautious,5,2,0 - Low,0 - None,1,1,2,0,0,1,0,US
1591,50,30,Female,-5,23,5 - Very Unexpected,"2 - Yes, a bit inconvenient but manageable",1 - cautious,1,2,1 - High,1 - Present,4,5,2,1,1,1,1,US
1592,50,30,Female,-5,24,1 - Completely Expected,"2 - Yes, a bit inconvenient but manageable",1 - cautious,7,2,0 - Low,0 - None,1,1,2,0,0,1,0,US
1593,50,30,Female,-5,25,5 - Very Unexpected,4 - Certainly Not,1 - cautious,15,2,1 - High,1 - Present,4,5,4,1,1,1,1,US
1594,50,30,Female,-5,26,5 - Very Unexpected,"2 - Yes, a bit inconvenient but manageable",1 - cautious,2,2,0 - Low,1 - Present,3,5,2,0,1,1,0,US
1595,50,30,Female,-5,27,5 - Very Unexpected,"2 - Yes, a bit inconvenient but manageable",1 - cautious,13,2,1 - High,1 - Present,4,5,2,1,1,1,1,US
1596,50,30,Female,-5,28,1 - Completely Expected,"3 - Yes, but would not be feel nice",1 - cautious,3,2,1 - High,0 - None,2,1,3,1,0,1,0,US
1597,50,30,Female,-5,29,1 - Completely Expected,"3 - Yes, but would not be feel nice",1 - cautious,4,2,1 - High,0 - None,2,1,3,1,0,1,0,US
1598,50,30,Female,-5,30,1 - Completely Expected,"2 - Yes, a bit inconvenient but manageable",1 - cautious,9,2,0 - Low,0 - None,1,1,2,0,0,1,0,US
1599,50,30,Female,-5,31,1 - Completely Expected,1 - Absolutely Yes,1 - cautious,10,2,0 - Low,0 - None,1,1,1,0,0,1,0,US
1600,50,30,Female,-5,32,5 - Very Unexpected,4 - Certainly Not,1 - cautious,14,2,1 - High,1 - Present,4,5,4,1,1,1,1,US
1601,51,36,Female,1,1,5 - Very Unexpected,1 - Absolutely Yes,1 - cautious,5,1,1 - High,1 - Present,4,5,1,1,1,1,1,UK
1602,51,36,Female,1,2,4 - Somewhat Unexpected,"2 - Yes, a bit inconvenient but manageable",1 - cautious,6,1,0 - Low,1 - Present,3,4,2,0,1,1,0,UK
1603,51,36,Female,1,3,5 - Very Unexpected,4 - Certainly Not,1 - cautious,16,1,0 - Low,1 - Present,3,5,4,0,1,1,0,UK
1604,51,36,Female,1,4,4 - Somewhat Unexpected,"2 - Yes, a bit inconvenient but manageable",1 - cautious,4,1,1 - High,1 - Present,4,4,2,1,1,1,1,UK
1605,51,36,Female,1,5,4 - Somewhat Unexpected,1 - Absolutely Yes,1 - cautious,3,1,0 - Low,0 - None,1,4,1,0,0,1,0,UK
1606,51,36,Female,1,6,5 - Very Unexpected,4 - Certainly Not,1 - cautious,13,1,1 - High,1 - Present,4,5,4,1,1,1,1,UK
1607,51,36,Female,1,7,2 - Somewhat Expected,"3 - Yes, but would not be feel nice",1 - cautious,16,2,1 - High,0 - None,2,2,3,1,0,1,0,UK
1608,51,36,Female,1,8,2 - Somewhat Expected,"2 - Yes, a bit inconvenient but manageable",1 - cautious,9,1,1 - High,0 - None,2,2,2,1,0,1,0,UK
1609,51,36,Female,1,9,5 - Very Unexpected,"3 - Yes, but would not be feel nice",1 - cautious,14,1,1 - High,1 - Present,4,5,3,1,1,1,1,UK
1610,51,36,Female,1,10,1 - Completely Expected,1 - Absolutely Yes,1 - cautious,12,1,0 - Low,0 - None,1,1,1,0,0,1,0,UK
1611,51,36,Female,1,11,5 - Very Unexpected,4 - Certainly Not,1 - cautious,11,1,1 - High,0 - None,2,5,4,1,0,1,0,UK
1612,51,36,Female,1,12,1 - Completely Expected,1 - Absolutely Yes,1 - cautious,10,1,0 - Low,0 - None,1,1,1,0,0,1,0,UK
1613,51,36,Female,1,13,5 - Very Unexpected,4 - Certainly Not,1 - cautious,1,1,1 - High,1 - Present,4,5,4,1,1,1,1,UK
1614,51,36,Female,1,14,1 - Completely Expected,1 - Absolutely Yes,1 - cautious,14,2,1 - High,0 - None,2,1,1,1,0,1,0,UK
1615,51,36,Female,1,15,1 - Completely Expected,1 - Absolutely Yes,1 - cautious,6,2,0 - Low,0 - None,1,1,1,0,0,1,0,UK
1616,51,36,Female,1,16,1 - Completely Expected,"2 - Yes, a bit inconvenient but manageable",1 - cautious,13,2,0 - Low,0 - None,1,1,2,0,0,1,0,UK
1617,51,36,Female,1,17,1 - Completely Expected,1 - Absolutely Yes,1 - cautious,2,1,1 - High,0 - None,2,1,1,1,0,1,0,UK
1618,51,36,Female,1,18,5 - Very Unexpected,4 - Certainly Not,1 - cautious,15,1,0 - Low,1 - Present,3,5,4,0,1,1,0,UK
1619,51,36,Female,1,19,1 - Completely Expected,1 - Absolutely Yes,1 - cautious,7,1,1 - High,0 - None,2,1,1,1,0,1,0,UK
1620,51,36,Female,1,20,5 - Very Unexpected,4 - Certainly Not,1 - cautious,11,2,1 - High,1 - Present,4,5,4,1,1,1,1,UK
1621,51,36,Female,1,21,5 - Very Unexpected,4 - Certainly Not,1 - cautious,12,2,0 - Low,1 - Present,3,5,4,0,1,1,0,UK
1622,51,36,Female,1,22,1 - Completely Expected,1 - Absolutely Yes,1 - cautious,8,1,1 - High,0 - None,2,1,1,1,0,1,0,UK
1623,51,36,Female,1,23,5 - Very Unexpected,4 - Certainly Not,1 - cautious,15,2,0 - Low,1 - Present,3,5,4,0,1,1,0,UK
1624,51,36,Female,1,24,2 - Somewhat Expected,"2 - Yes, a bit inconvenient but manageable",1 - cautious,3,2,0 - Low,0 - None,1,2,2,0,0,1,0,UK
1625,51,36,Female,1,25,2 - Somewhat Expected,1 - Absolutely Yes,1 - cautious,9,2,0 - Low,0 - None,1,2,1,0,0,1,0,UK
1626,51,36,Female,1,26,4 - Somewhat Unexpected,4 - Certainly Not,1 - cautious,1,2,0 - Low,1 - Present,3,4,4,0,1,1,0,UK
1627,51,36,Female,1,27,5 - Very Unexpected,"3 - Yes, but would not be feel nice",1 - cautious,10,2,1 - High,1 - Present,4,5,3,1,1,1,1,UK
1628,51,36,Female,1,28,2 - Somewhat Expected,"2 - Yes, a bit inconvenient but manageable",1 - cautious,4,2,0 - Low,0 - None,1,2,2,0,0,1,0,UK
1629,51,36,Female,1,29,1 - Completely Expected,1 - Absolutely Yes,1 - cautious,8,2,1 - High,0 - None,2,1,1,1,0,1,0,UK
1630,51,36,Female,1,30,1 - Completely Expected,1 - Absolutely Yes,1 - cautious,2,2,0 - Low,1 - Present,3,1,1,0,1,1,0,UK
1631,51,36,Female,1,31,1 - Completely Expected,1 - Absolutely Yes,1 - cautious,7,2,0 - Low,1 - Present,3,1,1,0,1,1,0,UK
1632,51,36,Female,1,32,5 - Very Unexpected,1 - Absolutely Yes,1 - cautious,5,2,1 - High,1 - Present,4,5,1,1,1,1,1,UK
1633,52,46,Female,1,1,2 - Somewhat Expected,4 - Certainly Not,1 - cautious,11,1,0 - Low,0 - None,1,2,4,0,0,1,0,UK
1634,52,46,Female,1,2,1 - Completely Expected,1 - Absolutely Yes,1 - cautious,8,1,1 - High,0 - None,2,1,1,1,0,1,0,UK
1635,52,46,Female,1,3,1 - Completely Expected,1 - Absolutely Yes,1 - cautious,14,1,1 - High,0 - None,2,1,1,1,0,1,0,UK
1636,52,46,Female,1,4,2 - Somewhat Expected,"3 - Yes, but would not be feel nice",1 - cautious,15,1,0 - Low,0 - None,1,2,3,0,0,1,0,UK
1637,52,46,Female,1,5,5 - Very Unexpected,"3 - Yes, but would not be feel nice",1 - cautious,13,1,1 - High,1 - Present,4,5,3,1,1,1,1,UK
1638,52,46,Female,1,6,2 - Somewhat Expected,1 - Absolutely Yes,1 - cautious,14,2,1 - High,1 - Present,4,2,1,1,1,1,1,UK
1639,52,46,Female,1,7,5 - Very Unexpected,4 - Certainly Not,1 - cautious,16,1,1 - High,1 - Present,4,5,4,1,1,1,1,UK
1640,52,46,Female,1,8,2 - Somewhat Expected,4 - Certainly Not,1 - cautious,11,2,0 - Low,0 - None,1,2,4,0,0,1,0,UK
1641,52,46,Female,1,9,1 - Completely Expected,1 - Absolutely Yes,1 - cautious,3,1,0 - Low,0 - None,1,1,1,0,0,1,0,UK
1642,52,46,Female,1,10,4 - Somewhat Unexpected,1 - Absolutely Yes,1 - cautious,7,1,0 - Low,1 - Present,3,4,1,0,1,1,0,UK
1643,52,46,Female,1,11,4 - Somewhat Unexpected,1 - Absolutely Yes,1 - cautious,4,1,0 - Low,1 - Present,3,4,1,0,1,1,0,UK
1644,52,46,Female,1,12,1 - Completely Expected,1 - Absolutely Yes,1 - cautious,12,1,1 - High,0 - None,2,1,1,1,0,1,0,UK
1645,52,46,Female,1,13,5 - Very Unexpected,1 - Absolutely Yes,1 - cautious,10,1,0 - Low,1 - Present,3,5,1,0,1,1,0,UK
1646,52,46,Female,1,14,5 - Very Unexpected,"3 - Yes, but would not be feel nice",1 - cautious,1,1,1 - High,1 - Present,4,5,3,1,1,1,1,UK
1647,52,46,Female,1,15,5 - Very Unexpected,"2 - Yes, a bit inconvenient but manageable",1 - cautious,9,1,1 - High,1 - Present,4,5,2,1,1,1,1,UK
1648,52,46,Female,1,16,1 - Completely Expected,1 - Absolutely Yes,1 - cautious,6,1,0 - Low,0 - None,1,1,1,0,0,1,0,UK
1649,52,46,Female,1,17,5 - Very Unexpected,1 - Absolutely Yes,1 - cautious,7,2,1 - High,1 - Present,4,5,1,1,1,1,1,UK
1650,52,46,Female,1,18,1 - Completely Expected,1 - Absolutely Yes,1 - cautious,8,2,1 - High,0 - None,2,1,1,1,0,1,0,UK
1651,52,46,Female,1,19,4 - Somewhat Unexpected,1 - Absolutely Yes,1 - cautious,13,2,0 - Low,1 - Present,3,4,1,0,1,1,0,UK
1652,52,46,Female,1,20,1 - Completely Expected,1 - Absolutely Yes,1 - cautious,5,1,1 - High,0 - None,2,1,1,1,0,1,0,UK
1653,52,46,Female,1,21,1 - Completely Expected,1 - Absolutely Yes,1 - cautious,10,2,0 - Low,0 - None,1,1,1,0,0,1,0,UK
1654,52,46,Female,1,22,1 - Completely Expected,1 - Absolutely Yes,1 - cautious,1,2,1 - High,0 - None,2,1,1,1,0,1,0,UK
1655,52,46,Female,1,23,1 - Completely Expected,"2 - Yes, a bit inconvenient but manageable",1 - cautious,15,2,1 - High,0 - None,2,1,2,1,0,1,0,UK
1656,52,46,Female,1,24,4 - Somewhat Unexpected,"3 - Yes, but would not be feel nice",1 - cautious,16,2,0 - Low,1 - Present,3,4,3,0,1,1,0,UK
1657,52,46,Female,1,25,1 - Completely Expected,1 - Absolutely Yes,1 - cautious,9,2,0 - Low,0 - None,1,1,1,0,0,1,0,UK
1658,52,46,Female,1,26,5 - Very Unexpected,1 - Absolutely Yes,1 - cautious,3,2,0 - Low,1 - Present,3,5,1,0,1,1,0,UK
1659,52,46,Female,1,27,1 - Completely Expected,1 - Absolutely Yes,1 - cautious,12,2,0 - Low,0 - None,1,1,1,0,0,1,0,UK
1660,52,46,Female,1,28,4 - Somewhat Unexpected,1 - Absolutely Yes,1 - cautious,5,2,0 - Low,1 - Present,3,4,1,0,1,1,0,UK
1661,52,46,Female,1,29,5 - Very Unexpected,1 - Absolutely Yes,1 - cautious,2,1,0 - Low,1 - Present,3,5,1,0,1,1,0,UK
1662,52,46,Female,1,30,5 - Very Unexpected,4 - Certainly Not,1 - cautious,6,2,1 - High,1 - Present,4,5,4,1,1,1,1,UK
1663,52,46,Female,1,31,1 - Completely Expected,1 - Absolutely Yes,1 - cautious,2,2,1 - High,0 - None,2,1,1,1,0,1,0,UK
1664,52,46,Female,1,32,4 - Somewhat Unexpected,1 - Absolutely Yes,1 - cautious,4,2,1 - High,1 - Present,4,4,1,1,1,1,1,UK
1665,53,29,Male,1,1,4 - Somewhat Unexpected,"2 - Yes, a bit inconvenient but manageable",0 - adventurous,1,1,1 - High,0 - None,2,4,2,1,0,0,0,UK
1666,53,29,Male,1,2,4 - Somewhat Unexpected,"2 - Yes, a bit inconvenient but manageable",0 - adventurous,9,1,1 - High,0 - None,2,4,2,1,0,0,0,UK
1667,53,29,Male,1,3,4 - Somewhat Unexpected,1 - Absolutely Yes,0 - adventurous,14,1,1 - High,1 - Present,4,4,1,1,1,0,1,UK
1668,53,29,Male,1,4,5 - Very Unexpected,1 - Absolutely Yes,0 - adventurous,1,2,0 - Low,1 - Present,3,5,1,0,1,0,0,UK
1669,53,29,Male,1,5,2 - Somewhat Expected,1 - Absolutely Yes,0 - adventurous,16,1,1 - High,1 - Present,4,2,1,1,1,0,1,UK
1670,53,29,Male,1,6,2 - Somewhat Expected,1 - Absolutely Yes,0 - adventurous,3,1,0 - Low,0 - None,1,2,1,0,0,0,0,UK
1671,53,29,Male,1,7,1 - Completely Expected,1 - Absolutely Yes,0 - adventurous,8,1,0 - Low,0 - None,1,1,1,0,0,0,0,UK
1672,53,29,Male,1,8,5 - Very Unexpected,1 - Absolutely Yes,0 - adventurous,5,1,0 - Low,1 - Present,3,5,1,0,1,0,0,UK
1673,53,29,Male,1,9,2 - Somewhat Expected,"2 - Yes, a bit inconvenient but manageable",0 - adventurous,11,1,1 - High,0 - None,2,2,2,1,0,0,0,UK
1674,53,29,Male,1,10,2 - Somewhat Expected,"2 - Yes, a bit inconvenient but manageable",0 - adventurous,11,2,1 - High,0 - None,2,2,2,1,0,0,0,UK
1675,53,29,Male,1,11,5 - Very Unexpected,1 - Absolutely Yes,0 - adventurous,13,1,0 - Low,1 - Present,3,5,1,0,1,0,0,UK
1676,53,29,Male,1,12,4 - Somewhat Unexpected,"3 - Yes, but would not be feel nice",0 - adventurous,7,1,1 - High,1 - Present,4,4,3,1,1,0,1,UK
1677,53,29,Male,1,13,5 - Very Unexpected,"2 - Yes, a bit inconvenient but manageable",0 - adventurous,12,1,1 - High,1 - Present,4,5,2,1,1,0,1,UK
1678,53,29,Male,1,14,1 - Completely Expected,"2 - Yes, a bit inconvenient but manageable",0 - adventurous,9,2,0 - Low,0 - None,1,1,2,0,0,0,0,UK
1679,53,29,Male,1,15,2 - Somewhat Expected,"2 - Yes, a bit inconvenient but manageable",0 - adventurous,10,1,1 - High,0 - None,2,2,2,1,0,0,0,UK
1680,53,29,Male,1,16,5 - Very Unexpected,1 - Absolutely Yes,0 - adventurous,5,2,0 - Low,1 - Present,3,5,1,0,1,0,0,UK
1681,53,29,Male,1,17,5 - Very Unexpected,"2 - Yes, a bit inconvenient but manageable",0 - adventurous,3,2,1 - High,1 - Present,4,5,2,1,1,0,1,UK
1682,53,29,Male,1,18,2 - Somewhat Expected,1 - Absolutely Yes,0 - adventurous,4,1,0 - Low,0 - None,1,2,1,0,0,0,0,UK
1683,53,29,Male,1,19,2 - Somewhat Expected,"2 - Yes, a bit inconvenient but manageable",0 - adventurous,8,2,1 - High,1 - Present,4,2,2,1,1,0,1,UK
1684,53,29,Male,1,20,4 - Somewhat Unexpected,1 - Absolutely Yes,0 - adventurous,16,2,0 - Low,1 - Present,3,4,1,0,1,0,0,UK
1685,53,29,Male,1,21,1 - Completely Expected,"2 - Yes, a bit inconvenient but manageable",0 - adventurous,6,1,1 - High,0 - None,2,1,2,1,0,0,0,UK
1686,53,29,Male,1,22,4 - Somewhat Unexpected,1 - Absolutely Yes,0 - adventurous,14,2,1 - High,1 - Present,4,4,1,1,1,0,1,UK
1687,53,29,Male,1,23,4 - Somewhat Unexpected,4 - Certainly Not,0 - adventurous,15,1,0 - Low,1 - Present,3,4,4,0,1,0,0,UK
1688,53,29,Male,1,24,2 - Somewhat Expected,"2 - Yes, a bit inconvenient but manageable",0 - adventurous,7,2,0 - Low,0 - None,1,2,2,0,0,0,0,UK
1689,53,29,Male,1,25,2 - Somewhat Expected,1 - Absolutely Yes,0 - adventurous,12,2,0 - Low,0 - None,1,2,1,0,0,0,0,UK
1690,53,29,Male,1,26,4 - Somewhat Unexpected,4 - Certainly Not,0 - adventurous,15,2,0 - Low,1 - Present,3,4,4,0,1,0,0,UK
1691,53,29,Male,1,27,2 - Somewhat Expected,"2 - Yes, a bit inconvenient but manageable",0 - adventurous,10,2,0 - Low,0 - None,1,2,2,0,0,0,0,UK
1692,53,29,Male,1,28,2 - Somewhat Expected,"2 - Yes, a bit inconvenient but manageable",0 - adventurous,4,2,1 - High,0 - None,2,2,2,1,0,0,0,UK
1693,53,29,Male,1,29,5 - Very Unexpected,1 - Absolutely Yes,0 - adventurous,13,2,0 - Low,1 - Present,3,5,1,0,1,0,0,UK
1694,53,29,Male,1,30,2 - Somewhat Expected,"2 - Yes, a bit inconvenient but manageable",0 - adventurous,6,2,1 - High,0 - None,2,2,2,1,0,0,0,UK
1695,53,29,Male,1,31,1 - Completely Expected,1 - Absolutely Yes,0 - adventurous,2,1,0 - Low,0 - None,1,1,1,0,0,0,0,UK
1696,53,29,Male,1,32,5 - Very Unexpected,"2 - Yes, a bit inconvenient but manageable",0 - adventurous,2,2,1 - High,1 - Present,4,5,2,1,1,0,1,UK
1697,54,18,Male,1,1,2 - Somewhat Expected,1 - Absolutely Yes,1 - cautious,4,1,1 - High,1 - Present,4,2,1,1,1,1,1,UK
1698,54,18,Male,1,2,5 - Very Unexpected,4 - Certainly Not,1 - cautious,11,1,0 - Low,1 - Present,3,5,4,0,1,1,0,UK
1699,54,18,Male,1,3,2 - Somewhat Expected,"2 - Yes, a bit inconvenient but manageable",1 - cautious,13,1,0 - Low,0 - None,1,2,2,0,0,1,0,UK
1700,54,18,Male,1,4,1 - Completely Expected,"3 - Yes, but would not be feel nice",1 - cautious,6,1,1 - High,0 - None,2,1,3,1,0,1,0,UK
1701,54,18,Male,1,5,5 - Very Unexpected,"3 - Yes, but would not be feel nice",1 - cautious,16,1,1 - High,1 - Present,4,5,3,1,1,1,1,UK
1702,54,18,Male,1,6,2 - Somewhat Expected,"2 - Yes, a bit inconvenient but manageable",1 - cautious,13,2,1 - High,0 - None,2,2,2,1,0,1,0,UK
1703,54,18,Male,1,7,5 - Very Unexpected,"2 - Yes, a bit inconvenient but manageable",1 - cautious,9,1,1 - High,1 - Present,4,5,2,1,1,1,1,UK
1704,54,18,Male,1,8,1 - Completely Expected,1 - Absolutely Yes,1 - cautious,14,1,0 - Low,0 - None,1,1,1,0,0,1,0,UK
1705,54,18,Male,1,9,1 - Completely Expected,"2 - Yes, a bit inconvenient but manageable",1 - cautious,12,1,1 - High,0 - None,2,1,2,1,0,1,0,UK
1706,54,18,Male,1,10,1 - Completely Expected,1 - Absolutely Yes,1 - cautious,5,1,0 - Low,0 - None,1,1,1,0,0,1,0,UK
1707,54,18,Male,1,11,3 - Indifferent / Can't Decide,"3 - Yes, but would not be feel nice",1 - cautious,7,1,0 - Low,1 - Present,3,3,3,0,1,1,0,UK
1708,54,18,Male,1,12,1 - Completely Expected,1 - Absolutely Yes,1 - cautious,5,2,0 - Low,0 - None,1,1,1,0,0,1,0,UK
1709,54,18,Male,1,13,4 - Somewhat Unexpected,"2 - Yes, a bit inconvenient but manageable",1 - cautious,6,2,0 - Low,1 - Present,3,4,2,0,1,1,0,UK
1710,54,18,Male,1,14,1 - Completely Expected,"2 - Yes, a bit inconvenient but manageable",1 - cautious,12,2,1 - High,0 - None,2,1,2,1,0,1,0,UK
1711,54,18,Male,1,15,1 - Completely Expected,1 - Absolutely Yes,1 - cautious,3,1,0 - Low,0 - None,1,1,1,0,0,1,0,UK
1712,54,18,Male,1,16,1 - Completely Expected,"3 - Yes, but would not be feel nice",1 - cautious,1,1,1 - High,0 - None,2,1,3,1,0,1,0,UK
1713,54,18,Male,1,17,5 - Very Unexpected,4 - Certainly Not,1 - cautious,1,2,1 - High,1 - Present,4,5,4,1,1,1,1,UK
1714,54,18,Male,1,18,1 - Completely Expected,"2 - Yes, a bit inconvenient but manageable",1 - cautious,2,1,1 - High,0 - None,2,1,2,1,0,1,0,UK
1715,54,18,Male,1,19,1 - Completely Expected,1 - Absolutely Yes,1 - cautious,14,2,0 - Low,0 - None,1,1,1,0,0,1,0,UK
1716,54,18,Male,1,20,5 - Very Unexpected,4 - Certainly Not,1 - cautious,15,1,0 - Low,1 - Present,3,5,4,0,1,1,0,UK
1717,54,18,Male,1,21,4 - Somewhat Unexpected,"3 - Yes, but would not be feel nice",1 - cautious,8,1,0 - Low,1 - Present,3,4,3,0,1,1,0,UK
1718,54,18,Male,1,22,1 - Completely Expected,1 - Absolutely Yes,1 - cautious,16,2,1 - High,0 - None,2,1,1,1,0,1,0,UK
1719,54,18,Male,1,23,5 - Very Unexpected,"3 - Yes, but would not be feel nice",1 - cautious,9,2,1 - High,1 - Present,4,5,3,1,1,1,1,UK
1720,54,18,Male,1,24,4 - Somewhat Unexpected,"2 - Yes, a bit inconvenient but manageable",1 - cautious,10,1,0 - Low,1 - Present,3,4,2,0,1,1,0,UK
1721,54,18,Male,1,25,1 - Completely Expected,"3 - Yes, but would not be feel nice",1 - cautious,15,2,1 - High,0 - None,2,1,3,1,0,1,0,UK
1722,54,18,Male,1,26,5 - Very Unexpected,4 - Certainly Not,1 - cautious,11,2,1 - High,1 - Present,4,5,4,1,1,1,1,UK
1723,54,18,Male,1,27,1 - Completely Expected,"3 - Yes, but would not be feel nice",1 - cautious,7,2,1 - High,1 - Present,4,1,3,1,1,1,1,UK
1724,54,18,Male,1,28,5 - Very Unexpected,4 - Certainly Not,1 - cautious,2,2,0 - Low,1 - Present,3,5,4,0,1,1,0,UK
1725,54,18,Male,1,29,1 - Completely Expected,1 - Absolutely Yes,1 - cautious,4,2,0 - Low,0 - None,1,1,1,0,0,1,0,UK
1726,54,18,Male,1,30,5 - Very Unexpected,4 - Certainly Not,1 - cautious,10,2,1 - High,1 - Present,4,5,4,1,1,1,1,UK
1727,54,18,Male,1,31,5 - Very Unexpected,"3 - Yes, but would not be feel nice",1 - cautious,3,2,0 - Low,1 - Present,3,5,3,0,1,1,0,UK
1728,54,18,Male,1,32,1 - Completely Expected,1 - Absolutely Yes,1 - cautious,8,2,0 - Low,0 - None,1,1,1,0,0,1,0,UK
1729,55,46,Male,1,1,4 - Somewhat Unexpected,1 - Absolutely Yes,0 - adventurous,16,1,0 - Low,1 - Present,3,4,1,0,1,0,0,UK
1730,55,46,Male,1,2,5 - Very Unexpected,"3 - Yes, but would not be feel nice",0 - adventurous,15,1,0 - Low,1 - Present,3,5,3,0,1,0,0,UK
1731,55,46,Male,1,3,5 - Very Unexpected,1 - Absolutely Yes,0 - adventurous,7,1,1 - High,1 - Present,4,5,1,1,1,0,1,UK
1732,55,46,Male,1,4,5 - Very Unexpected,"3 - Yes, but would not be feel nice",0 - adventurous,1,1,1 - High,1 - Present,4,5,3,1,1,0,1,UK
1733,55,46,Male,1,5,1 - Completely Expected,1 - Absolutely Yes,0 - adventurous,13,1,0 - Low,0 - None,1,1,1,0,0,0,0,UK
1734,55,46,Male,1,6,4 - Somewhat Unexpected,1 - Absolutely Yes,0 - adventurous,14,1,1 - High,1 - Present,4,4,1,1,1,0,1,UK
1735,55,46,Male,1,7,5 - Very Unexpected,1 - Absolutely Yes,0 - adventurous,11,1,0 - Low,1 - Present,3,5,1,0,1,0,0,UK
1736,55,46,Male,1,8,5 - Very Unexpected,1 - Absolutely Yes,0 - adventurous,5,1,1 - High,1 - Present,4,5,1,1,1,0,1,UK
1737,55,46,Male,1,9,4 - Somewhat Unexpected,"3 - Yes, but would not be feel nice",0 - adventurous,2,1,0 - Low,1 - Present,3,4,3,0,1,0,0,UK
1738,55,46,Male,1,10,4 - Somewhat Unexpected,1 - Absolutely Yes,0 - adventurous,8,1,0 - Low,1 - Present,3,4,1,0,1,0,0,UK
1739,55,46,Male,1,11,1 - Completely Expected,1 - Absolutely Yes,0 - adventurous,12,1,0 - Low,0 - None,1,1,1,0,0,0,0,UK
1740,55,46,Male,1,12,1 - Completely Expected,1 - Absolutely Yes,0 - adventurous,6,1,1 - High,0 - None,2,1,1,1,0,0,0,UK
1741,55,46,Male,1,13,5 - Very Unexpected,"3 - Yes, but would not be feel nice",0 - adventurous,15,2,1 - High,1 - Present,4,5,3,1,1,0,1,UK
1742,55,46,Male,1,14,4 - Somewhat Unexpected,1 - Absolutely Yes,0 - adventurous,8,2,1 - High,1 - Present,4,4,1,1,1,0,1,UK
1743,55,46,Male,1,15,1 - Completely Expected,1 - Absolutely Yes,0 - adventurous,7,2,1 - High,0 - None,2,1,1,1,0,0,0,UK
1744,55,46,Male,1,16,5 - Very Unexpected,4 - Certainly Not,0 - adventurous,6,2,1 - High,1 - Present,4,5,4,1,1,0,1,UK
1745,55,46,Male,1,17,1 - Completely Expected,1 - Absolutely Yes,0 - adventurous,2,2,1 - High,0 - None,2,1,1,1,0,0,0,UK
1746,55,46,Male,1,18,5 - Very Unexpected,4 - Certainly Not,0 - adventurous,4,1,0 - Low,1 - Present,3,5,4,0,1,0,0,UK
1747,55,46,Male,1,19,1 - Completely Expected,1 - Absolutely Yes,0 - adventurous,16,2,1 - High,0 - None,2,1,1,1,0,0,0,UK
1748,55,46,Male,1,20,2 - Somewhat Expected,1 - Absolutely Yes,0 - adventurous,9,1,0 - Low,0 - None,1,2,1,0,0,0,0,UK
1749,55,46,Male,1,21,1 - Completely Expected,1 - Absolutely Yes,0 - adventurous,13,2,0 - Low,0 - None,1,1,1,0,0,0,0,UK
1750,55,46,Male,1,22,1 - Completely Expected,1 - Absolutely Yes,0 - adventurous,3,1,0 - Low,0 - None,1,1,1,0,0,0,0,UK
1751,55,46,Male,1,23,5 - Very Unexpected,1 - Absolutely Yes,0 - adventurous,10,1,0 - Low,1 - Present,3,5,1,0,1,0,0,UK
1752,55,46,Male,1,24,4 - Somewhat Unexpected,1 - Absolutely Yes,0 - adventurous,10,2,1 - High,1 - Present,4,4,1,1,1,0,1,UK
1753,55,46,Male,1,25,1 - Completely Expected,1 - Absolutely Yes,0 - adventurous,14,2,1 - High,0 - None,2,1,1,1,0,0,0,UK
1754,55,46,Male,1,26,1 - Completely Expected,1 - Absolutely Yes,0 - adventurous,5,2,1 - High,0 - None,2,1,1,1,0,0,0,UK
1755,55,46,Male,1,27,5 - Very Unexpected,1 - Absolutely Yes,0 - adventurous,3,2,0 - Low,1 - Present,3,5,1,0,1,0,0,UK
1756,55,46,Male,1,28,1 - Completely Expected,1 - Absolutely Yes,0 - adventurous,12,2,0 - Low,0 - None,1,1,1,0,0,0,0,UK
1757,55,46,Male,1,29,2 - Somewhat Expected,1 - Absolutely Yes,0 - adventurous,9,2,1 - High,0 - None,2,2,1,1,0,0,0,UK
1758,55,46,Male,1,30,1 - Completely Expected,1 - Absolutely Yes,0 - adventurous,4,2,1 - High,0 - None,2,1,1,1,0,0,0,UK
1759,55,46,Male,1,31,1 - Completely Expected,1 - Absolutely Yes,0 - adventurous,1,2,0 - Low,0 - None,1,1,1,0,0,0,0,UK
1760,55,46,Male,1,32,1 - Completely Expected,1 - Absolutely Yes,0 - adventurous,11,2,0 - Low,0 - None,1,1,1,0,0,0,0,UK
1761,56,26,Male,-6,1,2 - Somewhat Expected,"2 - Yes, a bit inconvenient but manageable",1 - cautious,1,1,1 - High,0 - None,2,2,2,1,0,1,0,US
1762,56,26,Male,-6,2,1 - Completely Expected,1 - Absolutely Yes,1 - cautious,12,1,1 - High,0 - None,2,1,1,1,0,1,0,US
1763,56,26,Male,-6,3,5 - Very Unexpected,"2 - Yes, a bit inconvenient but manageable",1 - cautious,16,1,1 - High,1 - Present,4,5,2,1,1,1,1,US
1764,56,26,Male,-6,4,5 - Very Unexpected,"3 - Yes, but would not be feel nice",1 - cautious,12,2,1 - High,1 - Present,4,5,3,1,1,1,1,US
1765,56,26,Male,-6,5,5 - Very Unexpected,1 - Absolutely Yes,1 - cautious,5,1,0 - Low,1 - Present,3,5,1,0,1,1,0,US
1766,56,26,Male,-6,6,4 - Somewhat Unexpected,"2 - Yes, a bit inconvenient but manageable",1 - cautious,15,1,1 - High,1 - Present,4,4,2,1,1,1,1,US
1767,56,26,Male,-6,7,1 - Completely Expected,1 - Absolutely Yes,1 - cautious,6,1,0 - Low,0 - None,1,1,1,0,0,1,0,US
1768,56,26,Male,-6,8,1 - Completely Expected,1 - Absolutely Yes,1 - cautious,4,1,1 - High,0 - None,2,1,1,1,0,1,0,US
1769,56,26,Male,-6,9,4 - Somewhat Unexpected,"3 - Yes, but would not be feel nice",1 - cautious,14,1,0 - Low,1 - Present,3,4,3,0,1,1,0,US
1770,56,26,Male,-6,10,2 - Somewhat Expected,1 - Absolutely Yes,1 - cautious,3,1,0 - Low,0 - None,1,2,1,0,0,1,0,US
1771,56,26,Male,-6,11,2 - Somewhat Expected,"2 - Yes, a bit inconvenient but manageable",1 - cautious,8,1,1 - High,1 - Present,4,2,2,1,1,1,1,US
1772,56,26,Male,-6,12,1 - Completely Expected,"2 - Yes, a bit inconvenient but manageable",1 - cautious,10,1,1 - High,0 - None,2,1,2,1,0,1,0,US
1773,56,26,Male,-6,13,1 - Completely Expected,1 - Absolutely Yes,1 - cautious,5,2,1 - High,0 - None,2,1,1,1,0,1,0,US
1774,56,26,Male,-6,14,2 - Somewhat Expected,"2 - Yes, a bit inconvenient but manageable",1 - cautious,7,1,0 - Low,1 - Present,3,2,2,0,1,1,0,US
1775,56,26,Male,-6,15,4 - Somewhat Unexpected,"2 - Yes, a bit inconvenient but manageable",1 - cautious,11,1,0 - Low,1 - Present,3,4,2,0,1,1,0,US
1776,56,26,Male,-6,16,4 - Somewhat Unexpected,"2 - Yes, a bit inconvenient but manageable",1 - cautious,15,2,0 - Low,1 - Present,3,4,2,0,1,1,0,US
1777,56,26,Male,-6,17,1 - Completely Expected,1 - Absolutely Yes,1 - cautious,16,2,0 - Low,0 - None,1,1,1,0,0,1,0,US
1778,56,26,Male,-6,18,2 - Somewhat Expected,"2 - Yes, a bit inconvenient but manageable",1 - cautious,8,2,1 - High,1 - Present,4,2,2,1,1,1,1,US
1779,56,26,Male,-6,19,5 - Very Unexpected,"3 - Yes, but would not be feel nice",1 - cautious,9,1,1 - High,1 - Present,4,5,3,1,1,1,1,US
1780,56,26,Male,-6,20,1 - Completely Expected,1 - Absolutely Yes,1 - cautious,1,2,1 - High,0 - None,2,1,1,1,0,1,0,US
1781,56,26,Male,-6,21,4 - Somewhat Unexpected,"3 - Yes, but would not be feel nice",1 - cautious,14,2,0 - Low,1 - Present,3,4,3,0,1,1,0,US
1782,56,26,Male,-6,22,5 - Very Unexpected,4 - Certainly Not,1 - cautious,6,2,1 - High,1 - Present,4,5,4,1,1,1,1,US
1783,56,26,Male,-6,23,4 - Somewhat Unexpected,1 - Absolutely Yes,1 - cautious,3,2,0 - Low,1 - Present,3,4,1,0,1,1,0,US
1784,56,26,Male,-6,24,1 - Completely Expected,"2 - Yes, a bit inconvenient but manageable",1 - cautious,2,1,0 - Low,0 - None,1,1,2,0,0,1,0,US
1785,56,26,Male,-6,25,1 - Completely Expected,1 - Absolutely Yes,1 - cautious,4,2,0 - Low,0 - None,1,1,1,0,0,1,0,US
1786,56,26,Male,-6,26,1 - Completely Expected,4 - Certainly Not,1 - cautious,11,2,1 - High,0 - None,2,1,4,1,0,1,0,US
1787,56,26,Male,-6,27,1 - Completely Expected,"2 - Yes, a bit inconvenient but manageable",1 - cautious,2,2,1 - High,0 - None,2,1,2,1,0,1,0,US
1788,56,26,Male,-6,28,2 - Somewhat Expected,1 - Absolutely Yes,1 - cautious,7,2,0 - Low,0 - None,1,2,1,0,0,1,0,US
1789,56,26,Male,-6,29,1 - Completely Expected,1 - Absolutely Yes,1 - cautious,9,2,0 - Low,0 - None,1,1,1,0,0,1,0,US
1790,56,26,Male,-6,30,2 - Somewhat Expected,1 - Absolutely Yes,1 - cautious,13,1,0 - Low,0 - None,1,2,1,0,0,1,0,US
1791,56,26,Male,-6,31,5 - Very Unexpected,"2 - Yes, a bit inconvenient but manageable",1 - cautious,13,2,0 - Low,1 - Present,3,5,2,0,1,1,0,US
1792,56,26,Male,-6,32,4 - Somewhat Unexpected,"2 - Yes, a bit inconvenient but manageable",1 - cautious,10,2,1 - High,1 - Present,4,4,2,1,1,1,1,US
1825,58,65,Female,1,1,4 - Somewhat Unexpected,1 - Absolutely Yes,0 - adventurous,8,1,0 - Low,0 - None,1,4,1,0,0,0,0,UK
1826,58,65,Female,1,2,2 - Somewhat Expected,"3 - Yes, but would not be feel nice",0 - adventurous,16,1,0 - Low,0 - None,1,2,3,0,0,0,0,UK
1827,58,65,Female,1,3,5 - Very Unexpected,4 - Certainly Not,0 - adventurous,12,1,1 - High,1 - Present,4,5,4,1,1,0,1,UK
1828,58,65,Female,1,4,5 - Very Unexpected,4 - Certainly Not,0 - adventurous,5,1,1 - High,1 - Present,4,5,4,1,1,0,1,UK
1829,58,65,Female,1,5,1 - Completely Expected,1 - Absolutely Yes,0 - adventurous,5,2,0 - Low,0 - None,1,1,1,0,0,0,0,UK
1830,58,65,Female,1,6,5 - Very Unexpected,"2 - Yes, a bit inconvenient but manageable",0 - adventurous,9,1,0 - Low,1 - Present,3,5,2,0,1,0,0,UK
1831,58,65,Female,1,7,1 - Completely Expected,1 - Absolutely Yes,0 - adventurous,9,2,0 - Low,0 - None,1,1,1,0,0,0,0,UK
1832,58,65,Female,1,8,1 - Completely Expected,1 - Absolutely Yes,0 - adventurous,14,1,1 - High,0 - None,2,1,1,1,0,0,0,UK
1833,58,65,Female,1,9,4 - Somewhat Unexpected,"2 - Yes, a bit inconvenient but manageable",0 - adventurous,1,1,0 - Low,1 - Present,3,4,2,0,1,0,0,UK
1834,58,65,Female,1,10,1 - Completely Expected,1 - Absolutely Yes,0 - adventurous,4,1,1 - High,0 - None,2,1,1,1,0,0,0,UK
1835,58,65,Female,1,11,1 - Completely Expected,4 - Certainly Not,0 - adventurous,16,2,0 - Low,1 - Present,3,1,4,0,1,0,0,UK
1836,58,65,Female,1,12,1 - Completely Expected,1 - Absolutely Yes,0 - adventurous,14,2,1 - High,0 - None,2,1,1,1,0,0,0,UK
1837,58,65,Female,1,13,4 - Somewhat Unexpected,"2 - Yes, a bit inconvenient but manageable",0 - adventurous,7,1,1 - High,1 - Present,4,4,2,1,1,0,1,UK
1838,58,65,Female,1,14,5 - Very Unexpected,4 - Certainly Not,0 - adventurous,2,1,0 - Low,1 - Present,3,5,4,0,1,0,0,UK
1839,58,65,Female,1,15,5 - Very Unexpected,4 - Certainly Not,0 - adventurous,11,1,0 - Low,1 - Present,3,5,4,0,1,0,0,UK
1840,58,65,Female,1,16,1 - Completely Expected,"2 - Yes, a bit inconvenient but manageable",0 - adventurous,7,2,0 - Low,0 - None,1,1,2,0,0,0,0,UK
1841,58,65,Female,1,17,5 - Very Unexpected,"2 - Yes, a bit inconvenient but manageable",0 - adventurous,13,1,1 - High,1 - Present,4,5,2,1,1,0,1,UK
1842,58,65,Female,1,18,1 - Completely Expected,1 - Absolutely Yes,0 - adventurous,10,1,1 - High,0 - None,2,1,1,1,0,0,0,UK
1843,58,65,Female,1,19,5 - Very Unexpected,4 - Certainly Not,0 - adventurous,11,2,1 - High,1 - Present,4,5,4,1,1,0,1,UK
1844,58,65,Female,1,20,1 - Completely Expected,1 - Absolutely Yes,0 - adventurous,1,2,1 - High,0 - None,2,1,1,1,0,0,0,UK
1845,58,65,Female,1,21,1 - Completely Expected,1 - Absolutely Yes,0 - adventurous,3,1,0 - Low,0 - None,1,1,1,0,0,0,0,UK
1846,58,65,Female,1,22,1 - Completely Expected,1 - Absolutely Yes,0 - adventurous,12,2,1 - High,0 - None,2,1,1,1,0,0,0,UK
1847,58,65,Female,1,23,5 - Very Unexpected,4 - Certainly Not,0 - adventurous,6,1,1 - High,1 - Present,4,5,4,1,1,0,1,UK
1848,58,65,Female,1,24,5 - Very Unexpected,"2 - Yes, a bit inconvenient but manageable",0 - adventurous,6,2,0 - Low,1 - Present,3,5,2,0,1,0,0,UK
1849,58,65,Female,1,25,5 - Very Unexpected,4 - Certainly Not,0 - adventurous,15,1,0 - Low,1 - Present,3,5,4,0,1,0,0,UK
1850,58,65,Female,1,26,1 - Completely Expected,1 - Absolutely Yes,0 - adventurous,4,2,1 - High,0 - None,2,1,1,1,0,0,0,UK
1851,58,65,Female,1,27,4 - Somewhat Unexpected,"3 - Yes, but would not be feel nice",0 - adventurous,8,2,0 - Low,0 - None,1,4,3,0,0,0,0,UK
1852,58,65,Female,1,28,1 - Completely Expected,1 - Absolutely Yes,0 - adventurous,2,2,1 - High,0 - None,2,1,1,1,0,0,0,UK
1853,58,65,Female,1,29,5 - Very Unexpected,"2 - Yes, a bit inconvenient but manageable",0 - adventurous,3,2,0 - Low,1 - Present,3,5,2,0,1,0,0,UK
1854,58,65,Female,1,30,5 - Very Unexpected,4 - Certainly Not,0 - adventurous,10,2,1 - High,1 - Present,4,5,4,1,1,0,1,UK
1855,58,65,Female,1,31,5 - Very Unexpected,4 - Certainly Not,0 - adventurous,15,2,1 - High,1 - Present,4,5,4,1,1,0,1,UK
1856,58,65,Female,1,32,1 - Completely Expected,1 - Absolutely Yes,0 - adventurous,13,2,0 - Low,0 - None,1,1,1,0,0,0,0,UK
1857,59,55,Male,-5,1,4 - Somewhat Unexpected,"3 - Yes, but would not be feel nice",1 - cautious,9,1,1 - High,0 - None,2,4,3,1,0,1,0,US
1858,59,55,Male,-5,2,4 - Somewhat Unexpected,"3 - Yes, but would not be feel nice",1 - cautious,11,1,0 - Low,0 - None,1,4,3,0,0,1,0,US
1859,59,55,Male,-5,3,5 - Very Unexpected,4 - Certainly Not,1 - cautious,14,1,0 - Low,1 - Present,3,5,4,0,1,1,0,US
1860,59,55,Male,-5,4,5 - Very Unexpected,4 - Certainly Not,1 - cautious,1,1,1 - High,1 - Present,4,5,4,1,1,1,1,US
1861,59,55,Male,-5,5,4 - Somewhat Unexpected,"3 - Yes, but would not be feel nice",1 - cautious,9,2,1 - High,1 - Present,4,4,3,1,1,1,1,US
1862,59,55,Male,-5,6,4 - Somewhat Unexpected,"3 - Yes, but would not be feel nice",1 - cautious,8,1,0 - Low,1 - Present,3,4,3,0,1,1,0,US
1863,59,55,Male,-5,7,5 - Very Unexpected,"3 - Yes, but would not be feel nice",1 - cautious,16,1,1 - High,1 - Present,4,5,3,1,1,1,1,US
1864,59,55,Male,-5,8,4 - Somewhat Unexpected,"3 - Yes, but would not be feel nice",1 - cautious,13,1,1 - High,1 - Present,4,4,3,1,1,1,1,US
1865,59,55,Male,-5,9,5 - Very Unexpected,"3 - Yes, but would not be feel nice",1 - cautious,5,1,1 - High,1 - Present,4,5,3,1,1,1,1,US
1866,59,55,Male,-5,10,2 - Somewhat Expected,"3 - Yes, but would not be feel nice",1 - cautious,15,1,0 - Low,0 - None,1,2,3,0,0,1,0,US
1867,59,55,Male,-5,11,2 - Somewhat Expected,"2 - Yes, a bit inconvenient but manageable",1 - cautious,8,2,0 - Low,0 - None,1,2,2,0,0,1,0,US
1868,59,55,Male,-5,12,2 - Somewhat Expected,"2 - Yes, a bit inconvenient but manageable",1 - cautious,6,1,1 - High,0 - None,2,2,2,1,0,1,0,US
1869,59,55,Male,-5,13,4 - Somewhat Unexpected,"3 - Yes, but would not be feel nice",1 - cautious,2,1,0 - Low,1 - Present,3,4,3,0,1,1,0,US
1870,59,55,Male,-5,14,4 - Somewhat Unexpected,"3 - Yes, but would not be feel nice",1 - cautious,13,2,1 - High,1 - Present,4,4,3,1,1,1,1,US
1871,59,55,Male,-5,15,4 - Somewhat Unexpected,"2 - Yes, a bit inconvenient but manageable",1 - cautious,4,1,0 - Low,1 - Present,3,4,2,0,1,1,0,US
1872,59,55,Male,-5,16,2 - Somewhat Expected,"3 - Yes, but would not be feel nice",1 - cautious,15,2,0 - Low,0 - None,1,2,3,0,0,1,0,US
1873,59,55,Male,-5,17,2 - Somewhat Expected,"2 - Yes, a bit inconvenient but manageable",1 - cautious,12,1,0 - Low,0 - None,1,2,2,0,0,1,0,US
1874,59,55,Male,-5,18,2 - Somewhat Expected,"2 - Yes, a bit inconvenient but manageable",1 - cautious,7,1,1 - High,0 - None,2,2,2,1,0,1,0,US
1875,59,55,Male,-5,19,5 - Very Unexpected,"2 - Yes, a bit inconvenient but manageable",1 - cautious,3,1,0 - Low,1 - Present,3,5,2,0,1,1,0,US
1876,59,55,Male,-5,20,2 - Somewhat Expected,"2 - Yes, a bit inconvenient but manageable",1 - cautious,10,1,0 - Low,0 - None,1,2,2,0,0,1,0,US
1877,59,55,Male,-5,21,2 - Somewhat Expected,"2 - Yes, a bit inconvenient but manageable",1 - cautious,6,2,0 - Low,0 - None,1,2,2,0,0,1,0,US
1878,59,55,Male,-5,22,5 - Very Unexpected,4 - Certainly Not,1 - cautious,12,2,1 - High,1 - Present,4,5,4,1,1,1,1,US
1879,59,55,Male,-5,23,2 - Somewhat Expected,1 - Absolutely Yes,1 - cautious,1,2,0 - Low,0 - None,1,2,1,0,0,1,0,US
1880,59,55,Male,-5,24,4 - Somewhat Unexpected,"3 - Yes, but would not be feel nice",1 - cautious,2,2,0 - Low,1 - Present,3,4,3,0,1,1,0,US
1881,59,55,Male,-5,25,4 - Somewhat Unexpected,"3 - Yes, but would not be feel nice",1 - cautious,11,2,1 - High,0 - None,2,4,3,1,0,1,0,US
1882,59,55,Male,-5,26,4 - Somewhat Unexpected,"2 - Yes, a bit inconvenient but manageable",1 - cautious,4,2,0 - Low,1 - Present,3,4,2,0,1,1,0,US
1883,59,55,Male,-5,27,4 - Somewhat Unexpected,4 - Certainly Not,1 - cautious,14,2,0 - Low,1 - Present,3,4,4,0,1,1,0,US
1884,59,55,Male,-5,28,2 - Somewhat Expected,"2 - Yes, a bit inconvenient but manageable",1 - cautious,10,2,1 - High,0 - None,2,2,2,1,0,1,0,US
1885,59,55,Male,-5,29,2 - Somewhat Expected,"2 - Yes, a bit inconvenient but manageable",1 - cautious,5,2,1 - High,0 - None,2,2,2,1,0,1,0,US
1886,59,55,Male,-5,30,4 - Somewhat Unexpected,"3 - Yes, but would not be feel nice",1 - cautious,16,2,1 - High,0 - None,2,4,3,1,0,1,0,US
1887,59,55,Male,-5,31,4 - Somewhat Unexpected,"3 - Yes, but would not be feel nice",1 - cautious,3,2,1 - High,1 - Present,4,4,3,1,1,1,1,US
1888,59,55,Male,-5,32,1 - Completely Expected,"2 - Yes, a bit inconvenient but manageable",1 - cautious,7,2,1 - High,0 - None,2,1,2,1,0,1,0,US
1889,60,27,Female,1,1,4 - Somewhat Unexpected,"2 - Yes, a bit inconvenient but manageable",0 - adventurous,9,1,0 - Low,0 - None,1,4,2,0,0,0,0,UK
1890,60,27,Female,1,2,3 - Indifferent / Can't Decide,"2 - Yes, a bit inconvenient but manageable",0 - adventurous,10,1,0 - Low,1 - Present,3,3,2,0,1,0,0,UK
1891,60,27,Female,1,3,1 - Completely Expected,1 - Absolutely Yes,0 - adventurous,5,1,1 - High,0 - None,2,1,1,1,0,0,0,UK
1892,60,27,Female,1,4,5 - Very Unexpected,4 - Certainly Not,0 - adventurous,11,1,1 - High,1 - Present,4,5,4,1,1,0,1,UK
1893,60,27,Female,1,5,4 - Somewhat Unexpected,"2 - Yes, a bit inconvenient but manageable",0 - adventurous,1,1,0 - Low,1 - Present,3,4,2,0,1,0,0,UK
1894,60,27,Female,1,6,1 - Completely Expected,1 - Absolutely Yes,0 - adventurous,3,1,1 - High,0 - None,2,1,1,1,0,0,0,UK
1895,60,27,Female,1,7,1 - Completely Expected,1 - Absolutely Yes,0 - adventurous,5,2,0 - Low,0 - None,1,1,1,0,0,0,0,UK
1896,60,27,Female,1,8,2 - Somewhat Expected,1 - Absolutely Yes,0 - adventurous,2,1,0 - Low,0 - None,1,2,1,0,0,0,0,UK
1897,60,27,Female,1,9,4 - Somewhat Unexpected,"3 - Yes, but would not be feel nice",0 - adventurous,14,1,1 - High,1 - Present,4,4,3,1,1,0,1,UK
1898,60,27,Female,1,10,2 - Somewhat Expected,1 - Absolutely Yes,0 - adventurous,12,1,1 - High,0 - None,2,2,1,1,0,0,0,UK
1899,60,27,Female,1,11,4 - Somewhat Unexpected,"3 - Yes, but would not be feel nice",0 - adventurous,7,1,0 - Low,1 - Present,3,4,3,0,1,0,0,UK
1900,60,27,Female,1,12,4 - Somewhat Unexpected,"2 - Yes, a bit inconvenient but manageable",0 - adventurous,6,1,0 - Low,1 - Present,3,4,2,0,1,0,0,UK
1901,60,27,Female,1,13,4 - Somewhat Unexpected,"2 - Yes, a bit inconvenient but manageable",0 - adventurous,4,1,1 - High,1 - Present,4,4,2,1,1,0,1,UK
1902,60,27,Female,1,14,2 - Somewhat Expected,1 - Absolutely Yes,0 - adventurous,4,2,1 - High,0 - None,2,2,1,1,0,0,0,UK
1903,60,27,Female,1,15,3 - Indifferent / Can't Decide,"2 - Yes, a bit inconvenient but manageable",0 - adventurous,16,1,1 - High,0 - None,2,3,2,1,0,0,0,UK
1904,60,27,Female,1,16,2 - Somewhat Expected,"3 - Yes, but would not be feel nice",0 - adventurous,14,2,1 - High,0 - None,2,2,3,1,0,0,0,UK
1905,60,27,Female,1,17,2 - Somewhat Expected,"3 - Yes, but would not be feel nice",0 - adventurous,2,2,1 - High,0 - None,2,2,3,1,0,0,0,UK
1906,60,27,Female,1,18,1 - Completely Expected,1 - Absolutely Yes,0 - adventurous,6,2,0 - Low,0 - None,1,1,1,0,0,0,0,UK
1907,60,27,Female,1,19,2 - Somewhat Expected,"3 - Yes, but would not be feel nice",0 - adventurous,15,1,1 - High,0 - None,2,2,3,1,0,0,0,UK
1908,60,27,Female,1,20,2 - Somewhat Expected,"3 - Yes, but would not be feel nice",0 - adventurous,13,1,0 - Low,0 - None,1,2,3,0,0,0,0,UK
1909,60,27,Female,1,21,5 - Very Unexpected,4 - Certainly Not,0 - adventurous,9,2,1 - High,1 - Present,4,5,4,1,1,0,1,UK
1910,60,27,Female,1,22,4 - Somewhat Unexpected,"3 - Yes, but would not be feel nice",0 - adventurous,3,2,0 - Low,1 - Present,3,4,3,0,1,0,0,UK
1911,60,27,Female,1,23,5 - Very Unexpected,4 - Certainly Not,0 - adventurous,12,2,1 - High,1 - Present,4,5,4,1,1,0,1,UK
1912,60,27,Female,1,24,3 - Indifferent / Can't Decide,1 - Absolutely Yes,0 - adventurous,11,2,0 - Low,0 - None,1,3,1,0,0,0,0,UK
1913,60,27,Female,1,25,3 - Indifferent / Can't Decide,"2 - Yes, a bit inconvenient but manageable",0 - adventurous,8,1,1 - High,1 - Present,4,3,2,1,1,0,1,UK
1914,60,27,Female,1,26,5 - Very Unexpected,4 - Certainly Not,0 - adventurous,7,2,1 - High,1 - Present,4,5,4,1,1,0,1,UK
1915,60,27,Female,1,27,5 - Very Unexpected,4 - Certainly Not,0 - adventurous,13,2,1 - High,1 - Present,4,5,4,1,1,0,1,UK
1916,60,27,Female,1,28,3 - Indifferent / Can't Decide,1 - Absolutely Yes,0 - adventurous,8,2,0 - Low,1 - Present,3,3,1,0,1,0,0,UK
1917,60,27,Female,1,29,3 - Indifferent / Can't Decide,1 - Absolutely Yes,0 - adventurous,16,2,0 - Low,1 - Present,3,3,1,0,1,0,0,UK
1918,60,27,Female,1,30,2 - Somewhat Expected,1 - Absolutely Yes,0 - adventurous,10,2,0 - Low,0 - None,1,2,1,0,0,0,0,UK
1919,60,27,Female,1,31,1 - Completely Expected,1 - Absolutely Yes,0 - adventurous,1,2,0 - Low,0 - None,1,1,1,0,0,0,0,UK
1920,60,27,Female,1,32,4 - Somewhat Unexpected,"3 - Yes, but would not be feel nice",0 - adventurous,15,2,0 - Low,1 - Present,3,4,3,0,1,0,0,UK
1921,61,61,Male,1,1,4 - Somewhat Unexpected,"2 - Yes, a bit inconvenient but manageable",0 - adventurous,9,1,0 - Low,1 - Present,3,4,2,0,1,0,0,UK
1922,61,61,Male,1,2,1 - Completely Expected,1 - Absolutely Yes,0 - adventurous,11,1,1 - High,0 - None,2,1,1,1,0,0,0,UK
1923,61,61,Male,1,3,1 - Completely Expected,1 - Absolutely Yes,0 - adventurous,11,2,1 - High,0 - None,2,1,1,1,0,0,0,UK
1924,61,61,Male,1,4,1 - Completely Expected,1 - Absolutely Yes,0 - adventurous,7,1,1 - High,0 - None,2,1,1,1,0,0,0,UK
1925,61,61,Male,1,5,5 - Very Unexpected,"3 - Yes, but would not be feel nice",0 - adventurous,2,1,0 - Low,1 - Present,3,5,3,0,1,0,0,UK
1926,61,61,Male,1,6,1 - Completely Expected,1 - Absolutely Yes,0 - adventurous,14,1,1 - High,0 - None,2,1,1,1,0,0,0,UK
1927,61,61,Male,1,7,1 - Completely Expected,1 - Absolutely Yes,0 - adventurous,5,1,0 - Low,0 - None,1,1,1,0,0,0,0,UK
1928,61,61,Male,1,8,4 - Somewhat Unexpected,"2 - Yes, a bit inconvenient but manageable",0 - adventurous,9,2,0 - Low,1 - Present,3,4,2,0,1,0,0,UK
1929,61,61,Male,1,9,1 - Completely Expected,1 - Absolutely Yes,0 - adventurous,1,1,0 - Low,0 - None,1,1,1,0,0,0,0,UK
1930,61,61,Male,1,10,4 - Somewhat Unexpected,1 - Absolutely Yes,0 - adventurous,4,1,1 - High,1 - Present,4,4,1,1,1,0,1,UK
1931,61,61,Male,1,11,1 - Completely Expected,1 - Absolutely Yes,0 - adventurous,16,1,0 - Low,0 - None,1,1,1,0,0,0,0,UK
1932,61,61,Male,1,12,5 - Very Unexpected,1 - Absolutely Yes,0 - adventurous,3,1,1 - High,1 - Present,4,5,1,1,1,0,1,UK
1933,61,61,Male,1,13,1 - Completely Expected,1 - Absolutely Yes,0 - adventurous,10,1,0 - Low,0 - None,1,1,1,0,0,0,0,UK
1934,61,61,Male,1,14,4 - Somewhat Unexpected,1 - Absolutely Yes,0 - adventurous,8,1,0 - Low,1 - Present,3,4,1,0,1,0,0,UK
1935,61,61,Male,1,15,4 - Somewhat Unexpected,1 - Absolutely Yes,0 - adventurous,6,1,1 - High,1 - Present,4,4,1,1,1,0,1,UK
1936,61,61,Male,1,16,4 - Somewhat Unexpected,1 - Absolutely Yes,0 - adventurous,5,2,0 - Low,1 - Present,3,4,1,0,1,0,0,UK
1937,61,61,Male,1,17,4 - Somewhat Unexpected,1 - Absolutely Yes,0 - adventurous,10,2,1 - High,1 - Present,4,4,1,1,1,0,1,UK
1938,61,61,Male,1,18,5 - Very Unexpected,1 - Absolutely Yes,0 - adventurous,12,1,0 - Low,1 - Present,3,5,1,0,1,0,0,UK
1939,61,61,Male,1,19,4 - Somewhat Unexpected,1 - Absolutely Yes,0 - adventurous,7,2,1 - High,1 - Present,4,4,1,1,1,0,1,UK
1940,61,61,Male,1,20,4 - Somewhat Unexpected,1 - Absolutely Yes,0 - adventurous,16,2,0 - Low,1 - Present,3,4,1,0,1,0,0,UK
1941,61,61,Male,1,21,1 - Completely Expected,1 - Absolutely Yes,0 - adventurous,1,2,1 - High,0 - None,2,1,1,1,0,0,0,UK
1942,61,61,Male,1,22,1 - Completely Expected,1 - Absolutely Yes,0 - adventurous,6,2,0 - Low,0 - None,1,1,1,0,0,0,0,UK
1943,61,61,Male,1,23,2 - Somewhat Expected,"2 - Yes, a bit inconvenient but manageable",0 - adventurous,15,1,0 - Low,0 - None,1,2,2,0,0,0,0,UK
1944,61,61,Male,1,24,4 - Somewhat Unexpected,1 - Absolutely Yes,0 - adventurous,13,1,1 - High,1 - Present,4,4,1,1,1,0,1,UK
1945,61,61,Male,1,25,1 - Completely Expected,"2 - Yes, a bit inconvenient but manageable",0 - adventurous,15,2,1 - High,0 - None,2,1,2,1,0,0,0,UK
1946,61,61,Male,1,26,4 - Somewhat Unexpected,1 - Absolutely Yes,0 - adventurous,14,2,0 - Low,1 - Present,3,4,1,0,1,0,0,UK
1947,61,61,Male,1,27,1 - Completely Expected,1 - Absolutely Yes,0 - adventurous,12,2,1 - High,0 - None,2,1,1,1,0,0,0,UK
1948,61,61,Male,1,28,5 - Very Unexpected,1 - Absolutely Yes,0 - adventurous,3,2,1 - High,1 - Present,4,5,1,1,1,0,1,UK
1949,61,61,Male,1,29,1 - Completely Expected,1 - Absolutely Yes,0 - adventurous,8,2,0 - Low,0 - None,1,1,1,0,0,0,0,UK
1950,61,61,Male,1,30,4 - Somewhat Unexpected,1 - Absolutely Yes,0 - adventurous,13,2,1 - High,1 - Present,4,4,1,1,1,0,1,UK
1951,61,61,Male,1,31,1 - Completely Expected,1 - Absolutely Yes,0 - adventurous,4,2,1 - High,0 - None,2,1,1,1,0,0,0,UK
1952,61,61,Male,1,32,1 - Completely Expected,1 - Absolutely Yes,0 - adventurous,2,2,0 - Low,0 - None,1,1,1,0,0,0,0,UK
1953,62,48,Male,1,1,1 - Completely Expected,1 - Absolutely Yes,0 - adventurous,10,1,0 - Low,0 - None,1,1,1,0,0,0,0,UK
1954,62,48,Male,1,2,1 - Completely Expected,1 - Absolutely Yes,0 - adventurous,16,1,1 - High,0 - None,2,1,1,1,0,0,0,UK
1955,62,48,Male,1,3,1 - Completely Expected,1 - Absolutely Yes,0 - adventurous,4,1,1 - High,0 - None,2,1,1,1,0,0,0,UK
1956,62,48,Male,1,4,1 - Completely Expected,1 - Absolutely Yes,0 - adventurous,8,1,1 - High,1 - Present,4,1,1,1,1,0,1,UK
1957,62,48,Male,1,5,5 - Very Unexpected,"3 - Yes, but would not be feel nice",0 - adventurous,9,1,0 - Low,1 - Present,3,5,3,0,1,0,0,UK
1958,62,48,Male,1,6,5 - Very Unexpected,1 - Absolutely Yes,0 - adventurous,12,1,0 - Low,1 - Present,3,5,1,0,1,0,0,UK
1959,62,48,Male,1,7,5 - Very Unexpected,"3 - Yes, but would not be feel nice",0 - adventurous,15,1,0 - Low,1 - Present,3,5,3,0,1,0,0,UK
1960,62,48,Male,1,8,1 - Completely Expected,1 - Absolutely Yes,0 - adventurous,14,1,0 - Low,0 - None,1,1,1,0,0,0,0,UK
1961,62,48,Male,1,9,1 - Completely Expected,1 - Absolutely Yes,0 - adventurous,4,2,1 - High,1 - Present,4,1,1,1,1,0,1,UK
1962,62,48,Male,1,10,1 - Completely Expected,"2 - Yes, a bit inconvenient but manageable",0 - adventurous,6,1,1 - High,0 - None,2,1,2,1,0,0,0,UK
1963,62,48,Male,1,11,1 - Completely Expected,1 - Absolutely Yes,0 - adventurous,13,1,0 - Low,0 - None,1,1,1,0,0,0,0,UK
1964,62,48,Male,1,12,1 - Completely Expected,"3 - Yes, but would not be feel nice",0 - adventurous,7,1,0 - Low,0 - None,1,1,3,0,0,0,0,UK
1965,62,48,Male,1,13,5 - Very Unexpected,1 - Absolutely Yes,0 - adventurous,3,1,1 - High,1 - Present,4,5,1,1,1,0,1,UK
1966,62,48,Male,1,14,1 - Completely Expected,1 - Absolutely Yes,0 - adventurous,15,2,0 - Low,0 - None,1,1,1,0,0,0,0,UK
1967,62,48,Male,1,15,1 - Completely Expected,1 - Absolutely Yes,0 - adventurous,3,2,0 - Low,0 - None,1,1,1,0,0,0,0,UK
1968,62,48,Male,1,16,1 - Completely Expected,1 - Absolutely Yes,0 - adventurous,16,2,1 - High,0 - None,2,1,1,1,0,0,0,UK
1969,62,48,Male,1,17,5 - Very Unexpected,1 - Absolutely Yes,0 - adventurous,2,1,1 - High,1 - Present,4,5,1,1,1,0,1,UK
1970,62,48,Male,1,18,5 - Very Unexpected,4 - Certainly Not,0 - adventurous,11,1,0 - Low,1 - Present,3,5,4,0,1,0,0,UK
1971,62,48,Male,1,19,5 - Very Unexpected,1 - Absolutely Yes,0 - adventurous,6,2,1 - High,1 - Present,4,5,1,1,1,0,1,UK
1972,62,48,Male,1,20,5 - Very Unexpected,1 - Absolutely Yes,0 - adventurous,2,2,1 - High,1 - Present,4,5,1,1,1,0,1,UK
1973,62,48,Male,1,21,1 - Completely Expected,"3 - Yes, but would not be feel nice",0 - adventurous,11,2,1 - High,0 - None,2,1,3,1,0,0,0,UK
1974,62,48,Male,1,22,1 - Completely Expected,1 - Absolutely Yes,0 - adventurous,8,2,1 - High,0 - None,2,1,1,1,0,0,0,UK
1975,62,48,Male,1,23,5 - Very Unexpected,"2 - Yes, a bit inconvenient but manageable",0 - adventurous,9,2,0 - Low,1 - Present,3,5,2,0,1,0,0,UK
1976,62,48,Male,1,24,4 - Somewhat Unexpected,4 - Certainly Not,0 - adventurous,5,1,1 - High,1 - Present,4,4,4,1,1,0,1,UK
1977,62,48,Male,1,25,1 - Completely Expected,1 - Absolutely Yes,0 - adventurous,12,2,0 - Low,0 - None,1,1,1,0,0,0,0,UK
1978,62,48,Male,1,26,5 - Very Unexpected,1 - Absolutely Yes,0 - adventurous,13,2,0 - Low,1 - Present,3,5,1,0,1,0,0,UK
1979,62,48,Male,1,27,1 - Completely Expected,1 - Absolutely Yes,0 - adventurous,14,2,1 - High,0 - None,2,1,1,1,0,0,0,UK
1980,62,48,Male,1,28,5 - Very Unexpected,1 - Absolutely Yes,0 - adventurous,10,2,1 - High,1 - Present,4,5,1,1,1,0,1,UK
1981,62,48,Male,1,29,1 - Completely Expected,"3 - Yes, but would not be feel nice",0 - adventurous,7,2,0 - Low,0 - None,1,1,3,0,0,0,0,UK
1982,62,48,Male,1,30,5 - Very Unexpected,1 - Absolutely Yes,0 - adventurous,1,1,0 - Low,1 - Present,3,5,1,0,1,0,0,UK
1983,62,48,Male,1,31,5 - Very Unexpected,1 - Absolutely Yes,0 - adventurous,1,2,0 - Low,1 - Present,3,5,1,0,1,0,0,UK
1984,62,48,Male,1,32,1 - Completely Expected,1 - Absolutely Yes,0 - adventurous,5,2,1 - High,0 - None,2,1,1,1,0,0,0,UK
1985,63,42,Female,-7,1,2 - Somewhat Expected,"3 - Yes, but would not be feel nice",1 - cautious,2,1,1 - High,0 - None,2,2,3,1,0,1,0,US
1986,63,42,Female,-7,2,4 - Somewhat Unexpected,1 - Absolutely Yes,1 - cautious,14,1,0 - Low,1 - Present,3,4,1,0,1,1,0,US
1987,63,42,Female,-7,3,1 - Completely Expected,1 - Absolutely Yes,1 - cautious,13,1,0 - Low,0 - None,1,1,1,0,0,1,0,US
1988,63,42,Female,-7,4,1 - Completely Expected,1 - Absolutely Yes,1 - cautious,14,2,0 - Low,0 - None,1,1,1,0,0,1,0,US
1989,63,42,Female,-7,5,1 - Completely Expected,1 - Absolutely Yes,1 - cautious,9,1,0 - Low,0 - None,1,1,1,0,0,1,0,US
1990,63,42,Female,-7,6,5 - Very Unexpected,"2 - Yes, a bit inconvenient but manageable",1 - cautious,9,2,0 - Low,1 - Present,3,5,2,0,1,1,0,US
1991,63,42,Female,-7,7,5 - Very Unexpected,4 - Certainly Not,1 - cautious,2,2,1 - High,1 - Present,4,5,4,1,1,1,1,US
1992,63,42,Female,-7,8,5 - Very Unexpected,"2 - Yes, a bit inconvenient but manageable",1 - cautious,8,1,0 - Low,1 - Present,3,5,2,0,1,1,0,US
1993,63,42,Female,-7,9,1 - Completely Expected,1 - Absolutely Yes,1 - cautious,15,1,1 - High,0 - None,2,1,1,1,0,1,0,US
1994,63,42,Female,-7,10,1 - Completely Expected,1 - Absolutely Yes,1 - cautious,3,1,0 - Low,0 - None,1,1,1,0,0,1,0,US
1995,63,42,Female,-7,11,1 - Completely Expected,1 - Absolutely Yes,1 - cautious,10,1,0 - Low,0 - None,1,1,1,0,0,1,0,US
1996,63,42,Female,-7,12,1 - Completely Expected,"2 - Yes, a bit inconvenient but manageable",1 - cautious,6,1,1 - High,0 - None,2,1,2,1,0,1,0,US
1997,63,42,Female,-7,13,5 - Very Unexpected,"2 - Yes, a bit inconvenient but manageable",1 - cautious,5,1,1 - High,1 - Present,4,5,2,1,1,1,1,US
1998,63,42,Female,-7,14,1 - Completely Expected,1 - Absolutely Yes,1 - cautious,7,1,1 - High,1 - Present,4,1,1,1,1,1,1,US
1999,63,42,Female,-7,15,5 - Very Unexpected,"2 - Yes, a bit inconvenient but manageable",1 - cautious,16,1,1 - High,1 - Present,4,5,2,1,1,1,1,US
2000,63,42,Female,-7,16,1 - Completely Expected,"2 - Yes, a bit inconvenient but manageable",1 - cautious,13,2,1 - High,0 - None,2,1,2,1,0,1,0,US
2001,63,42,Female,-7,17,5 - Very Unexpected,"2 - Yes, a bit inconvenient but manageable",1 - cautious,8,2,0 - Low,1 - Present,3,5,2,0,1,1,0,US
2002,63,42,Female,-7,18,1 - Completely Expected,"2 - Yes, a bit inconvenient but manageable",1 - cautious,4,1,1 - High,0 - None,2,1,2,1,0,1,0,US
2003,63,42,Female,-7,19,5 - Very Unexpected,1 - Absolutely Yes,1 - cautious,12,1,0 - Low,1 - Present,3,5,1,0,1,1,0,US
2004,63,42,Female,-7,20,1 - Completely Expected,"2 - Yes, a bit inconvenient but manageable",1 - cautious,1,1,1 - High,0 - None,2,1,2,1,0,1,0,US
2005,63,42,Female,-7,21,1 - Completely Expected,1 - Absolutely Yes,1 - cautious,16,2,0 - Low,0 - None,1,1,1,0,0,1,0,US
2006,63,42,Female,-7,22,1 - Completely Expected,"3 - Yes, but would not be feel nice",1 - cautious,10,2,1 - High,0 - None,2,1,3,1,0,1,0,US
2007,63,42,Female,-7,23,1 - Completely Expected,1 - Absolutely Yes,1 - cautious,4,2,0 - Low,0 - None,1,1,1,0,0,1,0,US
2008,63,42,Female,-7,24,1 - Completely Expected,1 - Absolutely Yes,1 - cautious,11,1,0 - Low,0 - None,1,1,1,0,0,1,0,US
2009,63,42,Female,-7,25,5 - Very Unexpected,1 - Absolutely Yes,1 - cautious,12,2,0 - Low,1 - Present,3,5,1,0,1,1,0,US
2010,63,42,Female,-7,26,5 - Very Unexpected,"3 - Yes, but would not be feel nice",1 - cautious,15,2,1 - High,1 - Present,4,5,3,1,1,1,1,US
2011,63,42,Female,-7,27,4 - Somewhat Unexpected,"2 - Yes, a bit inconvenient but manageable",1 - cautious,5,2,0 - Low,1 - Present,3,4,2,0,1,1,0,US
2012,63,42,Female,-7,28,5 - Very Unexpected,4 - Certainly Not,1 - cautious,6,2,1 - High,1 - Present,4,5,4,1,1,1,1,US
2013,63,42,Female,-7,29,5 - Very Unexpected,"3 - Yes, but would not be feel nice",1 - cautious,1,2,0 - Low,1 - Present,3,5,3,0,1,1,0,US
2014,63,42,Female,-7,30,1 - Completely Expected,1 - Absolutely Yes,1 - cautious,7,2,1 - High,0 - None,2,1,1,1,0,1,0,US
2015,63,42,Female,-7,31,5 - Very Unexpected,"3 - Yes, but would not be feel nice",1 - cautious,3,2,1 - High,1 - Present,4,5,3,1,1,1,1,US
2016,63,42,Female,-7,32,5 - Very Unexpected,4 - Certainly Not,1 - cautious,11,2,1 - High,1 - Present,4,5,4,1,1,1,1,US
2017,64,54,Male,1,1,5 - Very Unexpected,4 - Certainly Not,1 - cautious,5,1,1 - High,1 - Present,4,5,4,1,1,1,1,UK
2018,64,54,Male,1,2,4 - Somewhat Unexpected,"2 - Yes, a bit inconvenient but manageable",1 - cautious,6,1,0 - Low,1 - Present,3,4,2,0,1,1,0,UK
2019,64,54,Male,1,3,1 - Completely Expected,1 - Absolutely Yes,1 - cautious,16,1,0 - Low,0 - None,1,1,1,0,0,1,0,UK
2020,64,54,Male,1,4,5 - Very Unexpected,"2 - Yes, a bit inconvenient but manageable",1 - cautious,13,1,1 - High,1 - Present,4,5,2,1,1,1,1,UK
2021,64,54,Male,1,5,4 - Somewhat Unexpected,"2 - Yes, a bit inconvenient but manageable",1 - cautious,11,1,0 - Low,1 - Present,3,4,2,0,1,1,0,UK
2022,64,54,Male,1,6,5 - Very Unexpected,"2 - Yes, a bit inconvenient but manageable",1 - cautious,2,1,0 - Low,1 - Present,3,5,2,0,1,1,0,UK
2023,64,54,Male,1,7,1 - Completely Expected,1 - Absolutely Yes,1 - cautious,2,2,0 - Low,0 - None,1,1,1,0,0,1,0,UK
2024,64,54,Male,1,8,4 - Somewhat Unexpected,"2 - Yes, a bit inconvenient but manageable",1 - cautious,14,1,1 - High,1 - Present,4,4,2,1,1,1,1,UK
2025,64,54,Male,1,9,1 - Completely Expected,1 - Absolutely Yes,1 - cautious,15,1,1 - High,0 - None,2,1,1,1,0,1,0,UK
2026,64,54,Male,1,10,5 - Very Unexpected,4 - Certainly Not,1 - cautious,6,2,1 - High,1 - Present,4,5,4,1,1,1,1,UK
2027,64,54,Male,1,11,2 - Somewhat Expected,"2 - Yes, a bit inconvenient but manageable",1 - cautious,9,1,1 - High,0 - None,2,2,2,1,0,1,0,UK
2028,64,54,Male,1,12,1 - Completely Expected,1 - Absolutely Yes,1 - cautious,8,1,1 - High,0 - None,2,1,1,1,0,1,0,UK
2029,64,54,Male,1,13,1 - Completely Expected,1 - Absolutely Yes,1 - cautious,3,1,0 - Low,0 - None,1,1,1,0,0,1,0,UK
2030,64,54,Male,1,14,1 - Completely Expected,"2 - Yes, a bit inconvenient but manageable",1 - cautious,1,1,1 - High,0 - None,2,1,2,1,0,1,0,UK
2031,64,54,Male,1,15,1 - Completely Expected,1 - Absolutely Yes,1 - cautious,15,2,1 - High,0 - None,2,1,1,1,0,1,0,UK
2032,64,54,Male,1,16,1 - Completely Expected,1 - Absolutely Yes,1 - cautious,13,2,0 - Low,0 - None,1,1,1,0,0,1,0,UK
2033,64,54,Male,1,17,4 - Somewhat Unexpected,"2 - Yes, a bit inconvenient but manageable",1 - cautious,7,1,1 - High,1 - Present,4,4,2,1,1,1,1,UK
2034,64,54,Male,1,18,1 - Completely Expected,1 - Absolutely Yes,1 - cautious,4,1,1 - High,0 - None,2,1,1,1,0,1,0,UK
2035,64,54,Male,1,19,1 - Completely Expected,1 - Absolutely Yes,1 - cautious,10,1,0 - Low,0 - None,1,1,1,0,0,1,0,UK
2036,64,54,Male,1,20,4 - Somewhat Unexpected,"2 - Yes, a bit inconvenient but manageable",1 - cautious,4,2,0 - Low,1 - Present,3,4,2,0,1,1,0,UK
2037,64,54,Male,1,21,5 - Very Unexpected,"2 - Yes, a bit inconvenient but manageable",1 - cautious,3,2,1 - High,1 - Present,4,5,2,1,1,1,1,UK
2038,64,54,Male,1,22,5 - Very Unexpected,"2 - Yes, a bit inconvenient but manageable",1 - cautious,12,1,1 - High,1 - Present,4,5,2,1,1,1,1,UK
2039,64,54,Male,1,23,5 - Very Unexpected,"2 - Yes, a bit inconvenient but manageable",1 - cautious,16,2,0 - Low,1 - Present,3,5,2,0,1,1,0,UK
2040,64,54,Male,1,24,5 - Very Unexpected,"3 - Yes, but would not be feel nice",1 - cautious,1,2,1 - High,1 - Present,4,5,3,1,1,1,1,UK
2041,64,54,Male,1,25,5 - Very Unexpected,1 - Absolutely Yes,1 - cautious,10,2,0 - Low,1 - Present,3,5,1,0,1,1,0,UK
2042,64,54,Male,1,26,1 - Completely Expected,1 - Absolutely Yes,1 - cautious,11,2,0 - Low,0 - None,1,1,1,0,0,1,0,UK
2043,64,54,Male,1,27,1 - Completely Expected,1 - Absolutely Yes,1 - cautious,8,2,1 - High,0 - None,2,1,1,1,0,1,0,UK
2044,64,54,Male,1,28,1 - Completely Expected,"2 - Yes, a bit inconvenient but manageable",1 - cautious,9,2,1 - High,0 - None,2,1,2,1,0,1,0,UK
2045,64,54,Male,1,29,5 - Very Unexpected,"2 - Yes, a bit inconvenient but manageable",1 - cautious,12,2,0 - Low,1 - Present,3,5,2,0,1,1,0,UK
2046,64,54,Male,1,30,1 - Completely Expected,1 - Absolutely Yes,1 - cautious,14,2,0 - Low,0 - None,1,1,1,0,0,1,0,UK
2047,64,54,Male,1,31,4 - Somewhat Unexpected,"2 - Yes, a bit inconvenient but manageable",1 - cautious,7,2,0 - Low,1 - Present,3,4,2,0,1,1,0,UK
2048,64,54,Male,1,32,1 - Completely Expected,1 - Absolutely Yes,1 - cautious,5,2,0 - Low,0 - None,1,1,1,0,0,1,0,UK
2049,65,42,Female,1,1,5 - Very Unexpected,"2 - Yes, a bit inconvenient but manageable",1 - cautious,12,1,1 - High,1 - Present,4,5,2,1,1,1,1,UK
2050,65,42,Female,1,2,5 - Very Unexpected,"2 - Yes, a bit inconvenient but manageable",1 - cautious,10,1,1 - High,1 - Present,4,5,2,1,1,1,1,UK
2051,65,42,Female,1,3,1 - Completely Expected,1 - Absolutely Yes,1 - cautious,16,1,1 - High,0 - None,2,1,1,1,0,1,0,UK
2052,65,42,Female,1,4,1 - Completely Expected,"2 - Yes, a bit inconvenient but manageable",1 - cautious,15,1,0 - Low,0 - None,1,1,2,0,0,1,0,UK
2053,65,42,Female,1,5,1 - Completely Expected,1 - Absolutely Yes,1 - cautious,2,1,0 - Low,0 - None,1,1,1,0,0,1,0,UK
2054,65,42,Female,1,6,1 - Completely Expected,1 - Absolutely Yes,1 - cautious,8,1,0 - Low,0 - None,1,1,1,0,0,1,0,UK
2055,65,42,Female,1,7,1 - Completely Expected,"2 - Yes, a bit inconvenient but manageable",1 - cautious,15,2,0 - Low,0 - None,1,1,2,0,0,1,0,UK
2056,65,42,Female,1,8,4 - Somewhat Unexpected,"2 - Yes, a bit inconvenient but manageable",1 - cautious,5,1,0 - Low,1 - Present,3,4,2,0,1,1,0,UK
2057,65,42,Female,1,9,4 - Somewhat Unexpected,"2 - Yes, a bit inconvenient but manageable",1 - cautious,4,1,0 - Low,1 - Present,3,4,2,0,1,1,0,UK
2058,65,42,Female,1,10,1 - Completely Expected,1 - Absolutely Yes,1 - cautious,1,1,1 - High,0 - None,2,1,1,1,0,1,0,UK
2059,65,42,Female,1,11,4 - Somewhat Unexpected,"2 - Yes, a bit inconvenient but manageable",1 - cautious,14,1,1 - High,1 - Present,4,4,2,1,1,1,1,UK
2060,65,42,Female,1,12,4 - Somewhat Unexpected,"2 - Yes, a bit inconvenient but manageable",1 - cautious,11,1,0 - Low,0 - None,1,4,2,0,0,1,0,UK
2061,65,42,Female,1,13,1 - Completely Expected,1 - Absolutely Yes,1 - cautious,16,2,0 - Low,0 - None,1,1,1,0,0,1,0,UK
2062,65,42,Female,1,14,1 - Completely Expected,1 - Absolutely Yes,1 - cautious,2,2,1 - High,0 - None,2,1,1,1,0,1,0,UK
2063,65,42,Female,1,15,4 - Somewhat Unexpected,"2 - Yes, a bit inconvenient but manageable",1 - cautious,7,1,1 - High,1 - Present,4,4,2,1,1,1,1,UK
2064,65,42,Female,1,16,4 - Somewhat Unexpected,"2 - Yes, a bit inconvenient but manageable",1 - cautious,4,2,0 - Low,1 - Present,3,4,2,0,1,1,0,UK
2065,65,42,Female,1,17,4 - Somewhat Unexpected,1 - Absolutely Yes,1 - cautious,13,1,0 - Low,1 - Present,3,4,1,0,1,1,0,UK
2066,65,42,Female,1,18,5 - Very Unexpected,4 - Certainly Not,1 - cautious,6,1,1 - High,1 - Present,4,5,4,1,1,1,1,UK
2067,65,42,Female,1,19,5 - Very Unexpected,"3 - Yes, but would not be feel nice",1 - cautious,6,2,0 - Low,1 - Present,3,5,3,0,1,1,0,UK
2068,65,42,Female,1,20,1 - Completely Expected,1 - Absolutely Yes,1 - cautious,1,2,1 - High,0 - None,2,1,1,1,0,1,0,UK
2069,65,42,Female,1,21,1 - Completely Expected,1 - Absolutely Yes,1 - cautious,8,2,0 - Low,0 - None,1,1,1,0,0,1,0,UK
2070,65,42,Female,1,22,5 - Very Unexpected,"2 - Yes, a bit inconvenient but manageable",1 - cautious,3,1,1 - High,1 - Present,4,5,2,1,1,1,1,UK
2071,65,42,Female,1,23,5 - Very Unexpected,"2 - Yes, a bit inconvenient but manageable",1 - cautious,3,2,0 - Low,1 - Present,3,5,2,0,1,1,0,UK
2072,65,42,Female,1,24,4 - Somewhat Unexpected,"2 - Yes, a bit inconvenient but manageable",1 - cautious,9,1,0 - Low,1 - Present,3,4,2,0,1,1,0,UK
2073,65,42,Female,1,25,4 - Somewhat Unexpected,1 - Absolutely Yes,1 - cautious,13,2,0 - Low,1 - Present,3,4,1,0,1,1,0,UK
2074,65,42,Female,1,26,1 - Completely Expected,1 - Absolutely Yes,1 - cautious,5,2,1 - High,0 - None,2,1,1,1,0,1,0,UK
2075,65,42,Female,1,27,1 - Completely Expected,1 - Absolutely Yes,1 - cautious,12,2,1 - High,0 - None,2,1,1,1,0,1,0,UK
2076,65,42,Female,1,28,1 - Completely Expected,1 - Absolutely Yes,1 - cautious,7,2,0 - Low,0 - None,1,1,1,0,0,1,0,UK
2077,65,42,Female,1,29,2 - Somewhat Expected,1 - Absolutely Yes,1 - cautious,14,2,1 - High,1 - Present,4,2,1,1,1,1,1,UK
2078,65,42,Female,1,30,1 - Completely Expected,1 - Absolutely Yes,1 - cautious,10,2,1 - High,0 - None,2,1,1,1,0,1,0,UK
2079,65,42,Female,1,31,1 - Completely Expected,1 - Absolutely Yes,1 - cautious,9,2,1 - High,0 - None,2,1,1,1,0,1,0,UK
2080,65,42,Female,1,32,5 - Very Unexpected,"3 - Yes, but would not be feel nice",1 - cautious,11,2,1 - High,1 - Present,4,5,3,1,1,1,1,UK
2081,66,44,Male,9.5,1,2 - Somewhat Expected,1 - Absolutely Yes,1 - cautious,14,1,0 - Low,0 - None,1,2,1,0,0,1,0,AU
2082,66,44,Male,9.5,2,1 - Completely Expected,1 - Absolutely Yes,1 - cautious,8,1,1 - High,0 - None,2,1,1,1,0,1,0,AU
2083,66,44,Male,9.5,3,2 - Somewhat Expected,"2 - Yes, a bit inconvenient but manageable",1 - cautious,6,1,0 - Low,0 - None,1,2,2,0,0,1,0,AU
2084,66,44,Male,9.5,4,2 - Somewhat Expected,1 - Absolutely Yes,1 - cautious,8,2,0 - Low,1 - Present,3,2,1,0,1,1,0,AU
2085,66,44,Male,9.5,5,1 - Completely Expected,1 - Absolutely Yes,1 - cautious,2,1,0 - Low,0 - None,1,1,1,0,0,1,0,AU
2086,66,44,Male,9.5,6,4 - Somewhat Unexpected,"3 - Yes, but would not be feel nice",1 - cautious,16,1,0 - Low,0 - None,1,4,3,0,0,1,0,AU
2087,66,44,Male,9.5,7,2 - Somewhat Expected,"2 - Yes, a bit inconvenient but manageable",1 - cautious,14,2,1 - High,1 - Present,4,2,2,1,1,1,1,AU
2088,66,44,Male,9.5,8,4 - Somewhat Unexpected,"3 - Yes, but would not be feel nice",1 - cautious,4,1,1 - High,1 - Present,4,4,3,1,1,1,1,AU
2089,66,44,Male,9.5,9,2 - Somewhat Expected,1 - Absolutely Yes,1 - cautious,10,1,0 - Low,0 - None,1,2,1,0,0,1,0,AU
2090,66,44,Male,9.5,10,4 - Somewhat Unexpected,"3 - Yes, but would not be feel nice",1 - cautious,7,1,1 - High,1 - Present,4,4,3,1,1,1,1,AU
2091,66,44,Male,9.5,11,2 - Somewhat Expected,1 - Absolutely Yes,1 - cautious,10,2,0 - Low,1 - Present,3,2,1,0,1,1,0,AU
2092,66,44,Male,9.5,12,4 - Somewhat Unexpected,4 - Certainly Not,1 - cautious,3,1,0 - Low,0 - None,1,4,4,0,0,1,0,AU
2093,66,44,Male,9.5,13,5 - Very Unexpected,4 - Certainly Not,1 - cautious,4,2,0 - Low,1 - Present,3,5,4,0,1,1,0,AU
2094,66,44,Male,9.5,14,5 - Very Unexpected,4 - Certainly Not,1 - cautious,2,2,0 - Low,1 - Present,3,5,4,0,1,1,0,AU
2095,66,44,Male,9.5,15,4 - Somewhat Unexpected,4 - Certainly Not,1 - cautious,3,2,0 - Low,1 - Present,3,4,4,0,1,1,0,AU
2096,66,44,Male,9.5,16,2 - Somewhat Expected,"2 - Yes, a bit inconvenient but manageable",1 - cautious,1,1,1 - High,0 - None,2,2,2,1,0,1,0,AU
2097,66,44,Male,9.5,17,2 - Somewhat Expected,"2 - Yes, a bit inconvenient but manageable",1 - cautious,6,2,1 - High,0 - None,2,2,2,1,0,1,0,AU
2098,66,44,Male,9.5,18,5 - Very Unexpected,4 - Certainly Not,1 - cautious,1,2,0 - Low,1 - Present,3,5,4,0,1,1,0,AU
2099,66,44,Male,9.5,19,4 - Somewhat Unexpected,4 - Certainly Not,1 - cautious,11,1,1 - High,0 - None,2,4,4,1,0,1,0,AU
2100,66,44,Male,9.5,20,4 - Somewhat Unexpected,"3 - Yes, but would not be feel nice",1 - cautious,16,2,0 - Low,0 - None,1,4,3,0,0,1,0,AU
2101,66,44,Male,9.5,21,5 - Very Unexpected,4 - Certainly Not,1 - cautious,15,1,1 - High,1 - Present,4,5,4,1,1,1,1,AU
2102,66,44,Male,9.5,22,4 - Somewhat Unexpected,4 - Certainly Not,1 - cautious,5,1,0 - Low,1 - Present,3,4,4,0,1,1,0,AU
2103,66,44,Male,9.5,23,2 - Somewhat Expected,"2 - Yes, a bit inconvenient but manageable",1 - cautious,9,1,0 - Low,0 - None,1,2,2,0,0,1,0,AU
2104,66,44,Male,9.5,24,2 - Somewhat Expected,"3 - Yes, but would not be feel nice",1 - cautious,13,1,0 - Low,1 - Present,3,2,3,0,1,1,0,AU
2105,66,44,Male,9.5,25,2 - Somewhat Expected,"3 - Yes, but would not be feel nice",1 - cautious,13,2,1 - High,1 - Present,4,2,3,1,1,1,1,AU
2106,66,44,Male,9.5,26,2 - Somewhat Expected,"2 - Yes, a bit inconvenient but manageable",1 - cautious,9,2,1 - High,1 - Present,4,2,2,1,1,1,1,AU
2107,66,44,Male,9.5,27,2 - Somewhat Expected,"3 - Yes, but would not be feel nice",1 - cautious,15,2,1 - High,0 - None,2,2,3,1,0,1,0,AU
2108,66,44,Male,9.5,28,1 - Completely Expected,1 - Absolutely Yes,1 - cautious,7,2,1 - High,0 - None,2,1,1,1,0,1,0,AU
2109,66,44,Male,9.5,29,4 - Somewhat Unexpected,"3 - Yes, but would not be feel nice",1 - cautious,11,2,1 - High,1 - Present,4,4,3,1,1,1,1,AU
2110,66,44,Male,9.5,30,2 - Somewhat Expected,"2 - Yes, a bit inconvenient but manageable",1 - cautious,12,1,1 - High,0 - None,2,2,2,1,0,1,0,AU
2111,66,44,Male,9.5,31,4 - Somewhat Unexpected,"3 - Yes, but would not be feel nice",1 - cautious,5,2,1 - High,1 - Present,4,4,3,1,1,1,1,AU
2112,66,44,Male,9.5,32,2 - Somewhat Expected,"2 - Yes, a bit inconvenient but manageable",1 - cautious,12,2,1 - High,0 - None,2,2,2,1,0,1,0,AU
2113,67,43,Female,-4,1,2 - Somewhat Expected,"3 - Yes, but would not be feel nice",1 - cautious,13,1,1 - High,0 - None,2,2,3,1,0,1,0,US
2114,67,43,Female,-4,2,5 - Very Unexpected,1 - Absolutely Yes,1 - cautious,9,1,0 - Low,1 - Present,3,5,1,0,1,1,0,US
2115,67,43,Female,-4,3,5 - Very Unexpected,1 - Absolutely Yes,1 - cautious,4,1,0 - Low,1 - Present,3,5,1,0,1,1,0,US
2116,67,43,Female,-4,4,1 - Completely Expected,1 - Absolutely Yes,1 - cautious,8,1,1 - High,0 - None,2,1,1,1,0,1,0,US
2117,67,43,Female,-4,5,1 - Completely Expected,1 - Absolutely Yes,1 - cautious,10,1,0 - Low,0 - None,1,1,1,0,0,1,0,US
2118,67,43,Female,-4,6,1 - Completely Expected,1 - Absolutely Yes,1 - cautious,2,1,1 - High,0 - None,2,1,1,1,0,1,0,US
2119,67,43,Female,-4,7,1 - Completely Expected,1 - Absolutely Yes,1 - cautious,6,1,1 - High,0 - None,2,1,1,1,0,1,0,US
2120,67,43,Female,-4,8,1 - Completely Expected,1 - Absolutely Yes,1 - cautious,1,1,1 - High,0 - None,2,1,1,1,0,1,0,US
2121,67,43,Female,-4,9,4 - Somewhat Unexpected,"2 - Yes, a bit inconvenient but manageable",1 - cautious,2,2,1 - High,1 - Present,4,4,2,1,1,1,1,US
2122,67,43,Female,-4,10,5 - Very Unexpected,1 - Absolutely Yes,1 - cautious,11,1,1 - High,1 - Present,4,5,1,1,1,1,1,US
2123,67,43,Female,-4,11,5 - Very Unexpected,1 - Absolutely Yes,1 - cautious,12,1,1 - High,1 - Present,4,5,1,1,1,1,1,US
2124,67,43,Female,-4,12,4 - Somewhat Unexpected,1 - Absolutely Yes,1 - cautious,8,2,0 - Low,1 - Present,3,4,1,0,1,1,0,US
2125,67,43,Female,-4,13,5 - Very Unexpected,1 - Absolutely Yes,1 - cautious,14,1,0 - Low,1 - Present,3,5,1,0,1,1,0,US
2126,67,43,Female,-4,14,4 - Somewhat Unexpected,"3 - Yes, but would not be feel nice",1 - cautious,15,1,1 - High,1 - Present,4,4,3,1,1,1,1,US
2127,67,43,Female,-4,15,5 - Very Unexpected,1 - Absolutely Yes,1 - cautious,13,2,0 - Low,1 - Present,3,5,1,0,1,1,0,US
2128,67,43,Female,-4,16,4 - Somewhat Unexpected,1 - Absolutely Yes,1 - cautious,14,2,0 - Low,0 - None,1,4,1,0,0,1,0,US
2129,67,43,Female,-4,17,5 - Very Unexpected,"3 - Yes, but would not be feel nice",1 - cautious,16,1,0 - Low,1 - Present,3,5,3,0,1,1,0,US
2130,67,43,Female,-4,18,1 - Completely Expected,"3 - Yes, but would not be feel nice",1 - cautious,16,2,0 - Low,0 - None,1,1,3,0,0,1,0,US
2131,67,43,Female,-4,19,5 - Very Unexpected,1 - Absolutely Yes,1 - cautious,11,2,1 - High,1 - Present,4,5,1,1,1,1,1,US
2132,67,43,Female,-4,20,5 - Very Unexpected,"2 - Yes, a bit inconvenient but manageable",1 - cautious,3,1,1 - High,1 - Present,4,5,2,1,1,1,1,US
2133,67,43,Female,-4,21,4 - Somewhat Unexpected,1 - Absolutely Yes,1 - cautious,6,2,0 - Low,1 - Present,3,4,1,0,1,1,0,US
2134,67,43,Female,-4,22,2 - Somewhat Expected,"3 - Yes, but would not be feel nice",1 - cautious,15,2,0 - Low,0 - None,1,2,3,0,0,1,0,US
2135,67,43,Female,-4,23,1 - Completely Expected,1 - Absolutely Yes,1 - cautious,1,2,0 - Low,0 - None,1,1,1,0,0,1,0,US
2136,67,43,Female,-4,24,1 - Completely Expected,1 - Absolutely Yes,1 - cautious,5,1,0 - Low,0 - None,1,1,1,0,0,1,0,US
2137,67,43,Female,-4,25,1 - Completely Expected,"2 - Yes, a bit inconvenient but manageable",1 - cautious,5,2,1 - High,0 - None,2,1,2,1,0,1,0,US
2138,67,43,Female,-4,26,1 - Completely Expected,1 - Absolutely Yes,1 - cautious,12,2,1 - High,0 - None,2,1,1,1,0,1,0,US
2139,67,43,Female,-4,27,1 - Completely Expected,1 - Absolutely Yes,1 - cautious,3,2,1 - High,0 - None,2,1,1,1,0,1,0,US
2140,67,43,Female,-4,28,1 - Completely Expected,1 - Absolutely Yes,1 - cautious,9,2,0 - Low,0 - None,1,1,1,0,0,1,0,US
2141,67,43,Female,-4,29,4 - Somewhat Unexpected,"2 - Yes, a bit inconvenient but manageable",1 - cautious,7,1,1 - High,1 - Present,4,4,2,1,1,1,1,US
2142,67,43,Female,-4,30,5 - Very Unexpected,1 - Absolutely Yes,1 - cautious,4,2,0 - Low,1 - Present,3,5,1,0,1,1,0,US
2143,67,43,Female,-4,31,4 - Somewhat Unexpected,1 - Absolutely Yes,1 - cautious,10,2,1 - High,1 - Present,4,4,1,1,1,1,1,US
2144,67,43,Female,-4,32,1 - Completely Expected,1 - Absolutely Yes,1 - cautious,7,2,0 - Low,0 - None,1,1,1,0,0,1,0,US
2145,68,51,Female,1,1,2 - Somewhat Expected,"2 - Yes, a bit inconvenient but manageable",0 - adventurous,3,1,1 - High,0 - None,2,2,2,1,0,0,0,UK
2146,68,51,Female,1,2,4 - Somewhat Unexpected,"2 - Yes, a bit inconvenient but manageable",0 - adventurous,9,1,0 - Low,1 - Present,3,4,2,0,1,0,0,UK
2147,68,51,Female,1,3,2 - Somewhat Expected,1 - Absolutely Yes,0 - adventurous,11,1,1 - High,0 - None,2,2,1,1,0,0,0,UK
2148,68,51,Female,1,4,1 - Completely Expected,1 - Absolutely Yes,0 - adventurous,9,2,0 - Low,0 - None,1,1,1,0,0,0,0,UK
2149,68,51,Female,1,5,1 - Completely Expected,1 - Absolutely Yes,0 - adventurous,13,1,1 - High,0 - None,2,1,1,1,0,0,0,UK
2150,68,51,Female,1,6,1 - Completely Expected,1 - Absolutely Yes,0 - adventurous,6,1,0 - Low,0 - None,1,1,1,0,0,0,0,UK
2151,68,51,Female,1,7,1 - Completely Expected,"2 - Yes, a bit inconvenient but manageable",0 - adventurous,16,1,0 - Low,0 - None,1,1,2,0,0,0,0,UK
2152,68,51,Female,1,8,5 - Very Unexpected,"3 - Yes, but would not be feel nice",0 - adventurous,15,1,1 - High,1 - Present,4,5,3,1,1,0,1,UK
2153,68,51,Female,1,9,5 - Very Unexpected,"2 - Yes, a bit inconvenient but manageable",0 - adventurous,10,1,1 - High,1 - Present,4,5,2,1,1,0,1,UK
2154,68,51,Female,1,10,4 - Somewhat Unexpected,1 - Absolutely Yes,0 - adventurous,7,1,0 - Low,1 - Present,3,4,1,0,1,0,0,UK
2155,68,51,Female,1,11,1 - Completely Expected,1 - Absolutely Yes,0 - adventurous,4,1,0 - Low,0 - None,1,1,1,0,0,0,0,UK
2156,68,51,Female,1,12,5 - Very Unexpected,"3 - Yes, but would not be feel nice",0 - adventurous,1,1,1 - High,1 - Present,4,5,3,1,1,0,1,UK
2157,68,51,Female,1,13,4 - Somewhat Unexpected,1 - Absolutely Yes,0 - adventurous,3,2,0 - Low,1 - Present,3,4,1,0,1,0,0,UK
2158,68,51,Female,1,14,1 - Completely Expected,"2 - Yes, a bit inconvenient but manageable",0 - adventurous,2,1,1 - High,0 - None,2,1,2,1,0,0,0,UK
2159,68,51,Female,1,15,1 - Completely Expected,"2 - Yes, a bit inconvenient but manageable",0 - adventurous,7,2,1 - High,0 - None,2,1,2,1,0,0,0,UK
2160,68,51,Female,1,16,1 - Completely Expected,1 - Absolutely Yes,0 - adventurous,14,1,0 - Low,0 - None,1,1,1,0,0,0,0,UK
2161,68,51,Female,1,17,5 - Very Unexpected,1 - Absolutely Yes,0 - adventurous,16,2,1 - High,1 - Present,4,5,1,1,1,0,1,UK
2162,68,51,Female,1,18,5 - Very Unexpected,4 - Certainly Not,0 - adventurous,6,2,1 - High,1 - Present,4,5,4,1,1,0,1,UK
2163,68,51,Female,1,19,4 - Somewhat Unexpected,"2 - Yes, a bit inconvenient but manageable",0 - adventurous,8,1,1 - High,1 - Present,4,4,2,1,1,0,1,UK
2164,68,51,Female,1,20,1 - Completely Expected,"2 - Yes, a bit inconvenient but manageable",0 - adventurous,2,2,1 - High,0 - None,2,1,2,1,0,0,0,UK
2165,68,51,Female,1,21,4 - Somewhat Unexpected,1 - Absolutely Yes,0 - adventurous,1,2,0 - Low,1 - Present,3,4,1,0,1,0,0,UK
2166,68,51,Female,1,22,4 - Somewhat Unexpected,1 - Absolutely Yes,0 - adventurous,5,1,0 - Low,1 - Present,3,4,1,0,1,0,0,UK
2167,68,51,Female,1,23,1 - Completely Expected,1 - Absolutely Yes,0 - adventurous,5,2,0 - Low,0 - None,1,1,1,0,0,0,0,UK
2168,68,51,Female,1,24,1 - Completely Expected,"2 - Yes, a bit inconvenient but manageable",0 - adventurous,10,2,1 - High,0 - None,2,1,2,1,0,0,0,UK
2169,68,51,Female,1,25,3 - Indifferent / Can't Decide,"2 - Yes, a bit inconvenient but manageable",0 - adventurous,8,2,1 - High,1 - Present,4,3,2,1,1,0,1,UK
2170,68,51,Female,1,26,1 - Completely Expected,1 - Absolutely Yes,0 - adventurous,4,2,0 - Low,0 - None,1,1,1,0,0,0,0,UK
2171,68,51,Female,1,27,5 - Very Unexpected,1 - Absolutely Yes,0 - adventurous,12,1,1 - High,1 - Present,4,5,1,1,1,0,1,UK
2172,68,51,Female,1,28,4 - Somewhat Unexpected,1 - Absolutely Yes,0 - adventurous,11,2,0 - Low,1 - Present,3,4,1,0,1,0,0,UK
2173,68,51,Female,1,29,5 - Very Unexpected,1 - Absolutely Yes,0 - adventurous,12,2,0 - Low,1 - Present,3,5,1,0,1,0,0,UK
2174,68,51,Female,1,30,1 - Completely Expected,"2 - Yes, a bit inconvenient but manageable",0 - adventurous,14,2,1 - High,0 - None,2,1,2,1,0,0,0,UK
2175,68,51,Female,1,31,1 - Completely Expected,1 - Absolutely Yes,0 - adventurous,13,2,0 - Low,0 - None,1,1,1,0,0,0,0,UK
2176,68,51,Female,1,32,4 - Somewhat Unexpected,"2 - Yes, a bit inconvenient but manageable",0 - adventurous,15,2,0 - Low,1 - Present,3,4,2,0,1,0,0,UK
2177,69,33,Female,1,1,2 - Somewhat Expected,"3 - Yes, but would not be feel nice",0 - adventurous,14,1,1 - High,0 - None,2,2,3,1,0,0,0,UK
2178,69,33,Female,1,2,5 - Very Unexpected,1 - Absolutely Yes,0 - adventurous,3,1,0 - Low,1 - Present,3,5,1,0,1,0,0,UK
2179,69,33,Female,1,3,5 - Very Unexpected,4 - Certainly Not,0 - adventurous,11,1,0 - Low,1 - Present,3,5,4,0,1,0,0,UK
2180,69,33,Female,1,4,4 - Somewhat Unexpected,1 - Absolutely Yes,0 - adventurous,1,1,0 - Low,1 - Present,3,4,1,0,1,0,0,UK
2181,69,33,Female,1,5,5 - Very Unexpected,4 - Certainly Not,0 - adventurous,16,1,1 - High,1 - Present,4,5,4,1,1,0,1,UK
2182,69,33,Female,1,6,4 - Somewhat Unexpected,"3 - Yes, but would not be feel nice",0 - adventurous,10,1,1 - High,1 - Present,4,4,3,1,1,0,1,UK
2183,69,33,Female,1,7,1 - Completely Expected,"3 - Yes, but would not be feel nice",0 - adventurous,9,1,1 - High,0 - None,2,1,3,1,0,0,0,UK
2184,69,33,Female,1,8,5 - Very Unexpected,4 - Certainly Not,0 - adventurous,4,1,0 - Low,1 - Present,3,5,4,0,1,0,0,UK
2185,69,33,Female,1,9,5 - Very Unexpected,"2 - Yes, a bit inconvenient but manageable",0 - adventurous,2,1,1 - High,1 - Present,4,5,2,1,1,0,1,UK
2186,69,33,Female,1,10,1 - Completely Expected,1 - Absolutely Yes,0 - adventurous,8,1,0 - Low,0 - None,1,1,1,0,0,0,0,UK
2187,69,33,Female,1,11,1 - Completely Expected,"2 - Yes, a bit inconvenient but manageable",0 - adventurous,10,2,1 - High,0 - None,2,1,2,1,0,0,0,UK
2188,69,33,Female,1,12,5 - Very Unexpected,"2 - Yes, a bit inconvenient but manageable",0 - adventurous,2,2,0 - Low,1 - Present,3,5,2,0,1,0,0,UK
2189,69,33,Female,1,13,2 - Somewhat Expected,"2 - Yes, a bit inconvenient but manageable",0 - adventurous,11,2,1 - High,0 - None,2,2,2,1,0,0,0,UK
2190,69,33,Female,1,14,1 - Completely Expected,1 - Absolutely Yes,0 - adventurous,6,1,0 - Low,0 - None,1,1,1,0,0,0,0,UK
2191,69,33,Female,1,15,3 - Indifferent / Can't Decide,1 - Absolutely Yes,0 - adventurous,4,2,0 - Low,0 - None,1,3,1,0,0,0,0,UK
2192,69,33,Female,1,16,5 - Very Unexpected,4 - Certainly Not,0 - adventurous,15,1,1 - High,1 - Present,4,5,4,1,1,0,1,UK
2193,69,33,Female,1,17,5 - Very Unexpected,4 - Certainly Not,0 - adventurous,14,2,1 - High,1 - Present,4,5,4,1,1,0,1,UK
2194,69,33,Female,1,18,5 - Very Unexpected,"2 - Yes, a bit inconvenient but manageable",0 - adventurous,12,1,0 - Low,1 - Present,3,5,2,0,1,0,0,UK
2195,69,33,Female,1,19,1 - Completely Expected,"3 - Yes, but would not be feel nice",0 - adventurous,5,1,0 - Low,0 - None,1,1,3,0,0,0,0,UK
2196,69,33,Female,1,20,1 - Completely Expected,1 - Absolutely Yes,0 - adventurous,12,2,1 - High,0 - None,2,1,1,1,0,0,0,UK
2197,69,33,Female,1,21,3 - Indifferent / Can't Decide,"2 - Yes, a bit inconvenient but manageable",0 - adventurous,9,2,0 - Low,1 - Present,3,3,2,0,1,0,0,UK
2198,69,33,Female,1,22,1 - Completely Expected,1 - Absolutely Yes,0 - adventurous,13,1,0 - Low,0 - None,1,1,1,0,0,0,0,UK
2199,69,33,Female,1,23,3 - Indifferent / Can't Decide,1 - Absolutely Yes,0 - adventurous,8,2,0 - Low,1 - Present,3,3,1,0,1,0,0,UK
2200,69,33,Female,1,24,4 - Somewhat Unexpected,"2 - Yes, a bit inconvenient but manageable",0 - adventurous,7,1,1 - High,1 - Present,4,4,2,1,1,0,1,UK
2201,69,33,Female,1,25,1 - Completely Expected,1 - Absolutely Yes,0 - adventurous,6,2,0 - Low,0 - None,1,1,1,0,0,0,0,UK
2202,69,33,Female,1,26,1 - Completely Expected,"2 - Yes, a bit inconvenient but manageable",0 - adventurous,3,2,1 - High,0 - None,2,1,2,1,0,0,0,UK
2203,69,33,Female,1,27,1 - Completely Expected,4 - Certainly Not,0 - adventurous,15,2,0 - Low,0 - None,1,1,4,0,0,0,0,UK
2204,69,33,Female,1,28,4 - Somewhat Unexpected,"2 - Yes, a bit inconvenient but manageable",0 - adventurous,7,2,1 - High,1 - Present,4,4,2,1,1,0,1,UK
2205,69,33,Female,1,29,1 - Completely Expected,1 - Absolutely Yes,0 - adventurous,13,2,0 - Low,0 - None,1,1,1,0,0,0,0,UK
2206,69,33,Female,1,30,2 - Somewhat Expected,"3 - Yes, but would not be feel nice",0 - adventurous,5,2,1 - High,0 - None,2,2,3,1,0,0,0,UK
2207,69,33,Female,1,31,5 - Very Unexpected,4 - Certainly Not,0 - adventurous,16,2,1 - High,1 - Present,4,5,4,1,1,0,1,UK
2208,69,33,Female,1,32,1 - Completely Expected,"2 - Yes, a bit inconvenient but manageable",0 - adventurous,1,2,1 - High,0 - None,2,1,2,1,0,0,0,UK
2209,70,42,Female,-4,1,2 - Somewhat Expected,"3 - Yes, but would not be feel nice",0 - adventurous,5,1,0 - Low,0 - None,1,2,3,0,0,0,0,US
2210,70,42,Female,-4,2,3 - Indifferent / Can't Decide,"3 - Yes, but would not be feel nice",0 - adventurous,5,2,0 - Low,1 - Present,3,3,3,0,1,0,0,US
2211,70,42,Female,-4,3,5 - Very Unexpected,4 - Certainly Not,0 - adventurous,14,1,0 - Low,1 - Present,3,5,4,0,1,0,0,US
2212,70,42,Female,-4,4,4 - Somewhat Unexpected,"2 - Yes, a bit inconvenient but manageable",0 - adventurous,14,2,1 - High,1 - Present,4,4,2,1,1,0,1,US
2213,70,42,Female,-4,5,1 - Completely Expected,1 - Absolutely Yes,0 - adventurous,13,1,1 - High,1 - Present,4,1,1,1,1,0,1,US
2214,70,42,Female,-4,6,2 - Somewhat Expected,1 - Absolutely Yes,0 - adventurous,16,1,0 - Low,1 - Present,3,2,1,0,1,0,0,US
2215,70,42,Female,-4,7,1 - Completely Expected,"2 - Yes, a bit inconvenient but manageable",0 - adventurous,1,1,0 - Low,0 - None,1,1,2,0,0,0,0,US
2216,70,42,Female,-4,8,2 - Somewhat Expected,"2 - Yes, a bit inconvenient but manageable",0 - adventurous,7,1,0 - Low,0 - None,1,2,2,0,0,0,0,US
2217,70,42,Female,-4,9,1 - Completely Expected,"2 - Yes, a bit inconvenient but manageable",0 - adventurous,9,1,1 - High,1 - Present,4,1,2,1,1,0,1,US
2218,70,42,Female,-4,10,3 - Indifferent / Can't Decide,"2 - Yes, a bit inconvenient but manageable",0 - adventurous,10,1,0 - Low,0 - None,1,3,2,0,0,0,0,US
2219,70,42,Female,-4,11,1 - Completely Expected,1 - Absolutely Yes,0 - adventurous,3,1,0 - Low,1 - Present,3,1,1,0,1,0,0,US
2220,70,42,Female,-4,12,2 - Somewhat Expected,1 - Absolutely Yes,0 - adventurous,6,1,0 - Low,0 - None,1,2,1,0,0,0,0,US
2221,70,42,Female,-4,13,5 - Very Unexpected,4 - Certainly Not,0 - adventurous,11,1,1 - High,0 - None,2,5,4,1,0,0,0,US
2222,70,42,Female,-4,14,3 - Indifferent / Can't Decide,"3 - Yes, but would not be feel nice",0 - adventurous,2,1,1 - High,1 - Present,4,3,3,1,1,0,1,US
2223,70,42,Female,-4,15,5 - Very Unexpected,4 - Certainly Not,0 - adventurous,11,2,1 - High,0 - None,2,5,4,1,0,0,0,US
2224,70,42,Female,-4,16,4 - Somewhat Unexpected,"3 - Yes, but would not be feel nice",0 - adventurous,15,1,0 - Low,1 - Present,3,4,3,0,1,0,0,US
2225,70,42,Female,-4,17,2 - Somewhat Expected,"2 - Yes, a bit inconvenient but manageable",0 - adventurous,7,2,0 - Low,1 - Present,3,2,2,0,1,0,0,US
2226,70,42,Female,-4,18,3 - Indifferent / Can't Decide,"3 - Yes, but would not be feel nice",0 - adventurous,9,2,0 - Low,1 - Present,3,3,3,0,1,0,0,US
2227,70,42,Female,-4,19,2 - Somewhat Expected,1 - Absolutely Yes,0 - adventurous,15,2,1 - High,0 - None,2,2,1,1,0,0,0,US
2228,70,42,Female,-4,20,2 - Somewhat Expected,1 - Absolutely Yes,0 - adventurous,3,2,0 - Low,0 - None,1,2,1,0,0,0,0,US
2229,70,42,Female,-4,21,4 - Somewhat Unexpected,"3 - Yes, but would not be feel nice",0 - adventurous,1,2,0 - Low,1 - Present,3,4,3,0,1,0,0,US
2230,70,42,Female,-4,22,2 - Somewhat Expected,1 - Absolutely Yes,0 - adventurous,4,1,1 - High,0 - None,2,2,1,1,0,0,0,US
2231,70,42,Female,-4,23,4 - Somewhat Unexpected,"3 - Yes, but would not be feel nice",0 - adventurous,8,1,1 - High,1 - Present,4,4,3,1,1,0,1,US
2232,70,42,Female,-4,24,3 - Indifferent / Can't Decide,1 - Absolutely Yes,0 - adventurous,12,1,1 - High,0 - None,2,3,1,1,0,0,0,US
2233,70,42,Female,-4,25,2 - Somewhat Expected,"2 - Yes, a bit inconvenient but manageable",0 - adventurous,13,2,1 - High,0 - None,2,2,2,1,0,0,0,US
2234,70,42,Female,-4,26,3 - Indifferent / Can't Decide,"2 - Yes, a bit inconvenient but manageable",0 - adventurous,2,2,0 - Low,0 - None,1,3,2,0,0,0,0,US
2235,70,42,Female,-4,27,2 - Somewhat Expected,"2 - Yes, a bit inconvenient but manageable",0 - adventurous,4,2,1 - High,0 - None,2,2,2,1,0,0,0,US
2236,70,42,Female,-4,28,3 - Indifferent / Can't Decide,"3 - Yes, but would not be feel nice",0 - adventurous,6,2,1 - High,0 - None,2,3,3,1,0,0,0,US
2237,70,42,Female,-4,29,3 - Indifferent / Can't Decide,"3 - Yes, but would not be feel nice",0 - adventurous,16,2,1 - High,1 - Present,4,3,3,1,1,0,1,US
2238,70,42,Female,-4,30,4 - Somewhat Unexpected,"2 - Yes, a bit inconvenient but manageable",0 - adventurous,12,2,0 - Low,0 - None,1,4,2,0,0,0,0,US
2239,70,42,Female,-4,31,2 - Somewhat Expected,1 - Absolutely Yes,0 - adventurous,10,2,1 - High,1 - Present,4,2,1,1,1,0,1,US
2240,70,42,Female,-4,32,3 - Indifferent / Can't Decide,"3 - Yes, but would not be feel nice",0 - adventurous,8,2,1 - High,1 - Present,4,3,3,1,1,0,1,US
2241,71,33,Male,1,1,5 - Very Unexpected,"2 - Yes, a bit inconvenient but manageable",1 - cautious,12,1,1 - High,1 - Present,4,5,2,1,1,1,1,UK
2242,71,33,Male,1,2,5 - Very Unexpected,4 - Certainly Not,1 - cautious,1,1,1 - High,1 - Present,4,5,4,1,1,1,1,UK
2243,71,33,Male,1,3,5 - Very Unexpected,"2 - Yes, a bit inconvenient but manageable",1 - cautious,4,1,0 - Low,1 - Present,3,5,2,0,1,1,0,UK
2244,71,33,Male,1,4,1 - Completely Expected,"2 - Yes, a bit inconvenient but manageable",1 - cautious,14,1,1 - High,0 - None,2,1,2,1,0,1,0,UK
2245,71,33,Male,1,5,1 - Completely Expected,1 - Absolutely Yes,1 - cautious,4,2,0 - Low,0 - None,1,1,1,0,0,1,0,UK
2246,71,33,Male,1,6,1 - Completely Expected,1 - Absolutely Yes,1 - cautious,7,1,0 - Low,0 - None,1,1,1,0,0,1,0,UK
2247,71,33,Male,1,7,1 - Completely Expected,"2 - Yes, a bit inconvenient but manageable",1 - cautious,13,1,1 - High,0 - None,2,1,2,1,0,1,0,UK
2248,71,33,Male,1,8,5 - Very Unexpected,"2 - Yes, a bit inconvenient but manageable",1 - cautious,5,1,0 - Low,1 - Present,3,5,2,0,1,1,0,UK
2249,71,33,Male,1,9,5 - Very Unexpected,"2 - Yes, a bit inconvenient but manageable",1 - cautious,8,1,0 - Low,1 - Present,3,5,2,0,1,1,0,UK
2250,71,33,Male,1,10,2 - Somewhat Expected,"3 - Yes, but would not be feel nice",1 - cautious,15,1,1 - High,0 - None,2,2,3,1,0,1,0,UK
2251,71,33,Male,1,11,1 - Completely Expected,4 - Certainly Not,1 - cautious,11,1,1 - High,0 - None,2,1,4,1,0,1,0,UK
2252,71,33,Male,1,12,4 - Somewhat Unexpected,"2 - Yes, a bit inconvenient but manageable",1 - cautious,9,1,0 - Low,1 - Present,3,4,2,0,1,1,0,UK
2253,71,33,Male,1,13,2 - Somewhat Expected,4 - Certainly Not,1 - cautious,11,2,0 - Low,0 - None,1,2,4,0,0,1,0,UK
2254,71,33,Male,1,14,1 - Completely Expected,1 - Absolutely Yes,1 - cautious,16,1,0 - Low,0 - None,1,1,1,0,0,1,0,UK
2255,71,33,Male,1,15,5 - Very Unexpected,"2 - Yes, a bit inconvenient but manageable",1 - cautious,12,2,1 - High,1 - Present,4,5,2,1,1,1,1,UK
2256,71,33,Male,1,16,2 - Somewhat Expected,1 - Absolutely Yes,1 - cautious,3,1,0 - Low,0 - None,1,2,1,0,0,1,0,UK
2257,71,33,Male,1,17,1 - Completely Expected,"2 - Yes, a bit inconvenient but manageable",1 - cautious,2,1,1 - High,0 - None,2,1,2,1,0,1,0,UK
2258,71,33,Male,1,18,5 - Very Unexpected,1 - Absolutely Yes,1 - cautious,10,1,0 - Low,1 - Present,3,5,1,0,1,1,0,UK
2259,71,33,Male,1,19,5 - Very Unexpected,1 - Absolutely Yes,1 - cautious,3,2,0 - Low,1 - Present,3,5,1,0,1,1,0,UK
2260,71,33,Male,1,20,2 - Somewhat Expected,"3 - Yes, but would not be feel nice",1 - cautious,15,2,0 - Low,0 - None,1,2,3,0,0,1,0,UK
2261,71,33,Male,1,21,5 - Very Unexpected,1 - Absolutely Yes,1 - cautious,16,2,1 - High,1 - Present,4,5,1,1,1,1,1,UK
2262,71,33,Male,1,22,5 - Very Unexpected,"3 - Yes, but would not be feel nice",1 - cautious,5,2,1 - High,1 - Present,4,5,3,1,1,1,1,UK
2263,71,33,Male,1,23,5 - Very Unexpected,"2 - Yes, a bit inconvenient but manageable",1 - cautious,7,2,0 - Low,1 - Present,3,5,2,0,1,1,0,UK
2264,71,33,Male,1,24,1 - Completely Expected,1 - Absolutely Yes,1 - cautious,9,2,1 - High,0 - None,2,1,1,1,0,1,0,UK
2265,71,33,Male,1,25,5 - Very Unexpected,4 - Certainly Not,1 - cautious,10,2,1 - High,1 - Present,4,5,4,1,1,1,1,UK
2266,71,33,Male,1,26,1 - Completely Expected,"2 - Yes, a bit inconvenient but manageable",1 - cautious,14,2,1 - High,0 - None,2,1,2,1,0,1,0,UK
2267,71,33,Male,1,27,1 - Completely Expected,1 - Absolutely Yes,1 - cautious,6,1,0 - Low,0 - None,1,1,1,0,0,1,0,UK
2268,71,33,Male,1,28,5 - Very Unexpected,4 - Certainly Not,1 - cautious,6,2,1 - High,1 - Present,4,5,4,1,1,1,1,UK
2269,71,33,Male,1,29,5 - Very Unexpected,4 - Certainly Not,1 - cautious,8,2,1 - High,1 - Present,4,5,4,1,1,1,1,UK
2270,71,33,Male,1,30,1 - Completely Expected,"2 - Yes, a bit inconvenient but manageable",1 - cautious,13,2,1 - High,0 - None,2,1,2,1,0,1,0,UK
2271,71,33,Male,1,31,5 - Very Unexpected,4 - Certainly Not,1 - cautious,1,2,0 - Low,1 - Present,3,5,4,0,1,1,0,UK
2272,71,33,Male,1,32,2 - Somewhat Expected,1 - Absolutely Yes,1 - cautious,2,2,0 - Low,0 - None,1,2,1,0,0,1,0,UK
2273,72,30,Female,-4,1,4 - Somewhat Unexpected,"2 - Yes, a bit inconvenient but manageable",1 - cautious,1,1,0 - Low,1 - Present,3,4,2,0,1,1,0,US
2274,72,30,Female,-4,2,4 - Somewhat Unexpected,4 - Certainly Not,1 - cautious,12,1,0 - Low,0 - None,1,4,4,0,0,1,0,US
2275,72,30,Female,-4,3,4 - Somewhat Unexpected,4 - Certainly Not,1 - cautious,3,1,1 - High,0 - None,2,4,4,1,0,1,0,US
2276,72,30,Female,-4,4,3 - Indifferent / Can't Decide,"3 - Yes, but would not be feel nice",1 - cautious,6,1,1 - High,1 - Present,4,3,3,1,1,1,1,US
2277,72,30,Female,-4,5,4 - Somewhat Unexpected,"3 - Yes, but would not be feel nice",1 - cautious,9,1,0 - Low,0 - None,1,4,3,0,0,1,0,US
2278,72,30,Female,-4,6,3 - Indifferent / Can't Decide,"2 - Yes, a bit inconvenient but manageable",1 - cautious,14,1,1 - High,0 - None,2,3,2,1,0,1,0,US
2279,72,30,Female,-4,7,4 - Somewhat Unexpected,4 - Certainly Not,1 - cautious,15,1,1 - High,1 - Present,4,4,4,1,1,1,1,US
2280,72,30,Female,-4,8,3 - Indifferent / Can't Decide,"3 - Yes, but would not be feel nice",1 - cautious,1,2,0 - Low,0 - None,1,3,3,0,0,1,0,US
2281,72,30,Female,-4,9,4 - Somewhat Unexpected,4 - Certainly Not,1 - cautious,6,2,1 - High,0 - None,2,4,4,1,0,1,0,US
2282,72,30,Female,-4,10,3 - Indifferent / Can't Decide,"3 - Yes, but would not be feel nice",1 - cautious,7,1,1 - High,1 - Present,4,3,3,1,1,1,1,US
2283,72,30,Female,-4,11,3 - Indifferent / Can't Decide,"3 - Yes, but would not be feel nice",1 - cautious,10,1,0 - Low,1 - Present,3,3,3,0,1,1,0,US
2284,72,30,Female,-4,12,3 - Indifferent / Can't Decide,"3 - Yes, but would not be feel nice",1 - cautious,13,1,0 - Low,1 - Present,3,3,3,0,1,1,0,US
2285,72,30,Female,-4,13,4 - Somewhat Unexpected,4 - Certainly Not,1 - cautious,3,2,0 - Low,1 - Present,3,4,4,0,1,1,0,US
2286,72,30,Female,-4,14,4 - Somewhat Unexpected,"2 - Yes, a bit inconvenient but manageable",1 - cautious,8,1,1 - High,1 - Present,4,4,2,1,1,1,1,US
2287,72,30,Female,-4,15,4 - Somewhat Unexpected,"3 - Yes, but would not be feel nice",1 - cautious,16,1,0 - Low,0 - None,1,4,3,0,0,1,0,US
2288,72,30,Female,-4,16,3 - Indifferent / Can't Decide,"2 - Yes, a bit inconvenient but manageable",1 - cautious,2,1,1 - High,0 - None,2,3,2,1,0,1,0,US
2289,72,30,Female,-4,17,4 - Somewhat Unexpected,"3 - Yes, but would not be feel nice",1 - cautious,5,1,1 - High,0 - None,2,4,3,1,0,1,0,US
2290,72,30,Female,-4,18,3 - Indifferent / Can't Decide,"3 - Yes, but would not be feel nice",1 - cautious,4,1,1 - High,1 - Present,4,3,3,1,1,1,1,US
2291,72,30,Female,-4,19,4 - Somewhat Unexpected,"3 - Yes, but would not be feel nice",1 - cautious,16,2,0 - Low,1 - Present,3,4,3,0,1,1,0,US
2292,72,30,Female,-4,20,4 - Somewhat Unexpected,"3 - Yes, but would not be feel nice",1 - cautious,9,2,1 - High,1 - Present,4,4,3,1,1,1,1,US
2293,72,30,Female,-4,21,4 - Somewhat Unexpected,"3 - Yes, but would not be feel nice",1 - cautious,15,2,1 - High,1 - Present,4,4,3,1,1,1,1,US
2294,72,30,Female,-4,22,3 - Indifferent / Can't Decide,"3 - Yes, but would not be feel nice",1 - cautious,11,1,0 - Low,0 - None,1,3,3,0,0,1,0,US
2295,72,30,Female,-4,23,4 - Somewhat Unexpected,"3 - Yes, but would not be feel nice",1 - cautious,8,2,1 - High,0 - None,2,4,3,1,0,1,0,US
2296,72,30,Female,-4,24,3 - Indifferent / Can't Decide,"2 - Yes, a bit inconvenient but manageable",1 - cautious,5,2,1 - High,0 - None,2,3,2,1,0,1,0,US
2297,72,30,Female,-4,25,4 - Somewhat Unexpected,"3 - Yes, but would not be feel nice",1 - cautious,2,2,1 - High,1 - Present,4,4,3,1,1,1,1,US
2298,72,30,Female,-4,26,3 - Indifferent / Can't Decide,"2 - Yes, a bit inconvenient but manageable",1 - cautious,7,2,0 - Low,1 - Present,3,3,2,0,1,1,0,US
2299,72,30,Female,-4,27,4 - Somewhat Unexpected,"3 - Yes, but would not be feel nice",1 - cautious,14,2,0 - Low,0 - None,1,4,3,0,0,1,0,US
2300,72,30,Female,-4,28,2 - Somewhat Expected,"3 - Yes, but would not be feel nice",1 - cautious,13,2,0 - Low,0 - None,1,2,3,0,0,1,0,US
2301,72,30,Female,-4,29,4 - Somewhat Unexpected,"3 - Yes, but would not be feel nice",1 - cautious,10,2,1 - High,0 - None,2,4,3,1,0,1,0,US
2302,72,30,Female,-4,30,4 - Somewhat Unexpected,"3 - Yes, but would not be feel nice",1 - cautious,12,2,0 - Low,1 - Present,3,4,3,0,1,1,0,US
2303,72,30,Female,-4,31,4 - Somewhat Unexpected,"3 - Yes, but would not be feel nice",1 - cautious,4,2,0 - Low,0 - None,1,4,3,0,0,1,0,US
2304,72,30,Female,-4,32,4 - Somewhat Unexpected,"3 - Yes, but would not be feel nice",1 - cautious,11,2,0 - Low,1 - Present,3,4,3,0,1,1,0,US
2305,73,65,Male,1,1,2 - Somewhat Expected,1 - Absolutely Yes,0 - adventurous,13,1,1 - High,0 - None,2,2,1,1,0,0,0,UK
2306,73,65,Male,1,2,4 - Somewhat Unexpected,"3 - Yes, but would not be feel nice",0 - adventurous,16,1,1 - High,1 - Present,4,4,3,1,1,0,1,UK
2307,73,65,Male,1,3,2 - Somewhat Expected,"2 - Yes, a bit inconvenient but manageable",0 - adventurous,12,1,1 - High,1 - Present,4,2,2,1,1,0,1,UK
2308,73,65,Male,1,4,5 - Very Unexpected,"3 - Yes, but would not be feel nice",0 - adventurous,6,1,1 - High,1 - Present,4,5,3,1,1,0,1,UK
2309,73,65,Male,1,5,1 - Completely Expected,"3 - Yes, but would not be feel nice",0 - adventurous,11,1,1 - High,0 - None,2,1,3,1,0,0,0,UK
2310,73,65,Male,1,6,1 - Completely Expected,"2 - Yes, a bit inconvenient but manageable",0 - adventurous,3,1,0 - Low,0 - None,1,1,2,0,0,0,0,UK
2311,73,65,Male,1,7,4 - Somewhat Unexpected,"3 - Yes, but would not be feel nice",0 - adventurous,15,1,0 - Low,1 - Present,3,4,3,0,1,0,0,UK
2312,73,65,Male,1,8,1 - Completely Expected,1 - Absolutely Yes,0 - adventurous,8,1,1 - High,0 - None,2,1,1,1,0,0,0,UK
2313,73,65,Male,1,9,1 - Completely Expected,"2 - Yes, a bit inconvenient but manageable",0 - adventurous,3,2,1 - High,0 - None,2,1,2,1,0,0,0,UK
2314,73,65,Male,1,10,4 - Somewhat Unexpected,1 - Absolutely Yes,0 - adventurous,5,1,0 - Low,1 - Present,3,4,1,0,1,0,0,UK
2315,73,65,Male,1,11,4 - Somewhat Unexpected,"2 - Yes, a bit inconvenient but manageable",0 - adventurous,7,1,0 - Low,1 - Present,3,4,2,0,1,0,0,UK
2316,73,65,Male,1,12,1 - Completely Expected,1 - Absolutely Yes,0 - adventurous,4,1,0 - Low,0 - None,1,1,1,0,0,0,0,UK
2317,73,65,Male,1,13,5 - Very Unexpected,"2 - Yes, a bit inconvenient but manageable",0 - adventurous,4,2,1 - High,1 - Present,4,5,2,1,1,0,1,UK
2318,73,65,Male,1,14,1 - Completely Expected,"3 - Yes, but would not be feel nice",0 - adventurous,10,1,0 - Low,0 - None,1,1,3,0,0,0,0,UK
2319,73,65,Male,1,15,2 - Somewhat Expected,"3 - Yes, but would not be feel nice",0 - adventurous,2,1,1 - High,0 - None,2,2,3,1,0,0,0,UK
2320,73,65,Male,1,16,4 - Somewhat Unexpected,"2 - Yes, a bit inconvenient but manageable",0 - adventurous,9,1,0 - Low,1 - Present,3,4,2,0,1,0,0,UK
2321,73,65,Male,1,17,1 - Completely Expected,"2 - Yes, a bit inconvenient but manageable",0 - adventurous,14,1,0 - Low,0 - None,1,1,2,0,0,0,0,UK
2322,73,65,Male,1,18,1 - Completely Expected,1 - Absolutely Yes,0 - adventurous,6,2,0 - Low,0 - None,1,1,1,0,0,0,0,UK
2323,73,65,Male,1,19,1 - Completely Expected,"2 - Yes, a bit inconvenient but manageable",0 - adventurous,12,2,1 - High,0 - None,2,1,2,1,0,0,0,UK
2324,73,65,Male,1,20,5 - Very Unexpected,"2 - Yes, a bit inconvenient but manageable",0 - adventurous,5,2,1 - High,1 - Present,4,5,2,1,1,0,1,UK
2325,73,65,Male,1,21,1 - Completely Expected,"2 - Yes, a bit inconvenient but manageable",0 - adventurous,16,2,0 - Low,0 - None,1,1,2,0,0,0,0,UK
2326,73,65,Male,1,22,2 - Somewhat Expected,"2 - Yes, a bit inconvenient but manageable",0 - adventurous,11,2,0 - Low,0 - None,1,2,2,0,0,0,0,UK
2327,73,65,Male,1,23,1 - Completely Expected,"2 - Yes, a bit inconvenient but manageable",0 - adventurous,7,2,1 - High,0 - None,2,1,2,1,0,0,0,UK
2328,73,65,Male,1,24,4 - Somewhat Unexpected,"2 - Yes, a bit inconvenient but manageable",0 - adventurous,1,1,0 - Low,1 - Present,3,4,2,0,1,0,0,UK
2329,73,65,Male,1,25,1 - Completely Expected,1 - Absolutely Yes,0 - adventurous,1,2,1 - High,0 - None,2,1,1,1,0,0,0,UK
2330,73,65,Male,1,26,2 - Somewhat Expected,"2 - Yes, a bit inconvenient but manageable",0 - adventurous,8,2,0 - Low,0 - None,1,2,2,0,0,0,0,UK
2331,73,65,Male,1,27,4 - Somewhat Unexpected,1 - Absolutely Yes,0 - adventurous,13,2,0 - Low,1 - Present,3,4,1,0,1,0,0,UK
2332,73,65,Male,1,28,5 - Very Unexpected,"2 - Yes, a bit inconvenient but manageable",0 - adventurous,2,2,0 - Low,1 - Present,3,5,2,0,1,0,0,UK
2333,73,65,Male,1,29,4 - Somewhat Unexpected,"2 - Yes, a bit inconvenient but manageable",0 - adventurous,10,2,0 - Low,1 - Present,3,4,2,0,1,0,0,UK
2334,73,65,Male,1,30,4 - Somewhat Unexpected,"2 - Yes, a bit inconvenient but manageable",0 - adventurous,9,2,1 - High,1 - Present,4,4,2,1,1,0,1,UK
2335,73,65,Male,1,31,4 - Somewhat Unexpected,"3 - Yes, but would not be feel nice",0 - adventurous,15,2,1 - High,1 - Present,4,4,3,1,1,0,1,UK
2336,73,65,Male,1,32,4 - Somewhat Unexpected,"2 - Yes, a bit inconvenient but manageable",0 - adventurous,14,2,1 - High,1 - Present,4,4,2,1,1,0,1,UK
2337,74,68,Female,1,1,5 - Very Unexpected,1 - Absolutely Yes,0 - adventurous,12,1,0 - Low,1 - Present,3,5,1,0,1,0,0,UK
2338,74,68,Female,1,2,1 - Completely Expected,1 - Absolutely Yes,0 - adventurous,7,1,1 - High,0 - None,2,1,1,1,0,0,0,UK
2339,74,68,Female,1,3,1 - Completely Expected,1 - Absolutely Yes,0 - adventurous,9,1,0 - Low,0 - None,1,1,1,0,0,0,0,UK
2340,74,68,Female,1,4,5 - Very Unexpected,"2 - Yes, a bit inconvenient but manageable",0 - adventurous,6,1,0 - Low,1 - Present,3,5,2,0,1,0,0,UK
2341,74,68,Female,1,5,1 - Completely Expected,1 - Absolutely Yes,0 - adventurous,9,2,1 - High,0 - None,2,1,1,1,0,0,0,UK
2342,74,68,Female,1,6,5 - Very Unexpected,1 - Absolutely Yes,0 - adventurous,10,1,0 - Low,1 - Present,3,5,1,0,1,0,0,UK
2343,74,68,Female,1,7,1 - Completely Expected,1 - Absolutely Yes,0 - adventurous,3,1,0 - Low,0 - None,1,1,1,0,0,0,0,UK
2344,74,68,Female,1,8,5 - Very Unexpected,1 - Absolutely Yes,0 - adventurous,16,1,1 - High,1 - Present,4,5,1,1,1,0,1,UK
2345,74,68,Female,1,9,5 - Very Unexpected,1 - Absolutely Yes,0 - adventurous,5,1,1 - High,1 - Present,4,5,1,1,1,0,1,UK
2346,74,68,Female,1,10,5 - Very Unexpected,1 - Absolutely Yes,0 - adventurous,11,1,0 - Low,1 - Present,3,5,1,0,1,0,0,UK
2347,74,68,Female,1,11,5 - Very Unexpected,"2 - Yes, a bit inconvenient but manageable",0 - adventurous,10,2,1 - High,1 - Present,4,5,2,1,1,0,1,UK
2348,74,68,Female,1,12,3 - Indifferent / Can't Decide,1 - Absolutely Yes,0 - adventurous,8,1,0 - Low,1 - Present,3,3,1,0,1,0,0,UK
2349,74,68,Female,1,13,1 - Completely Expected,1 - Absolutely Yes,0 - adventurous,1,1,1 - High,0 - None,2,1,1,1,0,0,0,UK
2350,74,68,Female,1,14,5 - Very Unexpected,1 - Absolutely Yes,0 - adventurous,16,2,1 - High,1 - Present,4,5,1,1,1,0,1,UK
2351,74,68,Female,1,15,1 - Completely Expected,1 - Absolutely Yes,0 - adventurous,4,1,1 - High,0 - None,2,1,1,1,0,0,0,UK
2352,74,68,Female,1,16,5 - Very Unexpected,1 - Absolutely Yes,0 - adventurous,12,2,1 - High,1 - Present,4,5,1,1,1,0,1,UK
2353,74,68,Female,1,17,1 - Completely Expected,"3 - Yes, but would not be feel nice",0 - adventurous,15,1,0 - Low,0 - None,1,1,3,0,0,0,0,UK
2354,74,68,Female,1,18,1 - Completely Expected,1 - Absolutely Yes,0 - adventurous,7,2,0 - Low,0 - None,1,1,1,0,0,0,0,UK
2355,74,68,Female,1,19,5 - Very Unexpected,1 - Absolutely Yes,0 - adventurous,5,2,0 - Low,1 - Present,3,5,1,0,1,0,0,UK
2356,74,68,Female,1,20,1 - Completely Expected,"2 - Yes, a bit inconvenient but manageable",0 - adventurous,11,2,1 - High,0 - None,2,1,2,1,0,0,0,UK
2357,74,68,Female,1,21,5 - Very Unexpected,1 - Absolutely Yes,0 - adventurous,13,1,1 - High,1 - Present,4,5,1,1,1,0,1,UK
2358,74,68,Female,1,22,5 - Very Unexpected,"2 - Yes, a bit inconvenient but manageable",0 - adventurous,3,2,1 - High,1 - Present,4,5,2,1,1,0,1,UK
2359,74,68,Female,1,23,1 - Completely Expected,1 - Absolutely Yes,0 - adventurous,4,2,1 - High,0 - None,2,1,1,1,0,0,0,UK
2360,74,68,Female,1,24,5 - Very Unexpected,"2 - Yes, a bit inconvenient but manageable",0 - adventurous,2,1,0 - Low,1 - Present,3,5,2,0,1,0,0,UK
2361,74,68,Female,1,25,1 - Completely Expected,"3 - Yes, but would not be feel nice",0 - adventurous,15,2,0 - Low,0 - None,1,1,3,0,0,0,0,UK
2362,74,68,Female,1,26,5 - Very Unexpected,"2 - Yes, a bit inconvenient but manageable",0 - adventurous,1,2,0 - Low,1 - Present,3,5,2,0,1,0,0,UK
2363,74,68,Female,1,27,1 - Completely Expected,1 - Absolutely Yes,0 - adventurous,13,2,0 - Low,0 - None,1,1,1,0,0,0,0,UK
2364,74,68,Female,1,28,1 - Completely Expected,1 - Absolutely Yes,0 - adventurous,2,2,0 - Low,0 - None,1,1,1,0,0,0,0,UK
2365,74,68,Female,1,29,1 - Completely Expected,1 - Absolutely Yes,0 - adventurous,14,1,1 - High,1 - Present,4,1,1,1,1,0,1,UK
2366,74,68,Female,1,30,1 - Completely Expected,1 - Absolutely Yes,0 - adventurous,8,2,1 - High,0 - None,2,1,1,1,0,0,0,UK
2367,74,68,Female,1,31,1 - Completely Expected,"2 - Yes, a bit inconvenient but manageable",0 - adventurous,14,2,1 - High,0 - None,2,1,2,1,0,0,0,UK
2368,74,68,Female,1,32,1 - Completely Expected,1 - Absolutely Yes,0 - adventurous,6,2,0 - Low,0 - None,1,1,1,0,0,0,0,UK
2369,75,25,Male,-5,1,1 - Completely Expected,1 - Absolutely Yes,1 - cautious,12,1,0 - Low,0 - None,1,1,1,0,0,1,0,US
2370,75,25,Male,-5,2,1 - Completely Expected,1 - Absolutely Yes,1 - cautious,6,1,0 - Low,0 - None,1,1,1,0,0,1,0,US
2371,75,25,Male,-5,3,1 - Completely Expected,1 - Absolutely Yes,1 - cautious,3,1,0 - Low,0 - None,1,1,1,0,0,1,0,US
2372,75,25,Male,-5,4,4 - Somewhat Unexpected,"2 - Yes, a bit inconvenient but manageable",1 - cautious,8,1,0 - Low,1 - Present,3,4,2,0,1,1,0,US
2373,75,25,Male,-5,5,4 - Somewhat Unexpected,"2 - Yes, a bit inconvenient but manageable",1 - cautious,9,1,0 - Low,1 - Present,3,4,2,0,1,1,0,US
2374,75,25,Male,-5,6,2 - Somewhat Expected,1 - Absolutely Yes,1 - cautious,5,1,1 - High,0 - None,2,2,1,1,0,1,0,US
2375,75,25,Male,-5,7,5 - Very Unexpected,"2 - Yes, a bit inconvenient but manageable",1 - cautious,7,1,1 - High,1 - Present,4,5,2,1,1,1,1,US
2376,75,25,Male,-5,8,5 - Very Unexpected,4 - Certainly Not,1 - cautious,12,2,1 - High,1 - Present,4,5,4,1,1,1,1,US
2377,75,25,Male,-5,9,5 - Very Unexpected,4 - Certainly Not,1 - cautious,10,1,0 - Low,1 - Present,3,5,4,0,1,1,0,US
2378,75,25,Male,-5,10,5 - Very Unexpected,"3 - Yes, but would not be feel nice",1 - cautious,6,2,0 - Low,1 - Present,3,5,3,0,1,1,0,US
2379,75,25,Male,-5,11,3 - Indifferent / Can't Decide,"2 - Yes, a bit inconvenient but manageable",1 - cautious,1,1,1 - High,0 - None,2,3,2,1,0,1,0,US
2380,75,25,Male,-5,12,2 - Somewhat Expected,1 - Absolutely Yes,1 - cautious,13,1,1 - High,0 - None,2,2,1,1,0,1,0,US
2381,75,25,Male,-5,13,5 - Very Unexpected,"2 - Yes, a bit inconvenient but manageable",1 - cautious,5,2,1 - High,1 - Present,4,5,2,1,1,1,1,US
2382,75,25,Male,-5,14,4 - Somewhat Unexpected,"3 - Yes, but would not be feel nice",1 - cautious,11,1,1 - High,0 - None,2,4,3,1,0,1,0,US
2383,75,25,Male,-5,15,2 - Somewhat Expected,"2 - Yes, a bit inconvenient but manageable",1 - cautious,2,1,1 - High,0 - None,2,2,2,1,0,1,0,US
2384,75,25,Male,-5,16,5 - Very Unexpected,4 - Certainly Not,1 - cautious,4,1,0 - Low,1 - Present,3,5,4,0,1,1,0,US
2385,75,25,Male,-5,17,2 - Somewhat Expected,"2 - Yes, a bit inconvenient but manageable",1 - cautious,2,2,1 - High,0 - None,2,2,2,1,0,1,0,US
2386,75,25,Male,-5,18,5 - Very Unexpected,4 - Certainly Not,1 - cautious,1,2,1 - High,1 - Present,4,5,4,1,1,1,1,US
2387,75,25,Male,-5,19,4 - Somewhat Unexpected,4 - Certainly Not,1 - cautious,16,1,1 - High,1 - Present,4,4,4,1,1,1,1,US
2388,75,25,Male,-5,20,1 - Completely Expected,1 - Absolutely Yes,1 - cautious,9,2,0 - Low,0 - None,1,1,1,0,0,1,0,US
2389,75,25,Male,-5,21,1 - Completely Expected,1 - Absolutely Yes,1 - cautious,4,2,1 - High,0 - None,2,1,1,1,0,1,0,US
2390,75,25,Male,-5,22,4 - Somewhat Unexpected,"2 - Yes, a bit inconvenient but manageable",1 - cautious,14,1,0 - Low,1 - Present,3,4,2,0,1,1,0,US
2391,75,25,Male,-5,23,2 - Somewhat Expected,4 - Certainly Not,1 - cautious,15,1,0 - Low,0 - None,1,2,4,0,0,1,0,US
2392,75,25,Male,-5,24,4 - Somewhat Unexpected,4 - Certainly Not,1 - cautious,13,2,1 - High,1 - Present,4,4,4,1,1,1,1,US
2393,75,25,Male,-5,25,4 - Somewhat Unexpected,4 - Certainly Not,1 - cautious,16,2,1 - High,1 - Present,4,4,4,1,1,1,1,US
2394,75,25,Male,-5,26,2 - Somewhat Expected,"2 - Yes, a bit inconvenient but manageable",1 - cautious,10,2,1 - High,0 - None,2,2,2,1,0,1,0,US
2395,75,25,Male,-5,27,1 - Completely Expected,1 - Absolutely Yes,1 - cautious,3,2,0 - Low,0 - None,1,1,1,0,0,1,0,US
2396,75,25,Male,-5,28,4 - Somewhat Unexpected,"2 - Yes, a bit inconvenient but manageable",1 - cautious,14,2,0 - Low,1 - Present,3,4,2,0,1,1,0,US
2397,75,25,Male,-5,29,2 - Somewhat Expected,1 - Absolutely Yes,1 - cautious,8,2,0 - Low,0 - None,1,2,1,0,0,1,0,US
2398,75,25,Male,-5,30,2 - Somewhat Expected,4 - Certainly Not,1 - cautious,15,2,0 - Low,0 - None,1,2,4,0,0,1,0,US
2399,75,25,Male,-5,31,5 - Very Unexpected,4 - Certainly Not,1 - cautious,11,2,0 - Low,1 - Present,3,5,4,0,1,1,0,US
2400,75,25,Male,-5,32,5 - Very Unexpected,4 - Certainly Not,1 - cautious,7,2,1 - High,1 - Present,4,5,4,1,1,1,1,US
2401,76,32,Female,10,1,2 - Somewhat Expected,1 - Absolutely Yes,0 - adventurous,6,1,0 - Low,0 - None,1,2,1,0,0,0,0,AU
2402,76,32,Female,10,2,4 - Somewhat Unexpected,"3 - Yes, but would not be feel nice",0 - adventurous,13,1,0 - Low,1 - Present,3,4,3,0,1,0,0,AU
2403,76,32,Female,10,3,5 - Very Unexpected,"3 - Yes, but would not be feel nice",0 - adventurous,7,1,1 - High,1 - Present,4,5,3,1,1,0,1,AU
2404,76,32,Female,10,4,5 - Very Unexpected,4 - Certainly Not,0 - adventurous,8,1,0 - Low,1 - Present,3,5,4,0,1,0,0,AU
2405,76,32,Female,10,5,1 - Completely Expected,1 - Absolutely Yes,0 - adventurous,2,1,0 - Low,0 - None,1,1,1,0,0,0,0,AU
2406,76,32,Female,10,6,1 - Completely Expected,1 - Absolutely Yes,0 - adventurous,1,1,1 - High,0 - None,2,1,1,1,0,0,0,AU
2407,76,32,Female,10,7,5 - Very Unexpected,4 - Certainly Not,0 - adventurous,14,1,0 - Low,1 - Present,3,5,4,0,1,0,0,AU
2408,76,32,Female,10,8,5 - Very Unexpected,4 - Certainly Not,0 - adventurous,11,1,0 - Low,1 - Present,3,5,4,0,1,0,0,AU
2409,76,32,Female,10,9,4 - Somewhat Unexpected,"3 - Yes, but would not be feel nice",0 - adventurous,16,1,0 - Low,1 - Present,3,4,3,0,1,0,0,AU
2410,76,32,Female,10,10,1 - Completely Expected,1 - Absolutely Yes,0 - adventurous,4,1,0 - Low,0 - None,1,1,1,0,0,0,0,AU
2411,76,32,Female,10,11,5 - Very Unexpected,4 - Certainly Not,0 - adventurous,14,2,1 - High,1 - Present,4,5,4,1,1,0,1,AU
2412,76,32,Female,10,12,1 - Completely Expected,1 - Absolutely Yes,0 - adventurous,1,2,1 - High,0 - None,2,1,1,1,0,0,0,AU
2413,76,32,Female,10,13,5 - Very Unexpected,4 - Certainly Not,0 - adventurous,12,1,1 - High,1 - Present,4,5,4,1,1,0,1,AU
2414,76,32,Female,10,14,4 - Somewhat Unexpected,"3 - Yes, but would not be feel nice",0 - adventurous,13,2,0 - Low,1 - Present,3,4,3,0,1,0,0,AU
2415,76,32,Female,10,15,1 - Completely Expected,1 - Absolutely Yes,0 - adventurous,11,2,0 - Low,0 - None,1,1,1,0,0,0,0,AU
2416,76,32,Female,10,16,4 - Somewhat Unexpected,"2 - Yes, a bit inconvenient but manageable",0 - adventurous,8,2,1 - High,1 - Present,4,4,2,1,1,0,1,AU
2417,76,32,Female,10,17,1 - Completely Expected,"2 - Yes, a bit inconvenient but manageable",0 - adventurous,7,2,0 - Low,0 - None,1,1,2,0,0,0,0,AU
2418,76,32,Female,10,18,1 - Completely Expected,"2 - Yes, a bit inconvenient but manageable",0 - adventurous,2,2,1 - High,0 - None,2,1,2,1,0,0,0,AU
2419,76,32,Female,10,19,1 - Completely Expected,1 - Absolutely Yes,0 - adventurous,3,1,1 - High,0 - None,2,1,1,1,0,0,0,AU
2420,76,32,Female,10,20,1 - Completely Expected,1 - Absolutely Yes,0 - adventurous,5,1,1 - High,0 - None,2,1,1,1,0,0,0,AU
2421,76,32,Female,10,21,1 - Completely Expected,1 - Absolutely Yes,0 - adventurous,3,2,1 - High,0 - None,2,1,1,1,0,0,0,AU
2422,76,32,Female,10,22,5 - Very Unexpected,4 - Certainly Not,0 - adventurous,5,2,1 - High,1 - Present,4,5,4,1,1,0,1,AU
2423,76,32,Female,10,23,5 - Very Unexpected,4 - Certainly Not,0 - adventurous,15,1,1 - High,1 - Present,4,5,4,1,1,0,1,AU
2424,76,32,Female,10,24,1 - Completely Expected,1 - Absolutely Yes,0 - adventurous,9,1,0 - Low,0 - None,1,1,1,0,0,0,0,AU
2425,76,32,Female,10,25,5 - Very Unexpected,4 - Certainly Not,0 - adventurous,12,2,0 - Low,1 - Present,3,5,4,0,1,0,0,AU
2426,76,32,Female,10,26,5 - Very Unexpected,4 - Certainly Not,0 - adventurous,10,1,1 - High,1 - Present,4,5,4,1,1,0,1,AU
2427,76,32,Female,10,27,5 - Very Unexpected,4 - Certainly Not,0 - adventurous,10,2,0 - Low,1 - Present,3,5,4,0,1,0,0,AU
2428,76,32,Female,10,28,1 - Completely Expected,1 - Absolutely Yes,0 - adventurous,4,2,0 - Low,0 - None,1,1,1,0,0,0,0,AU
2429,76,32,Female,10,29,1 - Completely Expected,1 - Absolutely Yes,0 - adventurous,16,2,1 - High,0 - None,2,1,1,1,0,0,0,AU
2430,76,32,Female,10,30,1 - Completely Expected,1 - Absolutely Yes,0 - adventurous,6,2,1 - High,0 - None,2,1,1,1,0,0,0,AU
2431,76,32,Female,10,31,2 - Somewhat Expected,1 - Absolutely Yes,0 - adventurous,9,2,1 - High,1 - Present,4,2,1,1,1,0,1,AU
2432,76,32,Female,10,32,2 - Somewhat Expected,1 - Absolutely Yes,0 - adventurous,15,2,0 - Low,0 - None,1,2,1,0,0,0,0,AU
2433,77,29,Male,-4,1,2 - Somewhat Expected,4 - Certainly Not,1 - cautious,15,1,1 - High,1 - Present,4,2,4,1,1,1,1,US
2434,77,29,Male,-4,2,1 - Completely Expected,1 - Absolutely Yes,1 - cautious,4,1,1 - High,0 - None,2,1,1,1,0,1,0,US
2435,77,29,Male,-4,3,1 - Completely Expected,1 - Absolutely Yes,1 - cautious,14,1,1 - High,0 - None,2,1,1,1,0,1,0,US
2436,77,29,Male,-4,4,1 - Completely Expected,"3 - Yes, but would not be feel nice",1 - cautious,16,1,0 - Low,0 - None,1,1,3,0,0,1,0,US
2437,77,29,Male,-4,5,2 - Somewhat Expected,4 - Certainly Not,1 - cautious,15,2,1 - High,1 - Present,4,2,4,1,1,1,1,US
2438,77,29,Male,-4,6,5 - Very Unexpected,"3 - Yes, but would not be feel nice",1 - cautious,10,1,0 - Low,1 - Present,3,5,3,0,1,1,0,US
2439,77,29,Male,-4,7,5 - Very Unexpected,"3 - Yes, but would not be feel nice",1 - cautious,12,1,1 - High,1 - Present,4,5,3,1,1,1,1,US
2440,77,29,Male,-4,8,1 - Completely Expected,1 - Absolutely Yes,1 - cautious,7,1,1 - High,0 - None,2,1,1,1,0,1,0,US
2441,77,29,Male,-4,9,1 - Completely Expected,"3 - Yes, but would not be feel nice",1 - cautious,3,1,0 - Low,0 - None,1,1,3,0,0,1,0,US
2442,77,29,Male,-4,10,1 - Completely Expected,"2 - Yes, a bit inconvenient but manageable",1 - cautious,5,1,0 - Low,0 - None,1,1,2,0,0,1,0,US
2443,77,29,Male,-4,11,5 - Very Unexpected,"3 - Yes, but would not be feel nice",1 - cautious,3,2,0 - Low,1 - Present,3,5,3,0,1,1,0,US
2444,77,29,Male,-4,12,5 - Very Unexpected,4 - Certainly Not,1 - cautious,9,1,0 - Low,1 - Present,3,5,4,0,1,1,0,US
2445,77,29,Male,-4,13,5 - Very Unexpected,4 - Certainly Not,1 - cautious,8,1,0 - Low,1 - Present,3,5,4,0,1,1,0,US
2446,77,29,Male,-4,14,5 - Very Unexpected,"3 - Yes, but would not be feel nice",1 - cautious,5,2,1 - High,1 - Present,4,5,3,1,1,1,1,US
2447,77,29,Male,-4,15,1 - Completely Expected,"3 - Yes, but would not be feel nice",1 - cautious,10,2,1 - High,0 - None,2,1,3,1,0,1,0,US
2448,77,29,Male,-4,16,5 - Very Unexpected,"3 - Yes, but would not be feel nice",1 - cautious,11,1,0 - Low,1 - Present,3,5,3,0,1,1,0,US
2449,77,29,Male,-4,17,5 - Very Unexpected,4 - Certainly Not,1 - cautious,12,2,0 - Low,1 - Present,3,5,4,0,1,1,0,US
2450,77,29,Male,-4,18,1 - Completely Expected,1 - Absolutely Yes,1 - cautious,2,1,0 - Low,0 - None,1,1,1,0,0,1,0,US
2451,77,29,Male,-4,19,5 - Very Unexpected,"3 - Yes, but would not be feel nice",1 - cautious,16,2,0 - Low,1 - Present,3,5,3,0,1,1,0,US
2452,77,29,Male,-4,20,5 - Very Unexpected,4 - Certainly Not,1 - cautious,9,2,1 - High,1 - Present,4,5,4,1,1,1,1,US
2453,77,29,Male,-4,21,5 - Very Unexpected,4 - Certainly Not,1 - cautious,6,1,1 - High,1 - Present,4,5,4,1,1,1,1,US
2454,77,29,Male,-4,22,5 - Very Unexpected,4 - Certainly Not,1 - cautious,6,2,1 - High,1 - Present,4,5,4,1,1,1,1,US
2455,77,29,Male,-4,23,1 - Completely Expected,"3 - Yes, but would not be feel nice",1 - cautious,2,2,1 - High,0 - None,2,1,3,1,0,1,0,US
2456,77,29,Male,-4,24,1 - Completely Expected,"2 - Yes, a bit inconvenient but manageable",1 - cautious,11,2,0 - Low,0 - None,1,1,2,0,0,1,0,US
2457,77,29,Male,-4,25,1 - Completely Expected,1 - Absolutely Yes,1 - cautious,7,2,1 - High,0 - None,2,1,1,1,0,1,0,US
2458,77,29,Male,-4,26,4 - Somewhat Unexpected,"3 - Yes, but would not be feel nice",1 - cautious,8,2,1 - High,1 - Present,4,4,3,1,1,1,1,US
2459,77,29,Male,-4,27,1 - Completely Expected,"2 - Yes, a bit inconvenient but manageable",1 - cautious,14,2,1 - High,0 - None,2,1,2,1,0,1,0,US
2460,77,29,Male,-4,28,1 - Completely Expected,"3 - Yes, but would not be feel nice",1 - cautious,13,1,0 - Low,0 - None,1,1,3,0,0,1,0,US
2461,77,29,Male,-4,29,5 - Very Unexpected,4 - Certainly Not,1 - cautious,1,1,0 - Low,1 - Present,3,5,4,0,1,1,0,US
2462,77,29,Male,-4,30,1 - Completely Expected,1 - Absolutely Yes,1 - cautious,4,2,0 - Low,0 - None,1,1,1,0,0,1,0,US
2463,77,29,Male,-4,31,1 - Completely Expected,1 - Absolutely Yes,1 - cautious,1,2,0 - Low,0 - None,1,1,1,0,0,1,0,US
2464,77,29,Male,-4,32,1 - Completely Expected,"3 - Yes, but would not be feel nice",1 - cautious,13,2,1 - High,0 - None,2,1,3,1,0,1,0,US
2465,78,64,Male,1,1,2 - Somewhat Expected,1 - Absolutely Yes,1 - cautious,11,1,0 - Low,0 - None,1,2,1,0,0,1,0,UK
2466,78,64,Male,1,2,4 - Somewhat Unexpected,1 - Absolutely Yes,1 - cautious,7,1,1 - High,1 - Present,4,4,1,1,1,1,1,UK
2467,78,64,Male,1,3,4 - Somewhat Unexpected,"2 - Yes, a bit inconvenient but manageable",1 - cautious,7,2,0 - Low,1 - Present,3,4,2,0,1,1,0,UK
2468,78,64,Male,1,4,2 - Somewhat Expected,4 - Certainly Not,1 - cautious,11,2,1 - High,0 - None,2,2,4,1,0,1,0,UK
2469,78,64,Male,1,5,4 - Somewhat Unexpected,4 - Certainly Not,1 - cautious,15,1,1 - High,1 - Present,4,4,4,1,1,1,1,UK
2470,78,64,Male,1,6,4 - Somewhat Unexpected,"3 - Yes, but would not be feel nice",1 - cautious,14,1,0 - Low,1 - Present,3,4,3,0,1,1,0,UK
2471,78,64,Male,1,7,1 - Completely Expected,1 - Absolutely Yes,1 - cautious,4,1,1 - High,0 - None,2,1,1,1,0,1,0,UK
2472,78,64,Male,1,8,1 - Completely Expected,1 - Absolutely Yes,1 - cautious,3,1,1 - High,0 - None,2,1,1,1,0,1,0,UK
2473,78,64,Male,1,9,4 - Somewhat Unexpected,"2 - Yes, a bit inconvenient but manageable",1 - cautious,5,1,1 - High,1 - Present,4,4,2,1,1,1,1,UK
2474,78,64,Male,1,10,1 - Completely Expected,1 - Absolutely Yes,1 - cautious,13,1,0 - Low,0 - None,1,1,1,0,0,1,0,UK
2475,78,64,Male,1,11,1 - Completely Expected,1 - Absolutely Yes,1 - cautious,16,1,0 - Low,0 - None,1,1,1,0,0,1,0,UK
2476,78,64,Male,1,12,1 - Completely Expected,1 - Absolutely Yes,1 - cautious,15,2,1 - High,0 - None,2,1,1,1,0,1,0,UK
2477,78,64,Male,1,13,5 - Very Unexpected,4 - Certainly Not,1 - cautious,14,2,1 - High,1 - Present,4,5,4,1,1,1,1,UK
2478,78,64,Male,1,14,5 - Very Unexpected,"3 - Yes, but would not be feel nice",1 - cautious,2,1,0 - Low,1 - Present,3,5,3,0,1,1,0,UK
2479,78,64,Male,1,15,4 - Somewhat Unexpected,"2 - Yes, a bit inconvenient but manageable",1 - cautious,10,1,1 - High,1 - Present,4,4,2,1,1,1,1,UK
2480,78,64,Male,1,16,4 - Somewhat Unexpected,"2 - Yes, a bit inconvenient but manageable",1 - cautious,9,1,1 - High,1 - Present,4,4,2,1,1,1,1,UK
2481,78,64,Male,1,17,4 - Somewhat Unexpected,"2 - Yes, a bit inconvenient but manageable",1 - cautious,8,1,0 - Low,1 - Present,3,4,2,0,1,1,0,UK
2482,78,64,Male,1,18,4 - Somewhat Unexpected,1 - Absolutely Yes,1 - cautious,12,1,0 - Low,1 - Present,3,4,1,0,1,1,0,UK
2483,78,64,Male,1,19,1 - Completely Expected,1 - Absolutely Yes,1 - cautious,1,1,0 - Low,0 - None,1,1,1,0,0,1,0,UK
2484,78,64,Male,1,20,1 - Completely Expected,1 - Absolutely Yes,1 - cautious,6,1,0 - Low,0 - None,1,1,1,0,0,1,0,UK
2485,78,64,Male,1,21,1 - Completely Expected,1 - Absolutely Yes,1 - cautious,1,2,0 - Low,0 - None,1,1,1,0,0,1,0,UK
2486,78,64,Male,1,22,1 - Completely Expected,1 - Absolutely Yes,1 - cautious,4,2,1 - High,0 - None,2,1,1,1,0,1,0,UK
2487,78,64,Male,1,23,4 - Somewhat Unexpected,1 - Absolutely Yes,1 - cautious,16,2,1 - High,1 - Present,4,4,1,1,1,1,1,UK
2488,78,64,Male,1,24,1 - Completely Expected,1 - Absolutely Yes,1 - cautious,13,2,1 - High,0 - None,2,1,1,1,0,1,0,UK
2489,78,64,Male,1,25,1 - Completely Expected,1 - Absolutely Yes,1 - cautious,6,2,1 - High,0 - None,2,1,1,1,0,1,0,UK
2490,78,64,Male,1,26,1 - Completely Expected,1 - Absolutely Yes,1 - cautious,12,2,0 - Low,0 - None,1,1,1,0,0,1,0,UK
2491,78,64,Male,1,27,1 - Completely Expected,1 - Absolutely Yes,1 - cautious,2,2,1 - High,0 - None,2,1,1,1,0,1,0,UK
2492,78,64,Male,1,28,4 - Somewhat Unexpected,"2 - Yes, a bit inconvenient but manageable",1 - cautious,3,2,0 - Low,1 - Present,3,4,2,0,1,1,0,UK
2493,78,64,Male,1,29,4 - Somewhat Unexpected,"2 - Yes, a bit inconvenient but manageable",1 - cautious,9,2,1 - High,1 - Present,4,4,2,1,1,1,1,UK
2494,78,64,Male,1,30,1 - Completely Expected,1 - Absolutely Yes,1 - cautious,8,2,0 - Low,0 - None,1,1,1,0,0,1,0,UK
2495,78,64,Male,1,31,4 - Somewhat Unexpected,1 - Absolutely Yes,1 - cautious,10,2,0 - Low,1 - Present,3,4,1,0,1,1,0,UK
2496,78,64,Male,1,32,4 - Somewhat Unexpected,1 - Absolutely Yes,1 - cautious,5,2,0 - Low,1 - Present,3,4,1,0,1,1,0,UK
2497,79,58,Female,-6,1,4 - Somewhat Unexpected,1 - Absolutely Yes,0 - adventurous,15,1,1 - High,1 - Present,4,4,1,1,1,0,1,US
2498,79,58,Female,-6,2,1 - Completely Expected,1 - Absolutely Yes,0 - adventurous,2,1,0 - Low,0 - None,1,1,1,0,0,0,0,US
2499,79,58,Female,-6,3,1 - Completely Expected,1 - Absolutely Yes,0 - adventurous,13,1,0 - Low,0 - None,1,1,1,0,0,0,0,US
2500,79,58,Female,-6,4,5 - Very Unexpected,"2 - Yes, a bit inconvenient but manageable",0 - adventurous,5,1,0 - Low,1 - Present,3,5,2,0,1,0,0,US
2501,79,58,Female,-6,5,1 - Completely Expected,1 - Absolutely Yes,0 - adventurous,16,1,1 - High,0 - None,2,1,1,1,0,0,0,US
2502,79,58,Female,-6,6,5 - Very Unexpected,"3 - Yes, but would not be feel nice",0 - adventurous,4,1,1 - High,1 - Present,4,5,3,1,1,0,1,US
2503,79,58,Female,-6,7,5 - Very Unexpected,"2 - Yes, a bit inconvenient but manageable",0 - adventurous,13,2,0 - Low,1 - Present,3,5,2,0,1,0,0,US
2504,79,58,Female,-6,8,1 - Completely Expected,1 - Absolutely Yes,0 - adventurous,6,1,1 - High,0 - None,2,1,1,1,0,0,0,US
2505,79,58,Female,-6,9,2 - Somewhat Expected,1 - Absolutely Yes,0 - adventurous,11,1,1 - High,0 - None,2,2,1,1,0,0,0,US
2506,79,58,Female,-6,10,5 - Very Unexpected,"2 - Yes, a bit inconvenient but manageable",0 - adventurous,5,2,1 - High,1 - Present,4,5,2,1,1,0,1,US
2507,79,58,Female,-6,11,5 - Very Unexpected,1 - Absolutely Yes,0 - adventurous,3,1,0 - Low,1 - Present,3,5,1,0,1,0,0,US
2508,79,58,Female,-6,12,1 - Completely Expected,"3 - Yes, but would not be feel nice",0 - adventurous,7,1,0 - Low,0 - None,1,1,3,0,0,0,0,US
2509,79,58,Female,-6,13,2 - Somewhat Expected,1 - Absolutely Yes,0 - adventurous,1,1,0 - Low,0 - None,1,2,1,0,0,0,0,US
2510,79,58,Female,-6,14,1 - Completely Expected,"3 - Yes, but would not be feel nice",0 - adventurous,8,1,1 - High,0 - None,2,1,3,1,0,0,0,US
2511,79,58,Female,-6,15,1 - Completely Expected,1 - Absolutely Yes,0 - adventurous,9,1,0 - Low,0 - None,1,1,1,0,0,0,0,US
2512,79,58,Female,-6,16,5 - Very Unexpected,4 - Certainly Not,0 - adventurous,14,1,0 - Low,1 - Present,3,5,4,0,1,0,0,US
2513,79,58,Female,-6,17,1 - Completely Expected,1 - Absolutely Yes,0 - adventurous,15,2,1 - High,0 - None,2,1,1,1,0,0,0,US
2514,79,58,Female,-6,18,5 - Very Unexpected,"2 - Yes, a bit inconvenient but manageable",0 - adventurous,12,1,1 - High,1 - Present,4,5,2,1,1,0,1,US
2515,79,58,Female,-6,19,5 - Very Unexpected,1 - Absolutely Yes,0 - adventurous,3,2,0 - Low,1 - Present,3,5,1,0,1,0,0,US
2516,79,58,Female,-6,20,4 - Somewhat Unexpected,1 - Absolutely Yes,0 - adventurous,9,2,1 - High,1 - Present,4,4,1,1,1,0,1,US
2517,79,58,Female,-6,21,2 - Somewhat Expected,1 - Absolutely Yes,0 - adventurous,1,2,1 - High,0 - None,2,2,1,1,0,0,0,US
2518,79,58,Female,-6,22,1 - Completely Expected,4 - Certainly Not,0 - adventurous,7,2,0 - Low,0 - None,1,1,4,0,0,0,0,US
2519,79,58,Female,-6,23,2 - Somewhat Expected,1 - Absolutely Yes,0 - adventurous,11,2,0 - Low,0 - None,1,2,1,0,0,0,0,US
2520,79,58,Female,-6,24,5 - Very Unexpected,"2 - Yes, a bit inconvenient but manageable",0 - adventurous,12,2,1 - High,1 - Present,4,5,2,1,1,0,1,US
2521,79,58,Female,-6,25,5 - Very Unexpected,4 - Certainly Not,0 - adventurous,2,2,0 - Low,1 - Present,3,5,4,0,1,0,0,US
2522,79,58,Female,-6,26,1 - Completely Expected,4 - Certainly Not,0 - adventurous,14,2,1 - High,0 - None,2,1,4,1,0,0,0,US
2523,79,58,Female,-6,27,5 - Very Unexpected,1 - Absolutely Yes,0 - adventurous,10,1,0 - Low,1 - Present,3,5,1,0,1,0,0,US
2524,79,58,Female,-6,28,5 - Very Unexpected,1 - Absolutely Yes,0 - adventurous,6,2,0 - Low,1 - Present,3,5,1,0,1,0,0,US
2525,79,58,Female,-6,29,5 - Very Unexpected,4 - Certainly Not,0 - adventurous,16,2,1 - High,1 - Present,4,5,4,1,1,0,1,US
2526,79,58,Female,-6,30,4 - Somewhat Unexpected,4 - Certainly Not,0 - adventurous,8,2,1 - High,1 - Present,4,4,4,1,1,0,1,US
2527,79,58,Female,-6,31,1 - Completely Expected,1 - Absolutely Yes,0 - adventurous,10,2,0 - Low,0 - None,1,1,1,0,0,0,0,US
2528,79,58,Female,-6,32,1 - Completely Expected,1 - Absolutely Yes,0 - adventurous,4,2,1 - High,0 - None,2,1,1,1,0,0,0,US
2529,80,45,Female,-4,1,5 - Very Unexpected,4 - Certainly Not,1 - cautious,1,1,1 - High,1 - Present,4,5,4,1,1,1,1,US
2530,80,45,Female,-4,2,4 - Somewhat Unexpected,"2 - Yes, a bit inconvenient but manageable",1 - cautious,9,1,1 - High,1 - Present,4,4,2,1,1,1,1,US
2531,80,45,Female,-4,3,3 - Indifferent / Can't Decide,1 - Absolutely Yes,1 - cautious,7,1,1 - High,1 - Present,4,3,1,1,1,1,1,US
2532,80,45,Female,-4,4,1 - Completely Expected,"3 - Yes, but would not be feel nice",1 - cautious,15,1,0 - Low,0 - None,1,1,3,0,0,1,0,US
2533,80,45,Female,-4,5,4 - Somewhat Unexpected,4 - Certainly Not,1 - cautious,6,1,0 - Low,1 - Present,3,4,4,0,1,1,0,US
2534,80,45,Female,-4,6,1 - Completely Expected,1 - Absolutely Yes,1 - cautious,1,2,0 - Low,0 - None,1,1,1,0,0,1,0,US
2535,80,45,Female,-4,7,5 - Very Unexpected,4 - Certainly Not,1 - cautious,2,1,1 - High,1 - Present,4,5,4,1,1,1,1,US
2536,80,45,Female,-4,8,4 - Somewhat Unexpected,"2 - Yes, a bit inconvenient but manageable",1 - cautious,4,1,1 - High,0 - None,2,4,2,1,0,1,0,US
2537,80,45,Female,-4,9,1 - Completely Expected,1 - Absolutely Yes,1 - cautious,13,1,1 - High,0 - None,2,1,1,1,0,1,0,US
2538,80,45,Female,-4,10,1 - Completely Expected,1 - Absolutely Yes,1 - cautious,8,1,0 - Low,0 - None,1,1,1,0,0,1,0,US
2539,80,45,Female,-4,11,4 - Somewhat Unexpected,"2 - Yes, a bit inconvenient but manageable",1 - cautious,5,1,0 - Low,1 - Present,3,4,2,0,1,1,0,US
2540,80,45,Female,-4,12,1 - Completely Expected,1 - Absolutely Yes,1 - cautious,3,1,0 - Low,0 - None,1,1,1,0,0,1,0,US
2541,80,45,Female,-4,13,1 - Completely Expected,1 - Absolutely Yes,1 - cautious,10,1,0 - Low,0 - None,1,1,1,0,0,1,0,US
2542,80,45,Female,-4,14,1 - Completely Expected,1 - Absolutely Yes,1 - cautious,16,1,1 - High,0 - None,2,1,1,1,0,1,0,US
2543,80,45,Female,-4,15,1 - Completely Expected,1 - Absolutely Yes,1 - cautious,7,2,1 - High,0 - None,2,1,1,1,0,1,0,US
2544,80,45,Female,-4,16,4 - Somewhat Unexpected,"2 - Yes, a bit inconvenient but manageable",1 - cautious,11,1,0 - Low,1 - Present,3,4,2,0,1,1,0,US
2545,80,45,Female,-4,17,5 - Very Unexpected,4 - Certainly Not,1 - cautious,14,1,0 - Low,1 - Present,3,5,4,0,1,1,0,US
2546,80,45,Female,-4,18,4 - Somewhat Unexpected,"2 - Yes, a bit inconvenient but manageable",1 - cautious,4,2,1 - High,1 - Present,4,4,2,1,1,1,1,US
2547,80,45,Female,-4,19,1 - Completely Expected,1 - Absolutely Yes,1 - cautious,2,2,1 - High,0 - None,2,1,1,1,0,1,0,US
2548,80,45,Female,-4,20,1 - Completely Expected,1 - Absolutely Yes,1 - cautious,10,2,0 - Low,0 - None,1,1,1,0,0,1,0,US
2549,80,45,Female,-4,21,5 - Very Unexpected,"3 - Yes, but would not be feel nice",1 - cautious,12,1,1 - High,1 - Present,4,5,3,1,1,1,1,US
2550,80,45,Female,-4,22,1 - Completely Expected,1 - Absolutely Yes,1 - cautious,16,2,1 - High,0 - None,2,1,1,1,0,1,0,US
2551,80,45,Female,-4,23,4 - Somewhat Unexpected,"2 - Yes, a bit inconvenient but manageable",1 - cautious,11,2,0 - Low,1 - Present,3,4,2,0,1,1,0,US
2552,80,45,Female,-4,24,5 - Very Unexpected,"3 - Yes, but would not be feel nice",1 - cautious,3,2,1 - High,1 - Present,4,5,3,1,1,1,1,US
2553,80,45,Female,-4,25,4 - Somewhat Unexpected,"2 - Yes, a bit inconvenient but manageable",1 - cautious,5,2,0 - Low,1 - Present,3,4,2,0,1,1,0,US
2554,80,45,Female,-4,26,5 - Very Unexpected,4 - Certainly Not,1 - cautious,15,2,0 - Low,1 - Present,3,5,4,0,1,1,0,US
2555,80,45,Female,-4,27,1 - Completely Expected,1 - Absolutely Yes,1 - cautious,8,2,0 - Low,0 - None,1,1,1,0,0,1,0,US
2556,80,45,Female,-4,28,2 - Somewhat Expected,"2 - Yes, a bit inconvenient but manageable",1 - cautious,14,2,0 - Low,0 - None,1,2,2,0,0,1,0,US
2557,80,45,Female,-4,29,4 - Somewhat Unexpected,"2 - Yes, a bit inconvenient but manageable",1 - cautious,13,2,1 - High,1 - Present,4,4,2,1,1,1,1,US
2558,80,45,Female,-4,30,5 - Very Unexpected,"3 - Yes, but would not be feel nice",1 - cautious,9,2,0 - Low,1 - Present,3,5,3,0,1,1,0,US
2559,80,45,Female,-4,31,1 - Completely Expected,1 - Absolutely Yes,1 - cautious,6,2,1 - High,0 - None,2,1,1,1,0,1,0,US
2560,80,45,Female,-4,32,1 - Completely Expected,1 - Absolutely Yes,1 - cautious,12,2,1 - High,0 - None,2,1,1,1,0,1,0,US
2561,81,29,Female,-5,1,4 - Somewhat Unexpected,"3 - Yes, but would not be feel nice",0 - adventurous,1,1,1 - High,0 - None,2,4,3,1,0,0,0,US
2562,81,29,Female,-5,2,2 - Somewhat Expected,1 - Absolutely Yes,0 - adventurous,14,1,0 - Low,0 - None,1,2,1,0,0,0,0,US
2563,81,29,Female,-5,3,2 - Somewhat Expected,1 - Absolutely Yes,0 - adventurous,2,1,0 - Low,0 - None,1,2,1,0,0,0,0,US
2564,81,29,Female,-5,4,4 - Somewhat Unexpected,"2 - Yes, a bit inconvenient but manageable",0 - adventurous,7,1,0 - Low,1 - Present,3,4,2,0,1,0,0,US
2565,81,29,Female,-5,5,1 - Completely Expected,1 - Absolutely Yes,0 - adventurous,5,1,0 - Low,0 - None,1,1,1,0,0,0,0,US
2566,81,29,Female,-5,6,5 - Very Unexpected,1 - Absolutely Yes,0 - adventurous,16,1,1 - High,1 - Present,4,5,1,1,1,0,1,US
2567,81,29,Female,-5,7,1 - Completely Expected,1 - Absolutely Yes,0 - adventurous,8,1,1 - High,0 - None,2,1,1,1,0,0,0,US
2568,81,29,Female,-5,8,4 - Somewhat Unexpected,"3 - Yes, but would not be feel nice",0 - adventurous,1,2,1 - High,0 - None,2,4,3,1,0,0,0,US
2569,81,29,Female,-5,9,4 - Somewhat Unexpected,"2 - Yes, a bit inconvenient but manageable",0 - adventurous,3,1,0 - Low,0 - None,1,4,2,0,0,0,0,US
2570,81,29,Female,-5,10,5 - Very Unexpected,4 - Certainly Not,0 - adventurous,4,1,0 - Low,1 - Present,3,5,4,0,1,0,0,US
2571,81,29,Female,-5,11,1 - Completely Expected,1 - Absolutely Yes,0 - adventurous,13,1,0 - Low,0 - None,1,1,1,0,0,0,0,US
2572,81,29,Female,-5,12,5 - Very Unexpected,"2 - Yes, a bit inconvenient but manageable",0 - adventurous,6,1,0 - Low,1 - Present,3,5,2,0,1,0,0,US
2573,81,29,Female,-5,13,5 - Very Unexpected,1 - Absolutely Yes,0 - adventurous,5,2,1 - High,1 - Present,4,5,1,1,1,0,1,US
2574,81,29,Female,-5,14,2 - Somewhat Expected,"3 - Yes, but would not be feel nice",0 - adventurous,11,1,1 - High,0 - None,2,2,3,1,0,0,0,US
2575,81,29,Female,-5,15,1 - Completely Expected,1 - Absolutely Yes,0 - adventurous,12,1,0 - Low,0 - None,1,1,1,0,0,0,0,US
2576,81,29,Female,-5,16,5 - Very Unexpected,"3 - Yes, but would not be feel nice",0 - adventurous,13,2,0 - Low,1 - Present,3,5,3,0,1,0,0,US
2577,81,29,Female,-5,17,2 - Somewhat Expected,"3 - Yes, but would not be feel nice",0 - adventurous,15,1,1 - High,1 - Present,4,2,3,1,1,0,1,US
2578,81,29,Female,-5,18,5 - Very Unexpected,4 - Certainly Not,0 - adventurous,10,1,1 - High,1 - Present,4,5,4,1,1,0,1,US
2579,81,29,Female,-5,19,5 - Very Unexpected,"2 - Yes, a bit inconvenient but manageable",0 - adventurous,12,2,1 - High,0 - None,2,5,2,1,0,0,0,US
2580,81,29,Female,-5,20,5 - Very Unexpected,4 - Certainly Not,0 - adventurous,6,2,1 - High,1 - Present,4,5,4,1,1,0,1,US
2581,81,29,Female,-5,21,5 - Very Unexpected,1 - Absolutely Yes,0 - adventurous,3,2,0 - Low,1 - Present,3,5,1,0,1,0,0,US
2582,81,29,Female,-5,22,5 - Very Unexpected,1 - Absolutely Yes,0 - adventurous,9,1,0 - Low,1 - Present,3,5,1,0,1,0,0,US
2583,81,29,Female,-5,23,5 - Very Unexpected,4 - Certainly Not,0 - adventurous,10,2,1 - High,1 - Present,4,5,4,1,1,0,1,US
2584,81,29,Female,-5,24,1 - Completely Expected,1 - Absolutely Yes,0 - adventurous,16,2,0 - Low,0 - None,1,1,1,0,0,0,0,US
2585,81,29,Female,-5,25,2 - Somewhat Expected,"2 - Yes, a bit inconvenient but manageable",0 - adventurous,15,2,1 - High,1 - Present,4,2,2,1,1,0,1,US
2586,81,29,Female,-5,26,5 - Very Unexpected,1 - Absolutely Yes,0 - adventurous,11,2,0 - Low,1 - Present,3,5,1,0,1,0,0,US
2587,81,29,Female,-5,27,1 - Completely Expected,"3 - Yes, but would not be feel nice",0 - adventurous,7,2,1 - High,0 - None,2,1,3,1,0,0,0,US
2588,81,29,Female,-5,28,1 - Completely Expected,1 - Absolutely Yes,0 - adventurous,2,2,1 - High,0 - None,2,1,1,1,0,0,0,US
2589,81,29,Female,-5,29,2 - Somewhat Expected,1 - Absolutely Yes,0 - adventurous,14,2,0 - Low,0 - None,1,2,1,0,0,0,0,US
2590,81,29,Female,-5,30,5 - Very Unexpected,1 - Absolutely Yes,0 - adventurous,9,2,0 - Low,1 - Present,3,5,1,0,1,0,0,US
2591,81,29,Female,-5,31,1 - Completely Expected,1 - Absolutely Yes,0 - adventurous,8,2,1 - High,0 - None,2,1,1,1,0,0,0,US
2592,81,29,Female,-5,32,5 - Very Unexpected,4 - Certainly Not,0 - adventurous,4,2,1 - High,1 - Present,4,5,4,1,1,0,1,US
2593,82,22,Female,-4,1,2 - Somewhat Expected,1 - Absolutely Yes,1 - cautious,14,1,0 - Low,0 - None,1,2,1,0,0,1,0,US
2594,82,22,Female,-4,2,5 - Very Unexpected,4 - Certainly Not,1 - cautious,3,1,0 - Low,1 - Present,3,5,4,0,1,1,0,US
2595,82,22,Female,-4,3,2 - Somewhat Expected,"2 - Yes, a bit inconvenient but manageable",1 - cautious,15,1,0 - Low,0 - None,1,2,2,0,0,1,0,US
2596,82,22,Female,-4,4,1 - Completely Expected,1 - Absolutely Yes,1 - cautious,13,1,1 - High,0 - None,2,1,1,1,0,1,0,US
2597,82,22,Female,-4,5,4 - Somewhat Unexpected,"3 - Yes, but would not be feel nice",1 - cautious,5,1,1 - High,0 - None,2,4,3,1,0,1,0,US
2598,82,22,Female,-4,6,2 - Somewhat Expected,"2 - Yes, a bit inconvenient but manageable",1 - cautious,6,1,0 - Low,0 - None,1,2,2,0,0,1,0,US
2599,82,22,Female,-4,7,5 - Very Unexpected,4 - Certainly Not,1 - cautious,12,1,0 - Low,1 - Present,3,5,4,0,1,1,0,US
2600,82,22,Female,-4,8,2 - Somewhat Expected,"2 - Yes, a bit inconvenient but manageable",1 - cautious,16,1,1 - High,1 - Present,4,2,2,1,1,1,1,US
2601,82,22,Female,-4,9,1 - Completely Expected,1 - Absolutely Yes,1 - cautious,13,2,1 - High,0 - None,2,1,1,1,0,1,0,US
2602,82,22,Female,-4,10,4 - Somewhat Unexpected,"3 - Yes, but would not be feel nice",1 - cautious,5,2,0 - Low,1 - Present,3,4,3,0,1,1,0,US
2603,82,22,Female,-4,11,4 - Somewhat Unexpected,"3 - Yes, but would not be feel nice",1 - cautious,9,1,1 - High,1 - Present,4,4,3,1,1,1,1,US
2604,82,22,Female,-4,12,5 - Very Unexpected,4 - Certainly Not,1 - cautious,11,1,0 - Low,1 - Present,3,5,4,0,1,1,0,US
2605,82,22,Female,-4,13,2 - Somewhat Expected,"2 - Yes, a bit inconvenient but manageable",1 - cautious,8,1,0 - Low,0 - None,1,2,2,0,0,1,0,US
2606,82,22,Female,-4,14,2 - Somewhat Expected,"2 - Yes, a bit inconvenient but manageable",1 - cautious,8,2,0 - Low,0 - None,1,2,2,0,0,1,0,US
2607,82,22,Female,-4,15,5 - Very Unexpected,4 - Certainly Not,1 - cautious,11,2,0 - Low,1 - Present,3,5,4,0,1,1,0,US
2608,82,22,Female,-4,16,5 - Very Unexpected,4 - Certainly Not,1 - cautious,9,2,0 - Low,1 - Present,3,5,4,0,1,1,0,US
2609,82,22,Female,-4,17,4 - Somewhat Unexpected,"3 - Yes, but would not be feel nice",1 - cautious,3,2,0 - Low,1 - Present,3,4,3,0,1,1,0,US
2610,82,22,Female,-4,18,2 - Somewhat Expected,"2 - Yes, a bit inconvenient but manageable",1 - cautious,14,2,1 - High,0 - None,2,2,2,1,0,1,0,US
2611,82,22,Female,-4,19,5 - Very Unexpected,4 - Certainly Not,1 - cautious,4,1,1 - High,1 - Present,4,5,4,1,1,1,1,US
2612,82,22,Female,-4,20,2 - Somewhat Expected,1 - Absolutely Yes,1 - cautious,7,1,0 - Low,0 - None,1,2,1,0,0,1,0,US
2613,82,22,Female,-4,21,4 - Somewhat Unexpected,"3 - Yes, but would not be feel nice",1 - cautious,2,1,1 - High,0 - None,2,4,3,1,0,1,0,US
2614,82,22,Female,-4,22,5 - Very Unexpected,4 - Certainly Not,1 - cautious,7,2,1 - High,1 - Present,4,5,4,1,1,1,1,US
2615,82,22,Female,-4,23,5 - Very Unexpected,4 - Certainly Not,1 - cautious,1,1,1 - High,1 - Present,4,5,4,1,1,1,1,US
2616,82,22,Female,-4,24,1 - Completely Expected,1 - Absolutely Yes,1 - cautious,12,2,0 - Low,0 - None,1,1,1,0,0,1,0,US
2617,82,22,Female,-4,25,5 - Very Unexpected,4 - Certainly Not,1 - cautious,6,2,1 - High,1 - Present,4,5,4,1,1,1,1,US
2618,82,22,Female,-4,26,5 - Very Unexpected,4 - Certainly Not,1 - cautious,2,2,1 - High,1 - Present,4,5,4,1,1,1,1,US
2619,82,22,Female,-4,27,2 - Somewhat Expected,"2 - Yes, a bit inconvenient but manageable",1 - cautious,1,2,1 - High,0 - None,2,2,2,1,0,1,0,US
2620,82,22,Female,-4,28,2 - Somewhat Expected,"2 - Yes, a bit inconvenient but manageable",1 - cautious,10,1,1 - High,0 - None,2,2,2,1,0,1,0,US
2621,82,22,Female,-4,29,4 - Somewhat Unexpected,"3 - Yes, but would not be feel nice",1 - cautious,16,2,0 - Low,0 - None,1,4,3,0,0,1,0,US
2622,82,22,Female,-4,30,2 - Somewhat Expected,"2 - Yes, a bit inconvenient but manageable",1 - cautious,10,2,0 - Low,1 - Present,3,2,2,0,1,1,0,US
2623,82,22,Female,-4,31,5 - Very Unexpected,4 - Certainly Not,1 - cautious,4,2,1 - High,1 - Present,4,5,4,1,1,1,1,US
2624,82,22,Female,-4,32,2 - Somewhat Expected,"2 - Yes, a bit inconvenient but manageable",1 - cautious,15,2,1 - High,0 - None,2,2,2,1,0,1,0,US
2625,83,40,Female,10,1,1 - Completely Expected,1 - Absolutely Yes,1 - cautious,6,1,1 - High,0 - None,2,1,1,1,0,1,0,AU
2626,83,40,Female,10,2,5 - Very Unexpected,4 - Certainly Not,1 - cautious,16,1,1 - High,1 - Present,4,5,4,1,1,1,1,AU
2627,83,40,Female,10,3,5 - Very Unexpected,4 - Certainly Not,1 - cautious,11,1,1 - High,1 - Present,4,5,4,1,1,1,1,AU
2628,83,40,Female,10,4,4 - Somewhat Unexpected,"2 - Yes, a bit inconvenient but manageable",1 - cautious,6,2,0 - Low,1 - Present,3,4,2,0,1,1,0,AU
2629,83,40,Female,10,5,2 - Somewhat Expected,1 - Absolutely Yes,1 - cautious,8,1,0 - Low,0 - None,1,2,1,0,0,1,0,AU
2630,83,40,Female,10,6,4 - Somewhat Unexpected,"2 - Yes, a bit inconvenient but manageable",1 - cautious,8,2,0 - Low,1 - Present,3,4,2,0,1,1,0,AU
2631,83,40,Female,10,7,5 - Very Unexpected,"3 - Yes, but would not be feel nice",1 - cautious,4,1,1 - High,1 - Present,4,5,3,1,1,1,1,AU
2632,83,40,Female,10,8,4 - Somewhat Unexpected,"3 - Yes, but would not be feel nice",1 - cautious,9,1,0 - Low,0 - None,1,4,3,0,0,1,0,AU
2633,83,40,Female,10,9,2 - Somewhat Expected,4 - Certainly Not,1 - cautious,15,1,1 - High,0 - None,2,2,4,1,0,1,0,AU
2634,83,40,Female,10,10,4 - Somewhat Unexpected,"3 - Yes, but would not be feel nice",1 - cautious,9,2,0 - Low,0 - None,1,4,3,0,0,1,0,AU
2635,83,40,Female,10,11,4 - Somewhat Unexpected,"2 - Yes, a bit inconvenient but manageable",1 - cautious,7,1,0 - Low,1 - Present,3,4,2,0,1,1,0,AU
2636,83,40,Female,10,12,4 - Somewhat Unexpected,"3 - Yes, but would not be feel nice",1 - cautious,15,2,0 - Low,1 - Present,3,4,3,0,1,1,0,AU
2637,83,40,Female,10,13,1 - Completely Expected,"2 - Yes, a bit inconvenient but manageable",1 - cautious,7,2,1 - High,0 - None,2,1,2,1,0,1,0,AU
2638,83,40,Female,10,14,5 - Very Unexpected,"3 - Yes, but would not be feel nice",1 - cautious,14,1,0 - Low,1 - Present,3,5,3,0,1,1,0,AU
2639,83,40,Female,10,15,5 - Very Unexpected,4 - Certainly Not,1 - cautious,1,1,1 - High,1 - Present,4,5,4,1,1,1,1,AU
2640,83,40,Female,10,16,1 - Completely Expected,1 - Absolutely Yes,1 - cautious,3,1,1 - High,0 - None,2,1,1,1,0,1,0,AU
2641,83,40,Female,10,17,5 - Very Unexpected,4 - Certainly Not,1 - cautious,2,1,1 - High,1 - Present,4,5,4,1,1,1,1,AU
2642,83,40,Female,10,18,2 - Somewhat Expected,"2 - Yes, a bit inconvenient but manageable",1 - cautious,12,1,1 - High,0 - None,2,2,2,1,0,1,0,AU
2643,83,40,Female,10,19,4 - Somewhat Unexpected,"3 - Yes, but would not be feel nice",1 - cautious,4,2,0 - Low,1 - Present,3,4,3,0,1,1,0,AU
2644,83,40,Female,10,20,1 - Completely Expected,"3 - Yes, but would not be feel nice",1 - cautious,16,2,0 - Low,0 - None,1,1,3,0,0,1,0,AU
2645,83,40,Female,10,21,1 - Completely Expected,"2 - Yes, a bit inconvenient but manageable",1 - cautious,13,1,0 - Low,0 - None,1,1,2,0,0,1,0,AU
2646,83,40,Female,10,22,2 - Somewhat Expected,"2 - Yes, a bit inconvenient but manageable",1 - cautious,12,2,1 - High,0 - None,2,2,2,1,0,1,0,AU
2647,83,40,Female,10,23,1 - Completely Expected,1 - Absolutely Yes,1 - cautious,1,2,0 - Low,0 - None,1,1,1,0,0,1,0,AU
2648,83,40,Female,10,24,1 - Completely Expected,1 - Absolutely Yes,1 - cautious,14,2,1 - High,0 - None,2,1,1,1,0,1,0,AU
2649,83,40,Female,10,25,4 - Somewhat Unexpected,"3 - Yes, but would not be feel nice",1 - cautious,13,2,0 - Low,1 - Present,3,4,3,0,1,1,0,AU
2650,83,40,Female,10,26,5 - Very Unexpected,4 - Certainly Not,1 - cautious,11,2,0 - Low,1 - Present,3,5,4,0,1,1,0,AU
2651,83,40,Female,10,27,5 - Very Unexpected,4 - Certainly Not,1 - cautious,3,2,1 - High,1 - Present,4,5,4,1,1,1,1,AU
2652,83,40,Female,10,28,1 - Completely Expected,"2 - Yes, a bit inconvenient but manageable",1 - cautious,5,1,0 - Low,0 - None,1,1,2,0,0,1,0,AU
2653,83,40,Female,10,29,5 - Very Unexpected,4 - Certainly Not,1 - cautious,2,2,1 - High,1 - Present,4,5,4,1,1,1,1,AU
2654,83,40,Female,10,30,5 - Very Unexpected,"3 - Yes, but would not be feel nice",1 - cautious,10,1,1 - High,1 - Present,4,5,3,1,1,1,1,AU
2655,83,40,Female,10,31,1 - Completely Expected,"2 - Yes, a bit inconvenient but manageable",1 - cautious,5,2,0 - Low,0 - None,1,1,2,0,0,1,0,AU
2656,83,40,Female,10,32,1 - Completely Expected,1 - Absolutely Yes,1 - cautious,10,2,1 - High,0 - None,2,1,1,1,0,1,0,AU
2657,84,30,Male,-5,1,1 - Completely Expected,1 - Absolutely Yes,0 - adventurous,12,1,0 - Low,0 - None,1,1,1,0,0,0,0,US
2658,84,30,Male,-5,2,5 - Very Unexpected,4 - Certainly Not,0 - adventurous,16,1,1 - High,1 - Present,4,5,4,1,1,0,1,US
2659,84,30,Male,-5,3,5 - Very Unexpected,1 - Absolutely Yes,0 - adventurous,3,1,1 - High,1 - Present,4,5,1,1,1,0,1,US
2660,84,30,Male,-5,4,1 - Completely Expected,1 - Absolutely Yes,0 - adventurous,14,1,0 - Low,0 - None,1,1,1,0,0,0,0,US
2661,84,30,Male,-5,5,1 - Completely Expected,1 - Absolutely Yes,0 - adventurous,7,1,0 - Low,0 - None,1,1,1,0,0,0,0,US
2662,84,30,Male,-5,6,1 - Completely Expected,1 - Absolutely Yes,0 - adventurous,8,1,1 - High,0 - None,2,1,1,1,0,0,0,US
2663,84,30,Male,-5,7,5 - Very Unexpected,1 - Absolutely Yes,0 - adventurous,4,1,0 - Low,1 - Present,3,5,1,0,1,0,0,US
2664,84,30,Male,-5,8,1 - Completely Expected,1 - Absolutely Yes,0 - adventurous,6,1,0 - Low,0 - None,1,1,1,0,0,0,0,US
2665,84,30,Male,-5,9,1 - Completely Expected,1 - Absolutely Yes,0 - adventurous,2,1,0 - Low,0 - None,1,1,1,0,0,0,0,US
2666,84,30,Male,-5,10,4 - Somewhat Unexpected,1 - Absolutely Yes,0 - adventurous,1,1,0 - Low,1 - Present,3,4,1,0,1,0,0,US
2667,84,30,Male,-5,11,1 - Completely Expected,1 - Absolutely Yes,0 - adventurous,14,2,0 - Low,0 - None,1,1,1,0,0,0,0,US
2668,84,30,Male,-5,12,4 - Somewhat Unexpected,1 - Absolutely Yes,0 - adventurous,11,1,1 - High,0 - None,2,4,1,1,0,0,0,US
2669,84,30,Male,-5,13,1 - Completely Expected,1 - Absolutely Yes,0 - adventurous,9,1,1 - High,0 - None,2,1,1,1,0,0,0,US
2670,84,30,Male,-5,14,1 - Completely Expected,"3 - Yes, but would not be feel nice",0 - adventurous,15,1,1 - High,0 - None,2,1,3,1,0,0,0,US
2671,84,30,Male,-5,15,5 - Very Unexpected,1 - Absolutely Yes,0 - adventurous,9,2,1 - High,1 - Present,4,5,1,1,1,0,1,US
2672,84,30,Male,-5,16,1 - Completely Expected,1 - Absolutely Yes,0 - adventurous,13,1,0 - Low,0 - None,1,1,1,0,0,0,0,US
2673,84,30,Male,-5,17,1 - Completely Expected,1 - Absolutely Yes,0 - adventurous,10,1,1 - High,0 - None,2,1,1,1,0,0,0,US
2674,84,30,Male,-5,18,5 - Very Unexpected,"2 - Yes, a bit inconvenient but manageable",0 - adventurous,5,1,1 - High,1 - Present,4,5,2,1,1,0,1,US
2675,84,30,Male,-5,19,4 - Somewhat Unexpected,1 - Absolutely Yes,0 - adventurous,1,2,0 - Low,1 - Present,3,4,1,0,1,0,0,US
2676,84,30,Male,-5,20,5 - Very Unexpected,4 - Certainly Not,0 - adventurous,11,2,0 - Low,1 - Present,3,5,4,0,1,0,0,US
2677,84,30,Male,-5,21,5 - Very Unexpected,4 - Certainly Not,0 - adventurous,16,2,1 - High,1 - Present,4,5,4,1,1,0,1,US
2678,84,30,Male,-5,22,1 - Completely Expected,1 - Absolutely Yes,0 - adventurous,4,2,0 - Low,0 - None,1,1,1,0,0,0,0,US
2679,84,30,Male,-5,23,5 - Very Unexpected,4 - Certainly Not,0 - adventurous,10,2,0 - Low,1 - Present,3,5,4,0,1,0,0,US
2680,84,30,Male,-5,24,5 - Very Unexpected,1 - Absolutely Yes,0 - adventurous,3,2,1 - High,1 - Present,4,5,1,1,1,0,1,US
2681,84,30,Male,-5,25,1 - Completely Expected,1 - Absolutely Yes,0 - adventurous,8,2,1 - High,1 - Present,4,1,1,1,1,0,1,US
2682,84,30,Male,-5,26,5 - Very Unexpected,4 - Certainly Not,0 - adventurous,12,2,0 - Low,1 - Present,3,5,4,0,1,0,0,US
2683,84,30,Male,-5,27,4 - Somewhat Unexpected,1 - Absolutely Yes,0 - adventurous,6,2,0 - Low,1 - Present,3,4,1,0,1,0,0,US
2684,84,30,Male,-5,28,1 - Completely Expected,"3 - Yes, but would not be feel nice",0 - adventurous,15,2,1 - High,0 - None,2,1,3,1,0,0,0,US
2685,84,30,Male,-5,29,5 - Very Unexpected,4 - Certainly Not,0 - adventurous,2,2,0 - Low,1 - Present,3,5,4,0,1,0,0,US
2686,84,30,Male,-5,30,5 - Very Unexpected,1 - Absolutely Yes,0 - adventurous,5,2,1 - High,1 - Present,4,5,1,1,1,0,1,US
2687,84,30,Male,-5,31,1 - Completely Expected,1 - Absolutely Yes,0 - adventurous,7,2,1 - High,0 - None,2,1,1,1,0,0,0,US
2688,84,30,Male,-5,32,1 - Completely Expected,1 - Absolutely Yes,0 - adventurous,13,2,1 - High,0 - None,2,1,1,1,0,0,0,US
2689,85,35,Female,-8,1,4 - Somewhat Unexpected,"2 - Yes, a bit inconvenient but manageable",0 - adventurous,7,1,1 - High,1 - Present,4,4,2,1,1,0,1,US
2690,85,35,Female,-8,2,1 - Completely Expected,1 - Absolutely Yes,0 - adventurous,14,1,1 - High,0 - None,2,1,1,1,0,0,0,US
2691,85,35,Female,-8,3,1 - Completely Expected,1 - Absolutely Yes,0 - adventurous,10,1,1 - High,0 - None,2,1,1,1,0,0,0,US
2692,85,35,Female,-8,4,5 - Very Unexpected,"2 - Yes, a bit inconvenient but manageable",0 - adventurous,11,1,0 - Low,1 - Present,3,5,2,0,1,0,0,US
2693,85,35,Female,-8,5,4 - Somewhat Unexpected,1 - Absolutely Yes,0 - adventurous,1,1,0 - Low,0 - None,1,4,1,0,0,0,0,US
2694,85,35,Female,-8,6,5 - Very Unexpected,4 - Certainly Not,0 - adventurous,15,1,0 - Low,1 - Present,3,5,4,0,1,0,0,US
2695,85,35,Female,-8,7,5 - Very Unexpected,4 - Certainly Not,0 - adventurous,14,2,0 - Low,1 - Present,3,5,4,0,1,0,0,US
2696,85,35,Female,-8,8,4 - Somewhat Unexpected,1 - Absolutely Yes,0 - adventurous,9,1,1 - High,1 - Present,4,4,1,1,1,0,1,US
2697,85,35,Female,-8,9,5 - Very Unexpected,1 - Absolutely Yes,0 - adventurous,1,2,1 - High,1 - Present,4,5,1,1,1,0,1,US
2698,85,35,Female,-8,10,5 - Very Unexpected,"2 - Yes, a bit inconvenient but manageable",0 - adventurous,11,2,0 - Low,1 - Present,3,5,2,0,1,0,0,US
2699,85,35,Female,-8,11,4 - Somewhat Unexpected,1 - Absolutely Yes,0 - adventurous,13,1,0 - Low,1 - Present,3,4,1,0,1,0,0,US
2700,85,35,Female,-8,12,2 - Somewhat Expected,1 - Absolutely Yes,0 - adventurous,5,1,1 - High,0 - None,2,2,1,1,0,0,0,US
2701,85,35,Female,-8,13,1 - Completely Expected,1 - Absolutely Yes,0 - adventurous,6,1,1 - High,0 - None,2,1,1,1,0,0,0,US
2702,85,35,Female,-8,14,5 - Very Unexpected,1 - Absolutely Yes,0 - adventurous,5,2,1 - High,1 - Present,4,5,1,1,1,0,1,US
2703,85,35,Female,-8,15,2 - Somewhat Expected,1 - Absolutely Yes,0 - adventurous,3,1,0 - Low,0 - None,1,2,1,0,0,0,0,US
2704,85,35,Female,-8,16,2 - Somewhat Expected,"2 - Yes, a bit inconvenient but manageable",0 - adventurous,16,1,0 - Low,0 - None,1,2,2,0,0,0,0,US
2705,85,35,Female,-8,17,5 - Very Unexpected,4 - Certainly Not,0 - adventurous,15,2,1 - High,1 - Present,4,5,4,1,1,0,1,US
2706,85,35,Female,-8,18,5 - Very Unexpected,"3 - Yes, but would not be feel nice",0 - adventurous,6,2,1 - High,1 - Present,4,5,3,1,1,0,1,US
2707,85,35,Female,-8,19,2 - Somewhat Expected,1 - Absolutely Yes,0 - adventurous,2,1,0 - Low,0 - None,1,2,1,0,0,0,0,US
2708,85,35,Female,-8,20,1 - Completely Expected,1 - Absolutely Yes,0 - adventurous,2,2,1 - High,0 - None,2,1,1,1,0,0,0,US
2709,85,35,Female,-8,21,4 - Somewhat Unexpected,1 - Absolutely Yes,0 - adventurous,8,1,0 - Low,1 - Present,3,4,1,0,1,0,0,US
2710,85,35,Female,-8,22,1 - Completely Expected,1 - Absolutely Yes,0 - adventurous,12,1,0 - Low,0 - None,1,1,1,0,0,0,0,US
2711,85,35,Female,-8,23,1 - Completely Expected,1 - Absolutely Yes,0 - adventurous,13,2,0 - Low,0 - None,1,1,1,0,0,0,0,US
2712,85,35,Female,-8,24,5 - Very Unexpected,1 - Absolutely Yes,0 - adventurous,16,2,1 - High,1 - Present,4,5,1,1,1,0,1,US
2713,85,35,Female,-8,25,5 - Very Unexpected,"2 - Yes, a bit inconvenient but manageable",0 - adventurous,12,2,1 - High,1 - Present,4,5,2,1,1,0,1,US
2714,85,35,Female,-8,26,4 - Somewhat Unexpected,1 - Absolutely Yes,0 - adventurous,4,1,1 - High,0 - None,2,4,1,1,0,0,0,US
2715,85,35,Female,-8,27,2 - Somewhat Expected,1 - Absolutely Yes,0 - adventurous,9,2,1 - High,0 - None,2,2,1,1,0,0,0,US
2716,85,35,Female,-8,28,2 - Somewhat Expected,1 - Absolutely Yes,0 - adventurous,8,2,0 - Low,0 - None,1,2,1,0,0,0,0,US
2717,85,35,Female,-8,29,5 - Very Unexpected,1 - Absolutely Yes,0 - adventurous,4,2,0 - Low,1 - Present,3,5,1,0,1,0,0,US
2718,85,35,Female,-8,30,4 - Somewhat Unexpected,1 - Absolutely Yes,0 - adventurous,10,2,0 - Low,1 - Present,3,4,1,0,1,0,0,US
2719,85,35,Female,-8,31,4 - Somewhat Unexpected,1 - Absolutely Yes,0 - adventurous,3,2,0 - Low,0 - None,1,4,1,0,0,0,0,US
2720,85,35,Female,-8,32,1 - Completely Expected,1 - Absolutely Yes,0 - adventurous,7,2,1 - High,0 - None,2,1,1,1,0,0,0,US