index,participant_index,age,gender,trial_number,expectedness,comfortable,propensity,image_set,image_set_repeat,noisiness,oddity,quadrant,c_expect,c_comfrt,c_prpnst,c_noise,c_oddity,c_oddnse
1,1,50,"Male",1,"5 - Very Unexpected","2 - Yes, a bit inconvenient but manageable","0 - adventurous",15,1,"1 - High","1 - Present",4,5,2,0,1,1,1
2,1,50,"Male",2,"4 - Somewhat Unexpected","1 - Absolutely Yes","0 - adventurous",13,1,"0 - Low","1 - Present",3,4,1,0,0,1,0
3,1,50,"Male",3,"5 - Very Unexpected","4 - Certainly Not","0 - adventurous",6,1,"1 - High","1 - Present",4,5,4,0,1,1,1
4,1,50,"Male",4,"4 - Somewhat Unexpected","1 - Absolutely Yes","0 - adventurous",9,1,"0 - Low","1 - Present",3,4,1,0,0,1,0
5,1,50,"Male",5,"1 - Completely Expected","1 - Absolutely Yes","0 - adventurous",12,1,"1 - High","0 - None",2,1,1,0,1,0,0
6,1,50,"Male",6,"1 - Completely Expected","1 - Absolutely Yes","0 - adventurous",12,2,"1 - High","0 - None",2,1,1,0,1,0,0
7,1,50,"Male",7,"1 - Completely Expected","3 - Yes, but would not be feel nice","0 - adventurous",11,1,"0 - Low","0 - None",1,1,3,0,0,0,0
8,1,50,"Male",8,"4 - Somewhat Unexpected","1 - Absolutely Yes","0 - adventurous",7,1,"0 - Low","1 - Present",3,4,1,0,0,1,0
9,1,50,"Male",9,"1 - Completely Expected","1 - Absolutely Yes","0 - adventurous",13,2,"0 - Low","0 - None",1,1,1,0,0,0,0
10,1,50,"Male",10,"1 - Completely Expected","1 - Absolutely Yes","0 - adventurous",4,1,"1 - High","0 - None",2,1,1,0,1,0,0
11,1,50,"Male",11,"1 - Completely Expected","1 - Absolutely Yes","0 - adventurous",5,1,"1 - High","0 - None",2,1,1,0,1,0,0
12,1,50,"Male",12,"5 - Very Unexpected","4 - Certainly Not","0 - adventurous",10,1,"1 - High","1 - Present",4,5,4,0,1,1,1
13,1,50,"Male",13,"1 - Completely Expected","1 - Absolutely Yes","0 - adventurous",14,1,"0 - Low","0 - None",1,1,1,0,0,0,0
14,1,50,"Male",14,"4 - Somewhat Unexpected","1 - Absolutely Yes","0 - adventurous",8,1,"1 - High","1 - Present",4,4,1,0,1,1,1
15,1,50,"Male",15,"1 - Completely Expected","1 - Absolutely Yes","0 - adventurous",14,2,"0 - Low","0 - None",1,1,1,0,0,0,0
16,1,50,"Male",16,"4 - Somewhat Unexpected","1 - Absolutely Yes","0 - adventurous",1,1,"0 - Low","1 - Present",3,4,1,0,0,1,0
17,1,50,"Male",17,"5 - Very Unexpected","4 - Certainly Not","0 - adventurous",6,2,"1 - High","1 - Present",4,5,4,0,1,1,1
18,1,50,"Male",18,"4 - Somewhat Unexpected","1 - Absolutely Yes","0 - adventurous",7,2,"0 - Low","1 - Present",3,4,1,0,0,1,0
19,1,50,"Male",19,"1 - Completely Expected","1 - Absolutely Yes","0 - adventurous",2,1,"0 - Low","0 - None",1,1,1,0,0,0,0
20,1,50,"Male",20,"1 - Completely Expected","1 - Absolutely Yes","0 - adventurous",3,1,"0 - Low","0 - None",1,1,1,0,0,0,0
21,1,50,"Male",21,"4 - Somewhat Unexpected","1 - Absolutely Yes","0 - adventurous",9,2,"0 - Low","1 - Present",3,4,1,0,0,1,0
22,1,50,"Male",22,"1 - Completely Expected","1 - Absolutely Yes","0 - adventurous",15,2,"0 - Low","0 - None",1,1,1,0,0,0,0
23,1,50,"Male",23,"4 - Somewhat Unexpected","1 - Absolutely Yes","0 - adventurous",16,1,"0 - Low","1 - Present",3,4,1,0,0,1,0
24,1,50,"Male",24,"1 - Completely Expected","1 - Absolutely Yes","0 - adventurous",5,2,"1 - High","0 - None",2,1,1,0,1,0,0
25,1,50,"Male",25,"1 - Completely Expected","2 - Yes, a bit inconvenient but manageable","0 - adventurous",11,2,"1 - High","0 - None",2,1,2,0,1,0,0
26,1,50,"Male",26,"5 - Very Unexpected","4 - Certainly Not","0 - adventurous",3,2,"1 - High","1 - Present",4,5,4,0,1,1,1
27,1,50,"Male",27,"4 - Somewhat Unexpected","1 - Absolutely Yes","0 - adventurous",1,2,"0 - Low","1 - Present",3,4,1,0,0,1,0
28,1,50,"Male",28,"4 - Somewhat Unexpected","1 - Absolutely Yes","0 - adventurous",4,2,"1 - High","1 - Present",4,4,1,0,1,1,1
29,1,50,"Male",29,"1 - Completely Expected","3 - Yes, but would not be feel nice","0 - adventurous",8,2,"1 - High","0 - None",2,1,3,0,1,0,0
30,1,50,"Male",30,"1 - Completely Expected","1 - Absolutely Yes","0 - adventurous",10,2,"0 - Low","0 - None",1,1,1,0,0,0,0
31,1,50,"Male",31,"5 - Very Unexpected","1 - Absolutely Yes","0 - adventurous",16,2,"1 - High","1 - Present",4,5,1,0,1,1,1
32,1,50,"Male",32,"1 - Completely Expected","2 - Yes, a bit inconvenient but manageable","0 - adventurous",2,2,"1 - High","0 - None",2,1,2,0,1,0,0
33,2,37,"Male",1,"2 - Somewhat Expected","3 - Yes, but would not be feel nice","1 - cautious",14,1,"0 - Low","0 - None",1,2,3,1,0,0,0
34,2,37,"Male",2,"4 - Somewhat Unexpected","2 - Yes, a bit inconvenient but manageable","1 - cautious",16,1,"1 - High","1 - Present",4,4,2,1,1,1,1
35,2,37,"Male",3,"5 - Very Unexpected","4 - Certainly Not","1 - cautious",11,1,"1 - High","1 - Present",4,5,4,1,1,1,1
36,2,37,"Male",4,"4 - Somewhat Unexpected","3 - Yes, but would not be feel nice","1 - cautious",15,1,"1 - High","1 - Present",4,4,3,1,1,1,1
37,2,37,"Male",5,"4 - Somewhat Unexpected","2 - Yes, a bit inconvenient but manageable","1 - cautious",4,1,"0 - Low","0 - None",1,4,2,1,0,0,0
38,2,37,"Male",6,"4 - Somewhat Unexpected","3 - Yes, but would not be feel nice","1 - cautious",6,1,"0 - Low","1 - Present",3,4,3,1,0,1,0
39,2,37,"Male",7,"2 - Somewhat Expected","1 - Absolutely Yes","1 - cautious",10,1,"0 - Low","0 - None",1,2,1,1,0,0,0
40,2,37,"Male",8,"1 - Completely Expected","2 - Yes, a bit inconvenient but manageable","1 - cautious",9,1,"0 - Low","0 - None",1,1,2,1,0,0,0
41,2,37,"Male",9,"1 - Completely Expected","1 - Absolutely Yes","1 - cautious",14,2,"0 - Low","0 - None",1,1,1,1,0,0,0
42,2,37,"Male",10,"4 - Somewhat Unexpected","2 - Yes, a bit inconvenient but manageable","1 - cautious",2,1,"0 - Low","1 - Present",3,4,2,1,0,1,0
43,2,37,"Male",11,"2 - Somewhat Expected","1 - Absolutely Yes","1 - cautious",16,2,"1 - High","1 - Present",4,2,1,1,1,1,1
44,2,37,"Male",12,"4 - Somewhat Unexpected","2 - Yes, a bit inconvenient but manageable","1 - cautious",1,1,"0 - Low","1 - Present",3,4,2,1,0,1,0
45,2,37,"Male",13,"4 - Somewhat Unexpected","2 - Yes, a bit inconvenient but manageable","1 - cautious",7,1,"1 - High","1 - Present",4,4,2,1,1,1,1
46,2,37,"Male",14,"1 - Completely Expected","1 - Absolutely Yes","1 - cautious",1,2,"1 - High","0 - None",2,1,1,1,1,0,0
47,2,37,"Male",15,"1 - Completely Expected","1 - Absolutely Yes","1 - cautious",13,1,"1 - High","0 - None",2,1,1,1,1,0,0
48,2,37,"Male",16,"4 - Somewhat Unexpected","4 - Certainly Not","1 - cautious",11,2,"0 - Low","1 - Present",3,4,4,1,0,1,0
49,2,37,"Male",17,"4 - Somewhat Unexpected","2 - Yes, a bit inconvenient but manageable","1 - cautious",9,2,"0 - Low","1 - Present",3,4,2,1,0,1,0
50,2,37,"Male",18,"4 - Somewhat Unexpected","3 - Yes, but would not be feel nice","1 - cautious",15,2,"1 - High","1 - Present",4,4,3,1,1,1,1
51,2,37,"Male",19,"2 - Somewhat Expected","1 - Absolutely Yes","1 - cautious",5,1,"0 - Low","0 - None",1,2,1,1,0,0,0
52,2,37,"Male",20,"1 - Completely Expected","1 - Absolutely Yes","1 - cautious",4,2,"1 - High","0 - None",2,1,1,1,1,0,0
53,2,37,"Male",21,"1 - Completely Expected","1 - Absolutely Yes","1 - cautious",2,2,"1 - High","0 - None",2,1,1,1,1,0,0
54,2,37,"Male",22,"1 - Completely Expected","1 - Absolutely Yes","1 - cautious",8,1,"1 - High","0 - None",2,1,1,1,1,0,0
55,2,37,"Male",23,"1 - Completely Expected","1 - Absolutely Yes","1 - cautious",7,2,"0 - Low","0 - None",1,1,1,1,0,0,0
56,2,37,"Male",24,"5 - Very Unexpected","2 - Yes, a bit inconvenient but manageable","1 - cautious",3,1,"1 - High","1 - Present",4,5,2,1,1,1,1
57,2,37,"Male",25,"1 - Completely Expected","1 - Absolutely Yes","1 - cautious",3,2,"1 - High","0 - None",2,1,1,1,1,0,0
58,2,37,"Male",26,"5 - Very Unexpected","1 - Absolutely Yes","1 - cautious",12,1,"0 - Low","1 - Present",3,5,1,1,0,1,0
59,2,37,"Male",27,"4 - Somewhat Unexpected","2 - Yes, a bit inconvenient but manageable","1 - cautious",5,2,"0 - Low","1 - Present",3,4,2,1,0,1,0
60,2,37,"Male",28,"5 - Very Unexpected","3 - Yes, but would not be feel nice","1 - cautious",10,2,"0 - Low","1 - Present",3,5,3,1,0,1,0
61,2,37,"Male",29,"4 - Somewhat Unexpected","2 - Yes, a bit inconvenient but manageable","1 - cautious",8,2,"1 - High","1 - Present",4,4,2,1,1,1,1
62,2,37,"Male",30,"1 - Completely Expected","1 - Absolutely Yes","1 - cautious",12,2,"0 - Low","0 - None",1,1,1,1,0,0,0
63,2,37,"Male",31,"1 - Completely Expected","1 - Absolutely Yes","1 - cautious",6,2,"1 - High","0 - None",2,1,1,1,1,0,0
64,2,37,"Male",32,"1 - Completely Expected","1 - Absolutely Yes","1 - cautious",13,2,"1 - High","0 - None",2,1,1,1,1,0,0
65,3,22,"Male",1,"2 - Somewhat Expected","2 - Yes, a bit inconvenient but manageable","1 - cautious",9,1,"1 - High","0 - None",2,2,2,1,1,0,0
66,3,22,"Male",2,"2 - Somewhat Expected","2 - Yes, a bit inconvenient but manageable","1 - cautious",5,1,"0 - Low","0 - None",1,2,2,1,0,0,0
67,3,22,"Male",3,"4 - Somewhat Unexpected","3 - Yes, but would not be feel nice","1 - cautious",6,1,"0 - Low","1 - Present",3,4,3,1,0,1,0
68,3,22,"Male",4,"2 - Somewhat Expected","2 - Yes, a bit inconvenient but manageable","1 - cautious",5,2,"1 - High","0 - None",2,2,2,1,1,0,0
69,3,22,"Male",5,"4 - Somewhat Unexpected","2 - Yes, a bit inconvenient but manageable","1 - cautious",14,1,"1 - High","1 - Present",4,4,2,1,1,1,1
70,3,22,"Male",6,"4 - Somewhat Unexpected","3 - Yes, but would not be feel nice","1 - cautious",16,1,"0 - Low","0 - None",1,4,3,1,0,0,0
71,3,22,"Male",7,"5 - Very Unexpected","4 - Certainly Not","1 - cautious",10,1,"0 - Low","1 - Present",3,5,4,1,0,1,0
72,3,22,"Male",8,"2 - Somewhat Expected","2 - Yes, a bit inconvenient but manageable","1 - cautious",1,1,"0 - Low","0 - None",1,2,2,1,0,0,0
73,3,22,"Male",9,"5 - Very Unexpected","4 - Certainly Not","1 - cautious",12,1,"0 - Low","1 - Present",3,5,4,1,0,1,0
74,3,22,"Male",10,"1 - Completely Expected","2 - Yes, a bit inconvenient but manageable","1 - cautious",14,2,"1 - High","0 - None",2,1,2,1,1,0,0
75,3,22,"Male",11,"5 - Very Unexpected","4 - Certainly Not","1 - cautious",15,1,"0 - Low","1 - Present",3,5,4,1,0,1,0
76,3,22,"Male",12,"4 - Somewhat Unexpected","2 - Yes, a bit inconvenient but manageable","1 - cautious",13,1,"0 - Low","0 - None",1,4,2,1,0,0,0
77,3,22,"Male",13,"2 - Somewhat Expected","3 - Yes, but would not be feel nice","1 - cautious",11,1,"1 - High","0 - None",2,2,3,1,1,0,0
78,3,22,"Male",14,"1 - Completely Expected","1 - Absolutely Yes","1 - cautious",4,1,"1 - High","0 - None",2,1,1,1,1,0,0
79,3,22,"Male",15,"4 - Somewhat Unexpected","3 - Yes, but would not be feel nice","1 - cautious",16,2,"1 - High","0 - None",2,4,3,1,1,0,0
80,3,22,"Male",16,"5 - Very Unexpected","4 - Certainly Not","1 - cautious",6,2,"1 - High","1 - Present",4,5,4,1,1,1,1
81,3,22,"Male",17,"5 - Very Unexpected","4 - Certainly Not","1 - cautious",10,2,"1 - High","1 - Present",4,5,4,1,1,1,1
82,3,22,"Male",18,"5 - Very Unexpected","3 - Yes, but would not be feel nice","1 - cautious",13,2,"1 - High","1 - Present",4,5,3,1,1,1,1
83,3,22,"Male",19,"1 - Completely Expected","1 - Absolutely Yes","1 - cautious",4,2,"1 - High","1 - Present",4,1,1,1,1,1,1
84,3,22,"Male",20,"5 - Very Unexpected","4 - Certainly Not","1 - cautious",15,2,"0 - Low","1 - Present",3,5,4,1,0,1,0
85,3,22,"Male",21,"2 - Somewhat Expected","2 - Yes, a bit inconvenient but manageable","1 - cautious",1,2,"0 - Low","0 - None",1,2,2,1,0,0,0
86,3,22,"Male",22,"4 - Somewhat Unexpected","2 - Yes, a bit inconvenient but manageable","1 - cautious",9,2,"1 - High","1 - Present",4,4,2,1,1,1,1
87,3,22,"Male",23,"4 - Somewhat Unexpected","4 - Certainly Not","1 - cautious",2,1,"0 - Low","1 - Present",3,4,4,1,0,1,0
88,3,22,"Male",24,"5 - Very Unexpected","4 - Certainly Not","1 - cautious",12,2,"1 - High","1 - Present",4,5,4,1,1,1,1
89,3,22,"Male",25,"2 - Somewhat Expected","2 - Yes, a bit inconvenient but manageable","1 - cautious",3,1,"0 - Low","0 - None",1,2,2,1,0,0,0
90,3,22,"Male",26,"2 - Somewhat Expected","3 - Yes, but would not be feel nice","1 - cautious",7,1,"1 - High","0 - None",2,2,3,1,1,0,0
91,3,22,"Male",27,"2 - Somewhat Expected","3 - Yes, but would not be feel nice","1 - cautious",7,2,"0 - Low","0 - None",1,2,3,1,0,0,0
92,3,22,"Male",28,"2 - Somewhat Expected","2 - Yes, a bit inconvenient but manageable","1 - cautious",2,2,"1 - High","0 - None",2,2,2,1,1,0,0
93,3,22,"Male",29,"4 - Somewhat Unexpected","4 - Certainly Not","1 - cautious",11,2,"0 - Low","1 - Present",3,4,4,1,0,1,0
94,3,22,"Male",30,"2 - Somewhat Expected","2 - Yes, a bit inconvenient but manageable","1 - cautious",3,2,"0 - Low","0 - None",1,2,2,1,0,0,0
95,3,22,"Male",31,"4 - Somewhat Unexpected","3 - Yes, but would not be feel nice","1 - cautious",8,1,"0 - Low","1 - Present",3,4,3,1,0,1,0
96,3,22,"Male",32,"4 - Somewhat Unexpected","3 - Yes, but would not be feel nice","1 - cautious",8,2,"1 - High","1 - Present",4,4,3,1,1,1,1
97,4,34,"Male",1,"1 - Completely Expected","4 - Certainly Not","0 - adventurous",7,1,"0 - Low","0 - None",1,1,4,0,0,0,0
98,4,34,"Male",2,"1 - Completely Expected","2 - Yes, a bit inconvenient but manageable","0 - adventurous",13,1,"0 - Low","0 - None",1,1,2,0,0,0,0
99,4,34,"Male",3,"1 - Completely Expected","1 - Absolutely Yes","0 - adventurous",5,1,"1 - High","0 - None",2,1,1,0,1,0,0
100,4,34,"Male",4,"1 - Completely Expected","1 - Absolutely Yes","0 - adventurous",6,1,"0 - Low","1 - Present",3,1,1,0,0,1,0
101,4,34,"Male",5,"1 - Completely Expected","2 - Yes, a bit inconvenient but manageable","0 - adventurous",16,1,"0 - Low","0 - None",1,1,2,0,0,0,0
102,4,34,"Male",6,"1 - Completely Expected","1 - Absolutely Yes","0 - adventurous",12,1,"0 - Low","0 - None",1,1,1,0,0,0,0
103,4,34,"Male",7,"1 - Completely Expected","4 - Certainly Not","0 - adventurous",7,2,"0 - Low","0 - None",1,1,4,0,0,0,0
104,4,34,"Male",8,"5 - Very Unexpected","4 - Certainly Not","0 - adventurous",13,2,"1 - High","1 - Present",4,5,4,0,1,1,1
105,4,34,"Male",9,"4 - Somewhat Unexpected","2 - Yes, a bit inconvenient but manageable","0 - adventurous",1,1,"0 - Low","1 - Present",3,4,2,0,0,1,0
106,4,34,"Male",10,"1 - Completely Expected","1 - Absolutely Yes","0 - adventurous",3,1,"1 - High","0 - None",2,1,1,0,1,0,0
107,4,34,"Male",11,"5 - Very Unexpected","4 - Certainly Not","0 - adventurous",11,1,"1 - High","1 - Present",4,5,4,0,1,1,1
108,4,34,"Male",12,"1 - Completely Expected","3 - Yes, but would not be feel nice","0 - adventurous",15,1,"0 - Low","0 - None",1,1,3,0,0,0,0
109,4,34,"Male",13,"1 - Completely Expected","1 - Absolutely Yes","0 - adventurous",12,2,"1 - High","0 - None",2,1,1,0,1,0,0
110,4,34,"Male",14,"4 - Somewhat Unexpected","1 - Absolutely Yes","0 - adventurous",8,1,"1 - High","1 - Present",4,4,1,0,1,1,1
111,4,34,"Male",15,"5 - Very Unexpected","3 - Yes, but would not be feel nice","0 - adventurous",4,1,"1 - High","1 - Present",4,5,3,0,1,1,1
112,4,34,"Male",16,"1 - Completely Expected","1 - Absolutely Yes","0 - adventurous",3,2,"1 - High","0 - None",2,1,1,0,1,0,0
113,4,34,"Male",17,"5 - Very Unexpected","1 - Absolutely Yes","0 - adventurous",10,1,"0 - Low","1 - Present",3,5,1,0,0,1,0
114,4,34,"Male",18,"4 - Somewhat Unexpected","1 - Absolutely Yes","0 - adventurous",6,2,"0 - Low","1 - Present",3,4,1,0,0,1,0
115,4,34,"Male",19,"5 - Very Unexpected","3 - Yes, but would not be feel nice","0 - adventurous",11,2,"0 - Low","1 - Present",3,5,3,0,0,1,0
116,4,34,"Male",20,"1 - Completely Expected","1 - Absolutely Yes","0 - adventurous",2,1,"1 - High","0 - None",2,1,1,0,1,0,0
117,4,34,"Male",21,"1 - Completely Expected","1 - Absolutely Yes","0 - adventurous",1,2,"0 - Low","0 - None",1,1,1,0,0,0,0
118,4,34,"Male",22,"5 - Very Unexpected","3 - Yes, but would not be feel nice","0 - adventurous",14,1,"1 - High","1 - Present",4,5,3,0,1,1,1
119,4,34,"Male",23,"1 - Completely Expected","1 - Absolutely Yes","0 - adventurous",4,2,"1 - High","0 - None",2,1,1,0,1,0,0
120,4,34,"Male",24,"5 - Very Unexpected","1 - Absolutely Yes","0 - adventurous",9,1,"1 - High","1 - Present",4,5,1,0,1,1,1
121,4,34,"Male",25,"1 - Completely Expected","1 - Absolutely Yes","0 - adventurous",2,2,"1 - High","0 - None",2,1,1,0,1,0,0
122,4,34,"Male",26,"5 - Very Unexpected","1 - Absolutely Yes","0 - adventurous",10,2,"0 - Low","1 - Present",3,5,1,0,0,1,0
123,4,34,"Male",27,"1 - Completely Expected","1 - Absolutely Yes","0 - adventurous",14,2,"1 - High","0 - None",2,1,1,0,1,0,0
124,4,34,"Male",28,"5 - Very Unexpected","1 - Absolutely Yes","0 - adventurous",9,2,"1 - High","1 - Present",4,5,1,0,1,1,1
125,4,34,"Male",29,"5 - Very Unexpected","1 - Absolutely Yes","0 - adventurous",15,2,"1 - High","1 - Present",4,5,1,0,1,1,1
126,4,34,"Male",30,"2 - Somewhat Expected","1 - Absolutely Yes","0 - adventurous",8,2,"0 - Low","1 - Present",3,2,1,0,0,1,0
127,4,34,"Male",31,"1 - Completely Expected","1 - Absolutely Yes","0 - adventurous",16,2,"0 - Low","0 - None",1,1,1,0,0,0,0
128,4,34,"Male",32,"5 - Very Unexpected","1 - Absolutely Yes","0 - adventurous",5,2,"0 - Low","1 - Present",3,5,1,0,0,1,0
129,5,32,"Female",1,"5 - Very Unexpected","3 - Yes, but would not be feel nice","1 - cautious",3,1,"1 - High","1 - Present",4,5,3,1,1,1,1
130,5,32,"Female",2,"1 - Completely Expected","1 - Absolutely Yes","1 - cautious",6,1,"0 - Low","0 - None",1,1,1,1,0,0,0
131,5,32,"Female",3,"5 - Very Unexpected","1 - Absolutely Yes","1 - cautious",13,1,"0 - Low","1 - Present",3,5,1,1,0,1,0
132,5,32,"Female",4,"1 - Completely Expected","2 - Yes, a bit inconvenient but manageable","1 - cautious",1,1,"1 - High","0 - None",2,1,2,1,1,0,0
133,5,32,"Female",5,"1 - Completely Expected","4 - Certainly Not","1 - cautious",15,1,"0 - Low","0 - None",1,1,4,1,0,0,0
134,5,32,"Female",6,"5 - Very Unexpected","4 - Certainly Not","1 - cautious",15,2,"0 - Low","1 - Present",3,5,4,1,0,1,0
135,5,32,"Female",7,"1 - Completely Expected","2 - Yes, a bit inconvenient but manageable","1 - cautious",10,1,"1 - High","0 - None",2,1,2,1,1,0,0
136,5,32,"Female",8,"1 - Completely Expected","1 - Absolutely Yes","1 - cautious",13,2,"1 - High","0 - None",2,1,1,1,1,0,0
137,5,32,"Female",9,"4 - Somewhat Unexpected","2 - Yes, a bit inconvenient but manageable","1 - cautious",7,1,"1 - High","1 - Present",4,4,2,1,1,1,1
138,5,32,"Female",10,"4 - Somewhat Unexpected","2 - Yes, a bit inconvenient but manageable","1 - cautious",4,1,"1 - High","1 - Present",4,4,2,1,1,1,1
139,5,32,"Female",11,"5 - Very Unexpected","4 - Certainly Not","1 - cautious",1,2,"1 - High","1 - Present",4,5,4,1,1,1,1
140,5,32,"Female",12,"1 - Completely Expected","1 - Absolutely Yes","1 - cautious",8,1,"1 - High","0 - None",2,1,1,1,1,0,0
141,5,32,"Female",13,"5 - Very Unexpected","3 - Yes, but would not be feel nice","1 - cautious",14,1,"1 - High","1 - Present",4,5,3,1,1,1,1
142,5,32,"Female",14,"1 - Completely Expected","1 - Absolutely Yes","1 - cautious",5,1,"0 - Low","0 - None",1,1,1,1,0,0,0
143,5,32,"Female",15,"5 - Very Unexpected","4 - Certainly Not","1 - cautious",11,1,"0 - Low","1 - Present",3,5,4,1,0,1,0
144,5,32,"Female",16,"5 - Very Unexpected","4 - Certainly Not","1 - cautious",12,1,"1 - High","1 - Present",4,5,4,1,1,1,1
145,5,32,"Female",17,"1 - Completely Expected","1 - Absolutely Yes","1 - cautious",3,2,"0 - Low","0 - None",1,1,1,1,0,0,0
146,5,32,"Female",18,"1 - Completely Expected","2 - Yes, a bit inconvenient but manageable","1 - cautious",16,1,"1 - High","0 - None",2,1,2,1,1,0,0
147,5,32,"Female",19,"1 - Completely Expected","1 - Absolutely Yes","1 - cautious",4,2,"0 - Low","0 - None",1,1,1,1,0,0,0
148,5,32,"Female",20,"1 - Completely Expected","1 - Absolutely Yes","1 - cautious",12,2,"0 - Low","0 - None",1,1,1,1,0,0,0
149,5,32,"Female",21,"1 - Completely Expected","2 - Yes, a bit inconvenient but manageable","1 - cautious",16,2,"0 - Low","0 - None",1,1,2,1,0,0,0
150,5,32,"Female",22,"1 - Completely Expected","2 - Yes, a bit inconvenient but manageable","1 - cautious",2,1,"0 - Low","0 - None",1,1,2,1,0,0,0
151,5,32,"Female",23,"4 - Somewhat Unexpected","3 - Yes, but would not be feel nice","1 - cautious",9,1,"1 - High","1 - Present",4,4,3,1,1,1,1
152,5,32,"Female",24,"4 - Somewhat Unexpected","3 - Yes, but would not be feel nice","1 - cautious",14,2,"0 - Low","1 - Present",3,4,3,1,0,1,0
153,5,32,"Female",25,"4 - Somewhat Unexpected","3 - Yes, but would not be feel nice","1 - cautious",2,2,"0 - Low","1 - Present",3,4,3,1,0,1,0
154,5,32,"Female",26,"5 - Very Unexpected","4 - Certainly Not","1 - cautious",6,2,"0 - Low","1 - Present",3,5,4,1,0,1,0
155,5,32,"Female",27,"5 - Very Unexpected","3 - Yes, but would not be feel nice","1 - cautious",8,2,"0 - Low","1 - Present",3,5,3,1,0,1,0
156,5,32,"Female",28,"5 - Very Unexpected","3 - Yes, but would not be feel nice","1 - cautious",5,2,"1 - High","1 - Present",4,5,3,1,1,1,1
157,5,32,"Female",29,"1 - Completely Expected","2 - Yes, a bit inconvenient but manageable","1 - cautious",11,2,"1 - High","0 - None",2,1,2,1,1,0,0
158,5,32,"Female",30,"1 - Completely Expected","2 - Yes, a bit inconvenient but manageable","1 - cautious",10,2,"1 - High","0 - None",2,1,2,1,1,0,0
159,5,32,"Female",31,"1 - Completely Expected","2 - Yes, a bit inconvenient but manageable","1 - cautious",9,2,"1 - High","0 - None",2,1,2,1,1,0,0
160,5,32,"Female",32,"4 - Somewhat Unexpected","2 - Yes, a bit inconvenient but manageable","1 - cautious",7,2,"0 - Low","1 - Present",3,4,2,1,0,1,0
161,6,42,"Female",1,"2 - Somewhat Expected","2 - Yes, a bit inconvenient but manageable","1 - cautious",8,1,"0 - Low","1 - Present",3,2,2,1,0,1,0
162,6,42,"Female",2,"1 - Completely Expected","1 - Absolutely Yes","1 - cautious",9,1,"0 - Low","0 - None",1,1,1,1,0,0,0
163,6,42,"Female",3,"1 - Completely Expected","1 - Absolutely Yes","1 - cautious",13,1,"1 - High","0 - None",2,1,1,1,1,0,0
164,6,42,"Female",4,"4 - Somewhat Unexpected","4 - Certainly Not","1 - cautious",6,1,"1 - High","1 - Present",4,4,4,1,1,1,1
165,6,42,"Female",5,"1 - Completely Expected","1 - Absolutely Yes","1 - cautious",9,2,"1 - High","0 - None",2,1,1,1,1,0,0
166,6,42,"Female",6,"1 - Completely Expected","1 - Absolutely Yes","1 - cautious",4,1,"0 - Low","0 - None",1,1,1,1,0,0,0
167,6,42,"Female",7,"1 - Completely Expected","2 - Yes, a bit inconvenient but manageable","1 - cautious",14,1,"0 - Low","0 - None",1,1,2,1,0,0,0
168,6,42,"Female",8,"5 - Very Unexpected","4 - Certainly Not","1 - cautious",5,1,"0 - Low","1 - Present",3,5,4,1,0,1,0
169,6,42,"Female",9,"1 - Completely Expected","1 - Absolutely Yes","1 - cautious",16,1,"1 - High","0 - None",2,1,1,1,1,0,0
170,6,42,"Female",10,"4 - Somewhat Unexpected","2 - Yes, a bit inconvenient but manageable","1 - cautious",7,1,"0 - Low","1 - Present",3,4,2,1,0,1,0
171,6,42,"Female",11,"2 - Somewhat Expected","1 - Absolutely Yes","1 - cautious",10,1,"1 - High","1 - Present",4,2,1,1,1,1,1
172,6,42,"Female",12,"2 - Somewhat Expected","4 - Certainly Not","1 - cautious",11,1,"1 - High","0 - None",2,2,4,1,1,0,0
173,6,42,"Female",13,"2 - Somewhat Expected","1 - Absolutely Yes","1 - cautious",10,2,"1 - High","1 - Present",4,2,1,1,1,1,1
174,6,42,"Female",14,"4 - Somewhat Unexpected","4 - Certainly Not","1 - cautious",3,1,"0 - Low","1 - Present",3,4,4,1,0,1,0
175,6,42,"Female",15,"5 - Very Unexpected","4 - Certainly Not","1 - cautious",14,2,"0 - Low","1 - Present",3,5,4,1,0,1,0
176,6,42,"Female",16,"1 - Completely Expected","2 - Yes, a bit inconvenient but manageable","1 - cautious",2,1,"1 - High","0 - None",2,1,2,1,1,0,0
177,6,42,"Female",17,"5 - Very Unexpected","4 - Certainly Not","1 - cautious",7,2,"1 - High","1 - Present",4,5,4,1,1,1,1
178,6,42,"Female",18,"1 - Completely Expected","2 - Yes, a bit inconvenient but manageable","1 - cautious",4,2,"1 - High","0 - None",2,1,2,1,1,0,0
179,6,42,"Female",19,"1 - Completely Expected","3 - Yes, but would not be feel nice","1 - cautious",15,1,"1 - High","0 - None",2,1,3,1,1,0,0
180,6,42,"Female",20,"1 - Completely Expected","1 - Absolutely Yes","1 - cautious",13,2,"1 - High","0 - None",2,1,1,1,1,0,0
181,6,42,"Female",21,"5 - Very Unexpected","4 - Certainly Not","1 - cautious",5,2,"0 - Low","1 - Present",3,5,4,1,0,1,0
182,6,42,"Female",22,"5 - Very Unexpected","4 - Certainly Not","1 - cautious",8,2,"1 - High","1 - Present",4,5,4,1,1,1,1
183,6,42,"Female",23,"2 - Somewhat Expected","4 - Certainly Not","1 - cautious",11,2,"0 - Low","0 - None",1,2,4,1,0,0,0
184,6,42,"Female",24,"1 - Completely Expected","1 - Absolutely Yes","1 - cautious",6,2,"0 - Low","0 - None",1,1,1,1,0,0,0
185,6,42,"Female",25,"1 - Completely Expected","1 - Absolutely Yes","1 - cautious",1,1,"0 - Low","0 - None",1,1,1,1,0,0,0
186,6,42,"Female",26,"5 - Very Unexpected","4 - Certainly Not","1 - cautious",16,2,"1 - High","1 - Present",4,5,4,1,1,1,1
187,6,42,"Female",27,"4 - Somewhat Unexpected","2 - Yes, a bit inconvenient but manageable","1 - cautious",12,1,"1 - High","1 - Present",4,4,2,1,1,1,1
188,6,42,"Female",28,"2 - Somewhat Expected","3 - Yes, but would not be feel nice","1 - cautious",15,2,"0 - Low","1 - Present",3,2,3,1,0,1,0
189,6,42,"Female",29,"2 - Somewhat Expected","3 - Yes, but would not be feel nice","1 - cautious",12,2,"1 - High","1 - Present",4,2,3,1,1,1,1
190,6,42,"Female",30,"1 - Completely Expected","1 - Absolutely Yes","1 - cautious",2,2,"0 - Low","0 - None",1,1,1,1,0,0,0
191,6,42,"Female",31,"4 - Somewhat Unexpected","4 - Certainly Not","1 - cautious",3,2,"0 - Low","1 - Present",3,4,4,1,0,1,0
192,6,42,"Female",32,"1 - Completely Expected","1 - Absolutely Yes","1 - cautious",1,2,"0 - Low","0 - None",1,1,1,1,0,0,0
193,7,32,"Female",1,"4 - Somewhat Unexpected","2 - Yes, a bit inconvenient but manageable","0 - adventurous",9,1,"0 - Low","1 - Present",3,4,2,0,0,1,0
194,7,32,"Female",2,"5 - Very Unexpected","4 - Certainly Not","0 - adventurous",2,1,"1 - High","1 - Present",4,5,4,0,1,1,1
195,7,32,"Female",3,"2 - Somewhat Expected","2 - Yes, a bit inconvenient but manageable","0 - adventurous",6,1,"0 - Low","1 - Present",3,2,2,0,0,1,0
196,7,32,"Female",4,"1 - Completely Expected","2 - Yes, a bit inconvenient but manageable","0 - adventurous",8,1,"0 - Low","0 - None",1,1,2,0,0,0,0
197,7,32,"Female",5,"4 - Somewhat Unexpected","1 - Absolutely Yes","0 - adventurous",3,1,"0 - Low","1 - Present",3,4,1,0,0,1,0
198,7,32,"Female",6,"4 - Somewhat Unexpected","1 - Absolutely Yes","0 - adventurous",9,2,"1 - High","1 - Present",4,4,1,0,1,1,1
199,7,32,"Female",7,"5 - Very Unexpected","2 - Yes, a bit inconvenient but manageable","0 - adventurous",1,1,"1 - High","1 - Present",4,5,2,0,1,1,1
200,7,32,"Female",8,"1 - Completely Expected","3 - Yes, but would not be feel nice","0 - adventurous",15,1,"1 - High","0 - None",2,1,3,0,1,0,0
201,7,32,"Female",9,"1 - Completely Expected","2 - Yes, a bit inconvenient but manageable","0 - adventurous",5,1,"1 - High","0 - None",2,1,2,0,1,0,0
202,7,32,"Female",10,"4 - Somewhat Unexpected","2 - Yes, a bit inconvenient but manageable","0 - adventurous",8,2,"0 - Low","1 - Present",3,4,2,0,0,1,0
203,7,32,"Female",11,"4 - Somewhat Unexpected","1 - Absolutely Yes","0 - adventurous",7,1,"1 - High","1 - Present",4,4,1,0,1,1,1
204,7,32,"Female",12,"2 - Somewhat Expected","1 - Absolutely Yes","0 - adventurous",14,1,"0 - Low","0 - None",1,2,1,0,0,0,0
205,7,32,"Female",13,"1 - Completely Expected","2 - Yes, a bit inconvenient but manageable","0 - adventurous",5,2,"1 - High","0 - None",2,1,2,0,1,0,0
206,7,32,"Female",14,"2 - Somewhat Expected","1 - Absolutely Yes","0 - adventurous",12,1,"1 - High","1 - Present",4,2,1,0,1,1,1
207,7,32,"Female",15,"1 - Completely Expected","2 - Yes, a bit inconvenient but manageable","0 - adventurous",11,1,"1 - High","0 - None",2,1,2,0,1,0,0
208,7,32,"Female",16,"1 - Completely Expected","1 - Absolutely Yes","0 - adventurous",16,1,"0 - Low","0 - None",1,1,1,0,0,0,0
209,7,32,"Female",17,"1 - Completely Expected","1 - Absolutely Yes","0 - adventurous",2,2,"0 - Low","0 - None",1,1,1,0,0,0,0
210,7,32,"Female",18,"1 - Completely Expected","1 - Absolutely Yes","0 - adventurous",12,2,"1 - High","0 - None",2,1,1,0,1,0,0
211,7,32,"Female",19,"1 - Completely Expected","1 - Absolutely Yes","0 - adventurous",3,2,"0 - Low","0 - None",1,1,1,0,0,0,0
212,7,32,"Female",20,"1 - Completely Expected","1 - Absolutely Yes","0 - adventurous",4,1,"1 - High","0 - None",2,1,1,0,1,0,0
213,7,32,"Female",21,"2 - Somewhat Expected","1 - Absolutely Yes","0 - adventurous",10,1,"0 - Low","0 - None",1,2,1,0,0,0,0
214,7,32,"Female",22,"1 - Completely Expected","1 - Absolutely Yes","0 - adventurous",13,1,"0 - Low","1 - Present",3,1,1,0,0,1,0
215,7,32,"Female",23,"1 - Completely Expected","1 - Absolutely Yes","0 - adventurous",14,2,"1 - High","0 - None",2,1,1,0,1,0,0
216,7,32,"Female",24,"4 - Somewhat Unexpected","2 - Yes, a bit inconvenient but manageable","0 - adventurous",11,2,"0 - Low","1 - Present",3,4,2,0,0,1,0
217,7,32,"Female",25,"4 - Somewhat Unexpected","1 - Absolutely Yes","0 - adventurous",1,2,"0 - Low","1 - Present",3,4,1,0,0,1,0
218,7,32,"Female",26,"1 - Completely Expected","1 - Absolutely Yes","0 - adventurous",13,2,"0 - Low","1 - Present",3,1,1,0,0,1,0
219,7,32,"Female",27,"4 - Somewhat Unexpected","1 - Absolutely Yes","0 - adventurous",4,2,"1 - High","1 - Present",4,4,1,0,1,1,1
220,7,32,"Female",28,"1 - Completely Expected","1 - Absolutely Yes","0 - adventurous",16,2,"1 - High","0 - None",2,1,1,0,1,0,0
221,7,32,"Female",29,"1 - Completely Expected","3 - Yes, but would not be feel nice","0 - adventurous",15,2,"0 - Low","0 - None",1,1,3,0,0,0,0
222,7,32,"Female",30,"2 - Somewhat Expected","1 - Absolutely Yes","0 - adventurous",7,2,"1 - High","1 - Present",4,2,1,0,1,1,1
223,7,32,"Female",31,"4 - Somewhat Unexpected","2 - Yes, a bit inconvenient but manageable","0 - adventurous",10,2,"1 - High","1 - Present",4,4,2,0,1,1,1
224,7,32,"Female",32,"1 - Completely Expected","1 - Absolutely Yes","0 - adventurous",6,2,"0 - Low","0 - None",1,1,1,0,0,0,0
225,8,59,"Female",1,"5 - Very Unexpected","1 - Absolutely Yes","1 - cautious",7,1,"1 - High","1 - Present",4,5,1,1,1,1,1
226,8,59,"Female",2,"5 - Very Unexpected","4 - Certainly Not","1 - cautious",2,1,"0 - Low","1 - Present",3,5,4,1,0,1,0
227,8,59,"Female",3,"5 - Very Unexpected","1 - Absolutely Yes","1 - cautious",9,1,"1 - High","1 - Present",4,5,1,1,1,1,1
228,8,59,"Female",4,"2 - Somewhat Expected","1 - Absolutely Yes","1 - cautious",1,1,"0 - Low","0 - None",1,2,1,1,0,0,0
229,8,59,"Female",5,"5 - Very Unexpected","1 - Absolutely Yes","1 - cautious",8,1,"0 - Low","1 - Present",3,5,1,1,0,1,0
230,8,59,"Female",6,"2 - Somewhat Expected","3 - Yes, but would not be feel nice","1 - cautious",15,1,"0 - Low","0 - None",1,2,3,1,0,0,0
231,8,59,"Female",7,"4 - Somewhat Unexpected","1 - Absolutely Yes","1 - cautious",9,2,"0 - Low","1 - Present",3,4,1,1,0,1,0
232,8,59,"Female",8,"1 - Completely Expected","1 - Absolutely Yes","1 - cautious",4,1,"1 - High","0 - None",2,1,1,1,1,0,0
233,8,59,"Female",9,"1 - Completely Expected","1 - Absolutely Yes","1 - cautious",16,1,"1 - High","0 - None",2,1,1,1,1,0,0
234,8,59,"Female",10,"5 - Very Unexpected","3 - Yes, but would not be feel nice","1 - cautious",15,2,"0 - Low","1 - Present",3,5,3,1,0,1,0
235,8,59,"Female",11,"5 - Very Unexpected","4 - Certainly Not","1 - cautious",2,2,"1 - High","1 - Present",4,5,4,1,1,1,1
236,8,59,"Female",12,"1 - Completely Expected","1 - Absolutely Yes","1 - cautious",5,1,"1 - High","0 - None",2,1,1,1,1,0,0
237,8,59,"Female",13,"5 - Very Unexpected","1 - Absolutely Yes","1 - cautious",10,1,"1 - High","1 - Present",4,5,1,1,1,1,1
238,8,59,"Female",14,"2 - Somewhat Expected","1 - Absolutely Yes","1 - cautious",1,2,"0 - Low","0 - None",1,2,1,1,0,0,0
239,8,59,"Female",15,"1 - Completely Expected","1 - Absolutely Yes","1 - cautious",8,2,"1 - High","0 - None",2,1,1,1,1,0,0
240,8,59,"Female",16,"5 - Very Unexpected","1 - Absolutely Yes","1 - cautious",16,2,"1 - High","1 - Present",4,5,1,1,1,1,1
241,8,59,"Female",17,"1 - Completely Expected","1 - Absolutely Yes","1 - cautious",14,1,"0 - Low","0 - None",1,1,1,1,0,0,0
242,8,59,"Female",18,"1 - Completely Expected","1 - Absolutely Yes","1 - cautious",3,1,"0 - Low","0 - None",1,1,1,1,0,0,0
243,8,59,"Female",19,"4 - Somewhat Unexpected","2 - Yes, a bit inconvenient but manageable","1 - cautious",4,2,"1 - High","1 - Present",4,4,2,1,1,1,1
244,8,59,"Female",20,"1 - Completely Expected","1 - Absolutely Yes","1 - cautious",6,1,"1 - High","0 - None",2,1,1,1,1,0,0
245,8,59,"Female",21,"1 - Completely Expected","1 - Absolutely Yes","1 - cautious",5,2,"1 - High","0 - None",2,1,1,1,1,0,0
246,8,59,"Female",22,"1 - Completely Expected","1 - Absolutely Yes","1 - cautious",13,1,"0 - Low","0 - None",1,1,1,1,0,0,0
247,8,59,"Female",23,"1 - Completely Expected","1 - Absolutely Yes","1 - cautious",14,2,"0 - Low","0 - None",1,1,1,1,0,0,0
248,8,59,"Female",24,"1 - Completely Expected","1 - Absolutely Yes","1 - cautious",3,2,"1 - High","0 - None",2,1,1,1,1,0,0
249,8,59,"Female",25,"5 - Very Unexpected","1 - Absolutely Yes","1 - cautious",7,2,"1 - High","1 - Present",4,5,1,1,1,1,1
250,8,59,"Female",26,"1 - Completely Expected","1 - Absolutely Yes","1 - cautious",12,1,"0 - Low","0 - None",1,1,1,1,0,0,0
251,8,59,"Female",27,"1 - Completely Expected","1 - Absolutely Yes","1 - cautious",6,2,"1 - High","0 - None",2,1,1,1,1,0,0
252,8,59,"Female",28,"4 - Somewhat Unexpected","1 - Absolutely Yes","1 - cautious",13,2,"0 - Low","1 - Present",3,4,1,1,0,1,0
253,8,59,"Female",29,"4 - Somewhat Unexpected","1 - Absolutely Yes","1 - cautious",10,2,"0 - Low","1 - Present",3,4,1,1,0,1,0
254,8,59,"Female",30,"5 - Very Unexpected","1 - Absolutely Yes","1 - cautious",12,2,"0 - Low","1 - Present",3,5,1,1,0,1,0
255,8,59,"Female",31,"5 - Very Unexpected","1 - Absolutely Yes","1 - cautious",11,1,"1 - High","1 - Present",4,5,1,1,1,1,1
256,8,59,"Female",32,"5 - Very Unexpected","1 - Absolutely Yes","1 - cautious",11,2,"0 - Low","1 - Present",3,5,1,1,0,1,0
257,9,50,"Female",1,"2 - Somewhat Expected","2 - Yes, a bit inconvenient but manageable","1 - cautious",4,1,"0 - Low","0 - None",1,2,2,1,0,0,0
258,9,50,"Female",2,"2 - Somewhat Expected","1 - Absolutely Yes","1 - cautious",14,1,"1 - High","1 - Present",4,2,1,1,1,1,1
259,9,50,"Female",3,"2 - Somewhat Expected","2 - Yes, a bit inconvenient but manageable","1 - cautious",4,2,"0 - Low","0 - None",1,2,2,1,0,0,0
260,9,50,"Female",4,"5 - Very Unexpected","1 - Absolutely Yes","1 - cautious",5,1,"0 - Low","1 - Present",3,5,1,1,0,1,0
261,9,50,"Female",5,"1 - Completely Expected","3 - Yes, but would not be feel nice","1 - cautious",3,1,"1 - High","0 - None",2,1,3,1,1,0,0
262,9,50,"Female",6,"5 - Very Unexpected","4 - Certainly Not","1 - cautious",11,1,"1 - High","1 - Present",4,5,4,1,1,1,1
263,9,50,"Female",7,"5 - Very Unexpected","2 - Yes, a bit inconvenient but manageable","1 - cautious",1,1,"1 - High","1 - Present",4,5,2,1,1,1,1
264,9,50,"Female",8,"5 - Very Unexpected","3 - Yes, but would not be feel nice","1 - cautious",10,1,"1 - High","1 - Present",4,5,3,1,1,1,1
265,9,50,"Female",9,"5 - Very Unexpected","2 - Yes, a bit inconvenient but manageable","1 - cautious",13,1,"1 - High","1 - Present",4,5,2,1,1,1,1
266,9,50,"Female",10,"5 - Very Unexpected","1 - Absolutely Yes","1 - cautious",12,1,"0 - Low","1 - Present",3,5,1,1,0,1,0
267,9,50,"Female",11,"3 - Indifferent / Can't Decide","4 - Certainly Not","1 - cautious",9,1,"1 - High","0 - None",2,3,4,1,1,0,0
268,9,50,"Female",12,"5 - Very Unexpected","4 - Certainly Not","1 - cautious",14,2,"0 - Low","0 - None",1,5,4,1,0,0,0
269,9,50,"Female",13,"5 - Very Unexpected","3 - Yes, but would not be feel nice","1 - cautious",2,1,"0 - Low","1 - Present",3,5,3,1,0,1,0
270,9,50,"Female",14,"1 - Completely Expected","1 - Absolutely Yes","1 - cautious",12,2,"0 - Low","0 - None",1,1,1,1,0,0,0
271,9,50,"Female",15,"4 - Somewhat Unexpected","1 - Absolutely Yes","1 - cautious",8,1,"1 - High","1 - Present",4,4,1,1,1,1,1
272,9,50,"Female",16,"5 - Very Unexpected","2 - Yes, a bit inconvenient but manageable","1 - cautious",13,2,"1 - High","1 - Present",4,5,2,1,1,1,1
273,9,50,"Female",17,"3 - Indifferent / Can't Decide","4 - Certainly Not","1 - cautious",9,2,"1 - High","0 - None",2,3,4,1,1,0,0
274,9,50,"Female",18,"1 - Completely Expected","3 - Yes, but would not be feel nice","1 - cautious",10,2,"1 - High","0 - None",2,1,3,1,1,0,0
275,9,50,"Female",19,"2 - Somewhat Expected","2 - Yes, a bit inconvenient but manageable","1 - cautious",15,1,"1 - High","0 - None",2,2,2,1,1,0,0
276,9,50,"Female",20,"5 - Very Unexpected","2 - Yes, a bit inconvenient but manageable","1 - cautious",6,1,"0 - Low","1 - Present",3,5,2,1,0,1,0
277,9,50,"Female",21,"4 - Somewhat Unexpected","2 - Yes, a bit inconvenient but manageable","1 - cautious",6,2,"0 - Low","1 - Present",3,4,2,1,0,1,0
278,9,50,"Female",22,"4 - Somewhat Unexpected","2 - Yes, a bit inconvenient but manageable","1 - cautious",15,2,"0 - Low","1 - Present",3,4,2,1,0,1,0
279,9,50,"Female",23,"1 - Completely Expected","1 - Absolutely Yes","1 - cautious",16,1,"0 - Low","0 - None",1,1,1,1,0,0,0
280,9,50,"Female",24,"1 - Completely Expected","3 - Yes, but would not be feel nice","1 - cautious",7,1,"0 - Low","0 - None",1,1,3,1,0,0,0
281,9,50,"Female",25,"1 - Completely Expected","1 - Absolutely Yes","1 - cautious",8,2,"1 - High","0 - None",2,1,1,1,1,0,0
282,9,50,"Female",26,"5 - Very Unexpected","1 - Absolutely Yes","1 - cautious",3,2,"0 - Low","1 - Present",3,5,1,1,0,1,0
283,9,50,"Female",27,"5 - Very Unexpected","3 - Yes, but would not be feel nice","1 - cautious",2,2,"0 - Low","1 - Present",3,5,3,1,0,1,0
284,9,50,"Female",28,"1 - Completely Expected","3 - Yes, but would not be feel nice","1 - cautious",5,2,"1 - High","0 - None",2,1,3,1,1,0,0
285,9,50,"Female",29,"1 - Completely Expected","3 - Yes, but would not be feel nice","1 - cautious",1,2,"0 - Low","0 - None",1,1,3,1,0,0,0
286,9,50,"Female",30,"1 - Completely Expected","4 - Certainly Not","1 - cautious",11,2,"1 - High","0 - None",2,1,4,1,1,0,0
287,9,50,"Female",31,"5 - Very Unexpected","2 - Yes, a bit inconvenient but manageable","1 - cautious",7,2,"1 - High","1 - Present",4,5,2,1,1,1,1
288,9,50,"Female",32,"1 - Completely Expected","1 - Absolutely Yes","1 - cautious",16,2,"0 - Low","0 - None",1,1,1,1,0,0,0
289,10,49,"Male",1,"5 - Very Unexpected","2 - Yes, a bit inconvenient but manageable","0 - adventurous",3,1,"0 - Low","1 - Present",3,5,2,0,0,1,0
290,10,49,"Male",2,"5 - Very Unexpected","3 - Yes, but would not be feel nice","0 - adventurous",9,1,"0 - Low","1 - Present",3,5,3,0,0,1,0
291,10,49,"Male",3,"4 - Somewhat Unexpected","2 - Yes, a bit inconvenient but manageable","0 - adventurous",11,1,"1 - High","1 - Present",4,4,2,0,1,1,1
292,10,49,"Male",4,"4 - Somewhat Unexpected","4 - Certainly Not","0 - adventurous",15,1,"0 - Low","0 - None",1,4,4,0,0,0,0
293,10,49,"Male",5,"1 - Completely Expected","1 - Absolutely Yes","0 - adventurous",5,1,"0 - Low","0 - None",1,1,1,0,0,0,0
294,10,49,"Male",6,"2 - Somewhat Expected","2 - Yes, a bit inconvenient but manageable","0 - adventurous",5,2,"1 - High","0 - None",2,2,2,0,1,0,0
295,10,49,"Male",7,"4 - Somewhat Unexpected","4 - Certainly Not","0 - adventurous",6,1,"1 - High","1 - Present",4,4,4,0,1,1,1
296,10,49,"Male",8,"1 - Completely Expected","1 - Absolutely Yes","0 - adventurous",13,1,"1 - High","0 - None",2,1,1,0,1,0,0
297,10,49,"Male",9,"4 - Somewhat Unexpected","2 - Yes, a bit inconvenient but manageable","0 - adventurous",11,2,"0 - Low","1 - Present",3,4,2,0,0,1,0
298,10,49,"Male",10,"2 - Somewhat Expected","1 - Absolutely Yes","0 - adventurous",8,1,"1 - High","1 - Present",4,2,1,0,1,1,1
299,10,49,"Male",11,"2 - Somewhat Expected","1 - Absolutely Yes","0 - adventurous",13,2,"0 - Low","1 - Present",3,2,1,0,0,1,0
300,10,49,"Male",12,"2 - Somewhat Expected","2 - Yes, a bit inconvenient but manageable","0 - adventurous",14,1,"1 - High","0 - None",2,2,2,0,1,0,0
301,10,49,"Male",13,"4 - Somewhat Unexpected","3 - Yes, but would not be feel nice","0 - adventurous",14,2,"1 - High","1 - Present",4,4,3,0,1,1,1
302,10,49,"Male",14,"4 - Somewhat Unexpected","4 - Certainly Not","0 - adventurous",9,2,"1 - High","1 - Present",4,4,4,0,1,1,1
303,10,49,"Male",15,"4 - Somewhat Unexpected","3 - Yes, but would not be feel nice","0 - adventurous",7,1,"1 - High","1 - Present",4,4,3,0,1,1,1
304,10,49,"Male",16,"1 - Completely Expected","1 - Absolutely Yes","0 - adventurous",1,1,"0 - Low","0 - None",1,1,1,0,0,0,0
305,10,49,"Male",17,"1 - Completely Expected","1 - Absolutely Yes","0 - adventurous",3,2,"0 - Low","0 - None",1,1,1,0,0,0,0
306,10,49,"Male",18,"2 - Somewhat Expected","1 - Absolutely Yes","0 - adventurous",7,2,"1 - High","0 - None",2,2,1,0,1,0,0
307,10,49,"Male",19,"2 - Somewhat Expected","3 - Yes, but would not be feel nice","0 - adventurous",16,1,"0 - Low","0 - None",1,2,3,0,0,0,0
308,10,49,"Male",20,"2 - Somewhat Expected","1 - Absolutely Yes","0 - adventurous",1,2,"1 - High","0 - None",2,2,1,0,1,0,0
309,10,49,"Male",21,"2 - Somewhat Expected","1 - Absolutely Yes","0 - adventurous",10,1,"0 - Low","1 - Present",3,2,1,0,0,1,0
310,10,49,"Male",22,"2 - Somewhat Expected","1 - Absolutely Yes","0 - adventurous",4,1,"1 - High","1 - Present",4,2,1,0,1,1,1
311,10,49,"Male",23,"2 - Somewhat Expected","1 - Absolutely Yes","0 - adventurous",6,2,"0 - Low","1 - Present",3,2,1,0,0,1,0
312,10,49,"Male",24,"2 - Somewhat Expected","3 - Yes, but would not be feel nice","0 - adventurous",15,2,"0 - Low","0 - None",1,2,3,0,0,0,0
313,10,49,"Male",25,"2 - Somewhat Expected","2 - Yes, a bit inconvenient but manageable","0 - adventurous",16,2,"1 - High","0 - None",2,2,2,0,1,0,0
314,10,49,"Male",26,"4 - Somewhat Unexpected","2 - Yes, a bit inconvenient but manageable","0 - adventurous",12,1,"1 - High","1 - Present",4,4,2,0,1,1,1
315,10,49,"Male",27,"2 - Somewhat Expected","2 - Yes, a bit inconvenient but manageable","0 - adventurous",4,2,"1 - High","0 - None",2,2,2,0,1,0,0
316,10,49,"Male",28,"1 - Completely Expected","1 - Absolutely Yes","0 - adventurous",2,1,"0 - Low","0 - None",1,1,1,0,0,0,0
317,10,49,"Male",29,"2 - Somewhat Expected","1 - Absolutely Yes","0 - adventurous",2,2,"1 - High","0 - None",2,2,1,0,1,0,0
318,10,49,"Male",30,"2 - Somewhat Expected","1 - Absolutely Yes","0 - adventurous",8,2,"0 - Low","0 - None",1,2,1,0,0,0,0
319,10,49,"Male",31,"2 - Somewhat Expected","1 - Absolutely Yes","0 - adventurous",10,2,"0 - Low","1 - Present",3,2,1,0,0,1,0
320,10,49,"Male",32,"2 - Somewhat Expected","1 - Absolutely Yes","0 - adventurous",12,2,"0 - Low","1 - Present",3,2,1,0,0,1,0
321,11,40,"Male",1,"2 - Somewhat Expected","1 - Absolutely Yes","0 - adventurous",6,1,"0 - Low","1 - Present",3,2,1,0,0,1,0
322,11,40,"Male",2,"3 - Indifferent / Can't Decide","2 - Yes, a bit inconvenient but manageable","0 - adventurous",8,1,"0 - Low","0 - None",1,3,2,0,0,0,0
323,11,40,"Male",3,"5 - Very Unexpected","4 - Certainly Not","0 - adventurous",1,1,"1 - High","1 - Present",4,5,4,0,1,1,1
324,11,40,"Male",4,"1 - Completely Expected","2 - Yes, a bit inconvenient but manageable","0 - adventurous",6,2,"1 - High","0 - None",2,1,2,0,1,0,0
325,11,40,"Male",5,"5 - Very Unexpected","3 - Yes, but would not be feel nice","0 - adventurous",11,1,"1 - High","1 - Present",4,5,3,0,1,1,1
326,11,40,"Male",6,"4 - Somewhat Unexpected","2 - Yes, a bit inconvenient but manageable","0 - adventurous",16,1,"0 - Low","1 - Present",3,4,2,0,0,1,0
327,11,40,"Male",7,"1 - Completely Expected","1 - Absolutely Yes","0 - adventurous",14,1,"0 - Low","0 - None",1,1,1,0,0,0,0
328,11,40,"Male",8,"1 - Completely Expected","3 - Yes, but would not be feel nice","0 - adventurous",15,1,"0 - Low","0 - None",1,1,3,0,0,0,0
329,11,40,"Male",9,"1 - Completely Expected","1 - Absolutely Yes","0 - adventurous",9,1,"1 - High","0 - None",2,1,1,0,1,0,0
330,11,40,"Male",10,"5 - Very Unexpected","3 - Yes, but would not be feel nice","0 - adventurous",11,2,"0 - Low","1 - Present",3,5,3,0,0,1,0
331,11,40,"Male",11,"4 - Somewhat Unexpected","4 - Certainly Not","0 - adventurous",9,2,"1 - High","1 - Present",4,4,4,0,1,1,1
332,11,40,"Male",12,"5 - Very Unexpected","4 - Certainly Not","0 - adventurous",2,1,"1 - High","1 - Present",4,5,4,0,1,1,1
333,11,40,"Male",13,"1 - Completely Expected","1 - Absolutely Yes","0 - adventurous",12,1,"1 - High","0 - None",2,1,1,0,1,0,0
334,11,40,"Male",14,"2 - Somewhat Expected","2 - Yes, a bit inconvenient but manageable","0 - adventurous",16,2,"1 - High","0 - None",2,2,2,0,1,0,0
335,11,40,"Male",15,"2 - Somewhat Expected","1 - Absolutely Yes","0 - adventurous",4,1,"1 - High","1 - Present",4,2,1,0,1,1,1
336,11,40,"Male",16,"2 - Somewhat Expected","3 - Yes, but would not be feel nice","0 - adventurous",15,2,"0 - Low","0 - None",1,2,3,0,0,0,0
337,11,40,"Male",17,"1 - Completely Expected","1 - Absolutely Yes","0 - adventurous",1,2,"0 - Low","0 - None",1,1,1,0,0,0,0
338,11,40,"Male",18,"1 - Completely Expected","2 - Yes, a bit inconvenient but manageable","0 - adventurous",4,2,"1 - High","0 - None",2,1,2,0,1,0,0
339,11,40,"Male",19,"2 - Somewhat Expected","1 - Absolutely Yes","0 - adventurous",7,1,"0 - Low","0 - None",1,2,1,0,0,0,0
340,11,40,"Male",20,"5 - Very Unexpected","2 - Yes, a bit inconvenient but manageable","0 - adventurous",12,2,"1 - High","1 - Present",4,5,2,0,1,1,1
341,11,40,"Male",21,"4 - Somewhat Unexpected","1 - Absolutely Yes","0 - adventurous",13,1,"0 - Low","1 - Present",3,4,1,0,0,1,0
342,11,40,"Male",22,"3 - Indifferent / Can't Decide","2 - Yes, a bit inconvenient but manageable","0 - adventurous",3,1,"0 - Low","0 - None",1,3,2,0,0,0,0
343,11,40,"Male",23,"1 - Completely Expected","3 - Yes, but would not be feel nice","0 - adventurous",10,1,"1 - High","0 - None",2,1,3,0,1,0,0
344,11,40,"Male",24,"1 - Completely Expected","2 - Yes, a bit inconvenient but manageable","0 - adventurous",7,2,"1 - High","0 - None",2,1,2,0,1,0,0
345,11,40,"Male",25,"4 - Somewhat Unexpected","2 - Yes, a bit inconvenient but manageable","0 - adventurous",8,2,"1 - High","1 - Present",4,4,2,0,1,1,1
346,11,40,"Male",26,"1 - Completely Expected","1 - Absolutely Yes","0 - adventurous",14,2,"0 - Low","0 - None",1,1,1,0,0,0,0
347,11,40,"Male",27,"3 - Indifferent / Can't Decide","1 - Absolutely Yes","0 - adventurous",10,2,"0 - Low","1 - Present",3,3,1,0,0,1,0
348,11,40,"Male",28,"4 - Somewhat Unexpected","1 - Absolutely Yes","0 - adventurous",3,2,"0 - Low","1 - Present",3,4,1,0,0,1,0
349,11,40,"Male",29,"1 - Completely Expected","2 - Yes, a bit inconvenient but manageable","0 - adventurous",2,2,"1 - High","0 - None",2,1,2,0,1,0,0
350,11,40,"Male",30,"4 - Somewhat Unexpected","1 - Absolutely Yes","0 - adventurous",13,2,"0 - Low","1 - Present",3,4,1,0,0,1,0
351,11,40,"Male",31,"5 - Very Unexpected","3 - Yes, but would not be feel nice","0 - adventurous",5,1,"1 - High","1 - Present",4,5,3,0,1,1,1
352,11,40,"Male",32,"4 - Somewhat Unexpected","2 - Yes, a bit inconvenient but manageable","0 - adventurous",5,2,"0 - Low","1 - Present",3,4,2,0,0,1,0
353,12,39,"Male",1,"4 - Somewhat Unexpected","1 - Absolutely Yes","0 - adventurous",7,1,"0 - Low","1 - Present",3,4,1,0,0,1,0
354,12,39,"Male",2,"5 - Very Unexpected","3 - Yes, but would not be feel nice","0 - adventurous",2,1,"0 - Low","1 - Present",3,5,3,0,0,1,0
355,12,39,"Male",3,"1 - Completely Expected","1 - Absolutely Yes","0 - adventurous",1,1,"1 - High","0 - None",2,1,1,0,1,0,0
356,12,39,"Male",4,"1 - Completely Expected","1 - Absolutely Yes","0 - adventurous",16,1,"0 - Low","0 - None",1,1,1,0,0,0,0
357,12,39,"Male",5,"1 - Completely Expected","1 - Absolutely Yes","0 - adventurous",10,1,"1 - High","0 - None",2,1,1,0,1,0,0
358,12,39,"Male",6,"4 - Somewhat Unexpected","1 - Absolutely Yes","0 - adventurous",4,1,"0 - Low","1 - Present",3,4,1,0,0,1,0
359,12,39,"Male",7,"3 - Indifferent / Can't Decide","1 - Absolutely Yes","0 - adventurous",3,1,"0 - Low","0 - None",1,3,1,0,0,0,0
360,12,39,"Male",8,"1 - Completely Expected","1 - Absolutely Yes","0 - adventurous",9,1,"1 - High","1 - Present",4,1,1,0,1,1,1
361,12,39,"Male",9,"4 - Somewhat Unexpected","1 - Absolutely Yes","0 - adventurous",8,1,"1 - High","1 - Present",4,4,1,0,1,1,1
362,12,39,"Male",10,"1 - Completely Expected","1 - Absolutely Yes","0 - adventurous",7,2,"0 - Low","0 - None",1,1,1,0,0,0,0
363,12,39,"Male",11,"1 - Completely Expected","1 - Absolutely Yes","0 - adventurous",9,2,"1 - High","0 - None",2,1,1,0,1,0,0
364,12,39,"Male",12,"4 - Somewhat Unexpected","1 - Absolutely Yes","0 - adventurous",6,1,"0 - Low","1 - Present",3,4,1,0,0,1,0
365,12,39,"Male",13,"2 - Somewhat Expected","1 - Absolutely Yes","0 - adventurous",14,1,"1 - High","1 - Present",4,2,1,0,1,1,1
366,12,39,"Male",14,"5 - Very Unexpected","2 - Yes, a bit inconvenient but manageable","0 - adventurous",10,2,"1 - High","1 - Present",4,5,2,0,1,1,1
367,12,39,"Male",15,"4 - Somewhat Unexpected","1 - Absolutely Yes","0 - adventurous",16,2,"0 - Low","1 - Present",3,4,1,0,0,1,0
368,12,39,"Male",16,"1 - Completely Expected","1 - Absolutely Yes","0 - adventurous",2,2,"0 - Low","0 - None",1,1,1,0,0,0,0
369,12,39,"Male",17,"1 - Completely Expected","1 - Absolutely Yes","0 - adventurous",12,1,"1 - High","0 - None",2,1,1,0,1,0,0
370,12,39,"Male",18,"5 - Very Unexpected","1 - Absolutely Yes","0 - adventurous",5,1,"0 - Low","1 - Present",3,5,1,0,0,1,0
371,12,39,"Male",19,"1 - Completely Expected","1 - Absolutely Yes","0 - adventurous",1,2,"1 - High","0 - None",2,1,1,0,1,0,0
372,12,39,"Male",20,"5 - Very Unexpected","1 - Absolutely Yes","0 - adventurous",12,2,"1 - High","1 - Present",4,5,1,0,1,1,1
373,12,39,"Male",21,"5 - Very Unexpected","3 - Yes, but would not be feel nice","0 - adventurous",11,1,"1 - High","1 - Present",4,5,3,0,1,1,1
374,12,39,"Male",22,"4 - Somewhat Unexpected","2 - Yes, a bit inconvenient but manageable","0 - adventurous",11,2,"0 - Low","0 - None",1,4,2,0,0,0,0
375,12,39,"Male",23,"1 - Completely Expected","1 - Absolutely Yes","0 - adventurous",13,1,"1 - High","0 - None",2,1,1,0,1,0,0
376,12,39,"Male",24,"1 - Completely Expected","1 - Absolutely Yes","0 - adventurous",6,2,"0 - Low","0 - None",1,1,1,0,0,0,0
377,12,39,"Male",25,"4 - Somewhat Unexpected","1 - Absolutely Yes","0 - adventurous",5,2,"0 - Low","1 - Present",3,4,1,0,0,1,0
378,12,39,"Male",26,"3 - Indifferent / Can't Decide","1 - Absolutely Yes","0 - adventurous",14,2,"1 - High","1 - Present",4,3,1,0,1,1,1
379,12,39,"Male",27,"1 - Completely Expected","1 - Absolutely Yes","0 - adventurous",8,2,"1 - High","0 - None",2,1,1,0,1,0,0
380,12,39,"Male",28,"5 - Very Unexpected","2 - Yes, a bit inconvenient but manageable","0 - adventurous",3,2,"1 - High","1 - Present",4,5,2,0,1,1,1
381,12,39,"Male",29,"4 - Somewhat Unexpected","1 - Absolutely Yes","0 - adventurous",4,2,"0 - Low","1 - Present",3,4,1,0,0,1,0
382,12,39,"Male",30,"1 - Completely Expected","1 - Absolutely Yes","0 - adventurous",13,2,"1 - High","0 - None",2,1,1,0,1,0,0
383,12,39,"Male",31,"1 - Completely Expected","3 - Yes, but would not be feel nice","0 - adventurous",15,1,"0 - Low","0 - None",1,1,3,0,0,0,0
384,12,39,"Male",32,"1 - Completely Expected","3 - Yes, but would not be feel nice","0 - adventurous",15,2,"0 - Low","0 - None",1,1,3,0,0,0,0
385,13,58,"Female",1,"4 - Somewhat Unexpected","3 - Yes, but would not be feel nice","0 - adventurous",11,1,"1 - High","1 - Present",4,4,3,0,1,1,1
386,13,58,"Female",2,"5 - Very Unexpected","4 - Certainly Not","0 - adventurous",1,1,"1 - High","1 - Present",4,5,4,0,1,1,1
387,13,58,"Female",3,"5 - Very Unexpected","4 - Certainly Not","0 - adventurous",15,1,"0 - Low","1 - Present",3,5,4,0,0,1,0
388,13,58,"Female",4,"2 - Somewhat Expected","3 - Yes, but would not be feel nice","0 - adventurous",3,1,"0 - Low","0 - None",1,2,3,0,0,0,0
389,13,58,"Female",5,"5 - Very Unexpected","4 - Certainly Not","0 - adventurous",15,2,"0 - Low","1 - Present",3,5,4,0,0,1,0
390,13,58,"Female",6,"5 - Very Unexpected","2 - Yes, a bit inconvenient but manageable","0 - adventurous",13,1,"0 - Low","1 - Present",3,5,2,0,0,1,0
391,13,58,"Female",7,"2 - Somewhat Expected","1 - Absolutely Yes","0 - adventurous",16,1,"0 - Low","0 - None",1,2,1,0,0,0,0
392,13,58,"Female",8,"1 - Completely Expected","1 - Absolutely Yes","0 - adventurous",6,1,"1 - High","0 - None",2,1,1,0,1,0,0
393,13,58,"Female",9,"5 - Very Unexpected","4 - Certainly Not","0 - adventurous",14,1,"0 - Low","1 - Present",3,5,4,0,0,1,0
394,13,58,"Female",10,"5 - Very Unexpected","2 - Yes, a bit inconvenient but manageable","0 - adventurous",10,1,"1 - High","1 - Present",4,5,2,0,1,1,1
395,13,58,"Female",11,"1 - Completely Expected","1 - Absolutely Yes","0 - adventurous",3,2,"1 - High","0 - None",2,1,1,0,1,0,0
396,13,58,"Female",12,"5 - Very Unexpected","2 - Yes, a bit inconvenient but manageable","0 - adventurous",16,2,"0 - Low","1 - Present",3,5,2,0,0,1,0
397,13,58,"Female",13,"2 - Somewhat Expected","1 - Absolutely Yes","0 - adventurous",4,1,"1 - High","1 - Present",4,2,1,0,1,1,1
398,13,58,"Female",14,"2 - Somewhat Expected","1 - Absolutely Yes","0 - adventurous",5,1,"0 - Low","0 - None",1,2,1,0,0,0,0
399,13,58,"Female",15,"5 - Very Unexpected","4 - Certainly Not","0 - adventurous",2,1,"0 - Low","1 - Present",3,5,4,0,0,1,0
400,13,58,"Female",16,"4 - Somewhat Unexpected","2 - Yes, a bit inconvenient but manageable","0 - adventurous",7,1,"1 - High","1 - Present",4,4,2,0,1,1,1
401,13,58,"Female",17,"3 - Indifferent / Can't Decide","2 - Yes, a bit inconvenient but manageable","0 - adventurous",13,2,"0 - Low","0 - None",1,3,2,0,0,0,0
402,13,58,"Female",18,"1 - Completely Expected","1 - Absolutely Yes","0 - adventurous",8,1,"1 - High","0 - None",2,1,1,0,1,0,0
403,13,58,"Female",19,"2 - Somewhat Expected","3 - Yes, but would not be feel nice","0 - adventurous",7,2,"1 - High","0 - None",2,2,3,0,1,0,0
404,13,58,"Female",20,"1 - Completely Expected","1 - Absolutely Yes","0 - adventurous",6,2,"1 - High","0 - None",2,1,1,0,1,0,0
405,13,58,"Female",21,"1 - Completely Expected","1 - Absolutely Yes","0 - adventurous",9,1,"0 - Low","0 - None",1,1,1,0,0,0,0
406,13,58,"Female",22,"5 - Very Unexpected","3 - Yes, but would not be feel nice","0 - adventurous",11,2,"1 - High","1 - Present",4,5,3,0,1,1,1
407,13,58,"Female",23,"4 - Somewhat Unexpected","2 - Yes, a bit inconvenient but manageable","0 - adventurous",10,2,"1 - High","1 - Present",4,4,2,0,1,1,1
408,13,58,"Female",24,"5 - Very Unexpected","4 - Certainly Not","0 - adventurous",1,2,"1 - High","1 - Present",4,5,4,0,1,1,1
409,13,58,"Female",25,"1 - Completely Expected","1 - Absolutely Yes","0 - adventurous",4,2,"1 - High","0 - None",2,1,1,0,1,0,0
410,13,58,"Female",26,"1 - Completely Expected","1 - Absolutely Yes","0 - adventurous",12,1,"1 - High","0 - None",2,1,1,0,1,0,0
411,13,58,"Female",27,"5 - Very Unexpected","1 - Absolutely Yes","0 - adventurous",12,2,"0 - Low","1 - Present",3,5,1,0,0,1,0
412,13,58,"Female",28,"1 - Completely Expected","1 - Absolutely Yes","0 - adventurous",14,2,"0 - Low","0 - None",1,1,1,0,0,0,0
413,13,58,"Female",29,"1 - Completely Expected","1 - Absolutely Yes","0 - adventurous",5,2,"1 - High","0 - None",2,1,1,0,1,0,0
414,13,58,"Female",30,"1 - Completely Expected","1 - Absolutely Yes","0 - adventurous",2,2,"0 - Low","0 - None",1,1,1,0,0,0,0
415,13,58,"Female",31,"5 - Very Unexpected","4 - Certainly Not","0 - adventurous",8,2,"0 - Low","1 - Present",3,5,4,0,0,1,0
416,13,58,"Female",32,"1 - Completely Expected","1 - Absolutely Yes","0 - adventurous",9,2,"0 - Low","0 - None",1,1,1,0,0,0,0
417,14,43,"Female",1,"1 - Completely Expected","1 - Absolutely Yes","1 - cautious",7,1,"1 - High","0 - None",2,1,1,1,1,0,0
418,14,43,"Female",2,"5 - Very Unexpected","4 - Certainly Not","1 - cautious",6,1,"1 - High","1 - Present",4,5,4,1,1,1,1
419,14,43,"Female",3,"4 - Somewhat Unexpected","1 - Absolutely Yes","1 - cautious",8,1,"0 - Low","1 - Present",3,4,1,1,0,1,0
420,14,43,"Female",4,"1 - Completely Expected","1 - Absolutely Yes","1 - cautious",14,1,"0 - Low","0 - None",1,1,1,1,0,0,0
421,14,43,"Female",5,"5 - Very Unexpected","3 - Yes, but would not be feel nice","1 - cautious",15,1,"0 - Low","1 - Present",3,5,3,1,0,1,0
422,14,43,"Female",6,"1 - Completely Expected","1 - Absolutely Yes","1 - cautious",16,1,"0 - Low","0 - None",1,1,1,1,0,0,0
423,14,43,"Female",7,"1 - Completely Expected","1 - Absolutely Yes","1 - cautious",1,1,"1 - High","0 - None",2,1,1,1,1,0,0
424,14,43,"Female",8,"5 - Very Unexpected","2 - Yes, a bit inconvenient but manageable","1 - cautious",3,1,"1 - High","1 - Present",4,5,2,1,1,1,1
425,14,43,"Female",9,"5 - Very Unexpected","1 - Absolutely Yes","1 - cautious",5,1,"0 - Low","1 - Present",3,5,1,1,0,1,0
426,14,43,"Female",10,"4 - Somewhat Unexpected","1 - Absolutely Yes","1 - cautious",12,1,"1 - High","1 - Present",4,4,1,1,1,1,1
427,14,43,"Female",11,"5 - Very Unexpected","4 - Certainly Not","1 - cautious",2,1,"1 - High","1 - Present",4,5,4,1,1,1,1
428,14,43,"Female",12,"1 - Completely Expected","1 - Absolutely Yes","1 - cautious",8,2,"1 - High","0 - None",2,1,1,1,1,0,0
429,14,43,"Female",13,"5 - Very Unexpected","4 - Certainly Not","1 - cautious",11,1,"1 - High","1 - Present",4,5,4,1,1,1,1
430,14,43,"Female",14,"4 - Somewhat Unexpected","2 - Yes, a bit inconvenient but manageable","1 - cautious",1,2,"0 - Low","1 - Present",3,4,2,1,0,1,0
431,14,43,"Female",15,"1 - Completely Expected","1 - Absolutely Yes","1 - cautious",4,1,"0 - Low","0 - None",1,1,1,1,0,0,0
432,14,43,"Female",16,"2 - Somewhat Expected","2 - Yes, a bit inconvenient but manageable","1 - cautious",9,1,"1 - High","0 - None",2,2,2,1,1,0,0
433,14,43,"Female",17,"1 - Completely Expected","1 - Absolutely Yes","1 - cautious",13,1,"0 - Low","0 - None",1,1,1,1,0,0,0
434,14,43,"Female",18,"5 - Very Unexpected","3 - Yes, but would not be feel nice","1 - cautious",3,2,"0 - Low","1 - Present",3,5,3,1,0,1,0
435,14,43,"Female",19,"5 - Very Unexpected","4 - Certainly Not","1 - cautious",14,2,"1 - High","1 - Present",4,5,4,1,1,1,1
436,14,43,"Female",20,"5 - Very Unexpected","4 - Certainly Not","1 - cautious",11,2,"1 - High","1 - Present",4,5,4,1,1,1,1
437,14,43,"Female",21,"1 - Completely Expected","1 - Absolutely Yes","1 - cautious",13,2,"0 - Low","0 - None",1,1,1,1,0,0,0
438,14,43,"Female",22,"2 - Somewhat Expected","3 - Yes, but would not be feel nice","1 - cautious",15,2,"1 - High","0 - None",2,2,3,1,1,0,0
439,14,43,"Female",23,"5 - Very Unexpected","3 - Yes, but would not be feel nice","1 - cautious",16,2,"0 - Low","1 - Present",3,5,3,1,0,1,0
440,14,43,"Female",24,"1 - Completely Expected","1 - Absolutely Yes","1 - cautious",2,2,"0 - Low","0 - None",1,1,1,1,0,0,0
441,14,43,"Female",25,"5 - Very Unexpected","4 - Certainly Not","1 - cautious",9,2,"1 - High","1 - Present",4,5,4,1,1,1,1
442,14,43,"Female",26,"4 - Somewhat Unexpected","1 - Absolutely Yes","1 - cautious",4,2,"0 - Low","1 - Present",3,4,1,1,0,1,0
443,14,43,"Female",27,"1 - Completely Expected","1 - Absolutely Yes","1 - cautious",6,2,"0 - Low","0 - None",1,1,1,1,0,0,0
444,14,43,"Female",28,"1 - Completely Expected","1 - Absolutely Yes","1 - cautious",7,2,"1 - High","0 - None",2,1,1,1,1,0,0
445,14,43,"Female",29,"1 - Completely Expected","1 - Absolutely Yes","1 - cautious",10,1,"1 - High","0 - None",2,1,1,1,1,0,0
446,14,43,"Female",30,"1 - Completely Expected","1 - Absolutely Yes","1 - cautious",5,2,"0 - Low","0 - None",1,1,1,1,0,0,0
447,14,43,"Female",31,"1 - Completely Expected","1 - Absolutely Yes","1 - cautious",12,2,"1 - High","0 - None",2,1,1,1,1,0,0
448,14,43,"Female",32,"4 - Somewhat Unexpected","2 - Yes, a bit inconvenient but manageable","1 - cautious",10,2,"0 - Low","1 - Present",3,4,2,1,0,1,0
449,15,31,"Female",1,"4 - Somewhat Unexpected","3 - Yes, but would not be feel nice","1 - cautious",7,1,"1 - High","1 - Present",4,4,3,1,1,1,1
450,15,31,"Female",2,"1 - Completely Expected","1 - Absolutely Yes","1 - cautious",14,1,"1 - High","1 - Present",4,1,1,1,1,1,1
451,15,31,"Female",3,"1 - Completely Expected","1 - Absolutely Yes","1 - cautious",16,1,"1 - High","1 - Present",4,1,1,1,1,1,1
452,15,31,"Female",4,"5 - Very Unexpected","4 - Certainly Not","1 - cautious",11,1,"1 - High","1 - Present",4,5,4,1,1,1,1
453,15,31,"Female",5,"2 - Somewhat Expected","1 - Absolutely Yes","1 - cautious",6,1,"0 - Low","1 - Present",3,2,1,1,0,1,0
454,15,31,"Female",6,"2 - Somewhat Expected","1 - Absolutely Yes","1 - cautious",4,1,"1 - High","0 - None",2,2,1,1,1,0,0
455,15,31,"Female",7,"4 - Somewhat Unexpected","2 - Yes, a bit inconvenient but manageable","1 - cautious",10,1,"1 - High","1 - Present",4,4,2,1,1,1,1
456,15,31,"Female",8,"1 - Completely Expected","3 - Yes, but would not be feel nice","1 - cautious",12,1,"1 - High","1 - Present",4,1,3,1,1,1,1
457,15,31,"Female",9,"5 - Very Unexpected","2 - Yes, a bit inconvenient but manageable","1 - cautious",9,1,"1 - High","0 - None",2,5,2,1,1,0,0
458,15,31,"Female",10,"2 - Somewhat Expected","3 - Yes, but would not be feel nice","1 - cautious",8,1,"1 - High","0 - None",2,2,3,1,1,0,0
459,15,31,"Female",11,"1 - Completely Expected","3 - Yes, but would not be feel nice","1 - cautious",13,1,"0 - Low","0 - None",1,1,3,1,0,0,0
460,15,31,"Female",12,"4 - Somewhat Unexpected","2 - Yes, a bit inconvenient but manageable","1 - cautious",12,2,"0 - Low","1 - Present",3,4,2,1,0,1,0
461,15,31,"Female",13,"2 - Somewhat Expected","3 - Yes, but would not be feel nice","1 - cautious",7,2,"1 - High","0 - None",2,2,3,1,1,0,0
462,15,31,"Female",14,"1 - Completely Expected","1 - Absolutely Yes","1 - cautious",4,2,"1 - High","0 - None",2,1,1,1,1,0,0
463,15,31,"Female",15,"4 - Somewhat Unexpected","2 - Yes, a bit inconvenient but manageable","1 - cautious",15,1,"0 - Low","1 - Present",3,4,2,1,0,1,0
464,15,31,"Female",16,"5 - Very Unexpected","4 - Certainly Not","1 - cautious",2,1,"0 - Low","1 - Present",3,5,4,1,0,1,0
465,15,31,"Female",17,"1 - Completely Expected","1 - Absolutely Yes","1 - cautious",8,2,"0 - Low","0 - None",1,1,1,1,0,0,0
466,15,31,"Female",18,"1 - Completely Expected","1 - Absolutely Yes","1 - cautious",2,2,"1 - High","0 - None",2,1,1,1,1,0,0
467,15,31,"Female",19,"4 - Somewhat Unexpected","2 - Yes, a bit inconvenient but manageable","1 - cautious",1,1,"0 - Low","1 - Present",3,4,2,1,0,1,0
468,15,31,"Female",20,"4 - Somewhat Unexpected","2 - Yes, a bit inconvenient but manageable","1 - cautious",6,2,"0 - Low","0 - None",1,4,2,1,0,0,0
469,15,31,"Female",21,"1 - Completely Expected","1 - Absolutely Yes","1 - cautious",15,2,"1 - High","0 - None",2,1,1,1,1,0,0
470,15,31,"Female",22,"1 - Completely Expected","1 - Absolutely Yes","1 - cautious",16,2,"0 - Low","0 - None",1,1,1,1,0,0,0
471,15,31,"Female",23,"1 - Completely Expected","1 - Absolutely Yes","1 - cautious",3,1,"0 - Low","1 - Present",3,1,1,1,0,1,0
472,15,31,"Female",24,"5 - Very Unexpected","4 - Certainly Not","1 - cautious",5,1,"1 - High","1 - Present",4,5,4,1,1,1,1
473,15,31,"Female",25,"1 - Completely Expected","1 - Absolutely Yes","1 - cautious",1,2,"0 - Low","0 - None",1,1,1,1,0,0,0
474,15,31,"Female",26,"1 - Completely Expected","1 - Absolutely Yes","1 - cautious",14,2,"1 - High","0 - None",2,1,1,1,1,0,0
475,15,31,"Female",27,"1 - Completely Expected","1 - Absolutely Yes","1 - cautious",3,2,"0 - Low","0 - None",1,1,1,1,0,0,0
476,15,31,"Female",28,"1 - Completely Expected","1 - Absolutely Yes","1 - cautious",11,2,"1 - High","1 - Present",4,1,1,1,1,1,1
477,15,31,"Female",29,"4 - Somewhat Unexpected","3 - Yes, but would not be feel nice","1 - cautious",13,2,"0 - Low","1 - Present",3,4,3,1,0,1,0
478,15,31,"Female",30,"1 - Completely Expected","1 - Absolutely Yes","1 - cautious",5,2,"0 - Low","0 - None",1,1,1,1,0,0,0
479,15,31,"Female",31,"1 - Completely Expected","1 - Absolutely Yes","1 - cautious",10,2,"0 - Low","1 - Present",3,1,1,1,0,1,0
480,15,31,"Female",32,"1 - Completely Expected","1 - Absolutely Yes","1 - cautious",9,2,"0 - Low","0 - None",1,1,1,1,0,0,0
481,16,22,"Female",1,"2 - Somewhat Expected","2 - Yes, a bit inconvenient but manageable","1 - cautious",9,1,"1 - High","0 - None",2,2,2,1,1,0,0
482,16,22,"Female",2,"1 - Completely Expected","1 - Absolutely Yes","1 - cautious",10,1,"0 - Low","0 - None",1,1,1,1,0,0,0
483,16,22,"Female",3,"2 - Somewhat Expected","4 - Certainly Not","1 - cautious",13,1,"0 - Low","0 - None",1,2,4,1,0,0,0
484,16,22,"Female",4,"2 - Somewhat Expected","3 - Yes, but would not be feel nice","1 - cautious",6,1,"0 - Low","0 - None",1,2,3,1,0,0,0
485,16,22,"Female",5,"2 - Somewhat Expected","1 - Absolutely Yes","1 - cautious",3,1,"0 - Low","0 - None",1,2,1,1,0,0,0
486,16,22,"Female",6,"2 - Somewhat Expected","1 - Absolutely Yes","1 - cautious",2,1,"0 - Low","0 - None",1,2,1,1,0,0,0
487,16,22,"Female",7,"5 - Very Unexpected","4 - Certainly Not","1 - cautious",3,2,"1 - High","1 - Present",4,5,4,1,1,1,1
488,16,22,"Female",8,"1 - Completely Expected","3 - Yes, but would not be feel nice","1 - cautious",5,1,"1 - High","0 - None",2,1,3,1,1,0,0
489,16,22,"Female",9,"2 - Somewhat Expected","4 - Certainly Not","1 - cautious",6,2,"0 - Low","1 - Present",3,2,4,1,0,1,0
490,16,22,"Female",10,"1 - Completely Expected","1 - Absolutely Yes","1 - cautious",4,1,"1 - High","0 - None",2,1,1,1,1,0,0
491,16,22,"Female",11,"5 - Very Unexpected","4 - Certainly Not","1 - cautious",15,1,"1 - High","1 - Present",4,5,4,1,1,1,1
492,16,22,"Female",12,"5 - Very Unexpected","4 - Certainly Not","1 - cautious",12,1,"0 - Low","1 - Present",3,5,4,1,0,1,0
493,16,22,"Female",13,"1 - Completely Expected","1 - Absolutely Yes","1 - cautious",10,2,"1 - High","0 - None",2,1,1,1,1,0,0
494,16,22,"Female",14,"1 - Completely Expected","1 - Absolutely Yes","1 - cautious",8,1,"1 - High","0 - None",2,1,1,1,1,0,0
495,16,22,"Female",15,"4 - Somewhat Unexpected","2 - Yes, a bit inconvenient but manageable","1 - cautious",1,1,"0 - Low","1 - Present",3,4,2,1,0,1,0
496,16,22,"Female",16,"5 - Very Unexpected","4 - Certainly Not","1 - cautious",14,1,"0 - Low","1 - Present",3,5,4,1,0,1,0
497,16,22,"Female",17,"4 - Somewhat Unexpected","3 - Yes, but would not be feel nice","1 - cautious",7,1,"0 - Low","0 - None",1,4,3,1,0,0,0
498,16,22,"Female",18,"4 - Somewhat Unexpected","3 - Yes, but would not be feel nice","1 - cautious",16,1,"0 - Low","1 - Present",3,4,3,1,0,1,0
499,16,22,"Female",19,"1 - Completely Expected","1 - Absolutely Yes","1 - cautious",16,2,"0 - Low","0 - None",1,1,1,1,0,0,0
500,16,22,"Female",20,"5 - Very Unexpected","4 - Certainly Not","1 - cautious",14,2,"0 - Low","1 - Present",3,5,4,1,0,1,0
501,16,22,"Female",21,"5 - Very Unexpected","4 - Certainly Not","1 - cautious",12,2,"0 - Low","1 - Present",3,5,4,1,0,1,0
502,16,22,"Female",22,"2 - Somewhat Expected","1 - Absolutely Yes","1 - cautious",2,2,"1 - High","0 - None",2,2,1,1,1,0,0
503,16,22,"Female",23,"4 - Somewhat Unexpected","4 - Certainly Not","1 - cautious",11,1,"1 - High","1 - Present",4,4,4,1,1,1,1
504,16,22,"Female",24,"5 - Very Unexpected","4 - Certainly Not","1 - cautious",8,2,"1 - High","1 - Present",4,5,4,1,1,1,1
505,16,22,"Female",25,"5 - Very Unexpected","4 - Certainly Not","1 - cautious",15,2,"1 - High","1 - Present",4,5,4,1,1,1,1
506,16,22,"Female",26,"5 - Very Unexpected","4 - Certainly Not","1 - cautious",13,2,"1 - High","1 - Present",4,5,4,1,1,1,1
507,16,22,"Female",27,"1 - Completely Expected","3 - Yes, but would not be feel nice","1 - cautious",5,2,"1 - High","0 - None",2,1,3,1,1,0,0
508,16,22,"Female",28,"4 - Somewhat Unexpected","4 - Certainly Not","1 - cautious",7,2,"1 - High","1 - Present",4,4,4,1,1,1,1
509,16,22,"Female",29,"4 - Somewhat Unexpected","3 - Yes, but would not be feel nice","1 - cautious",1,2,"0 - Low","1 - Present",3,4,3,1,0,1,0
510,16,22,"Female",30,"2 - Somewhat Expected","3 - Yes, but would not be feel nice","1 - cautious",9,2,"1 - High","0 - None",2,2,3,1,1,0,0
511,16,22,"Female",31,"5 - Very Unexpected","4 - Certainly Not","1 - cautious",11,2,"1 - High","1 - Present",4,5,4,1,1,1,1
512,16,22,"Female",32,"2 - Somewhat Expected","1 - Absolutely Yes","1 - cautious",4,2,"0 - Low","0 - None",1,2,1,1,0,0,0
513,17,64,"Male",1,"1 - Completely Expected","1 - Absolutely Yes","0 - adventurous",6,1,"1 - High","0 - None",2,1,1,0,1,0,0
514,17,64,"Male",2,"2 - Somewhat Expected","1 - Absolutely Yes","0 - adventurous",8,1,"0 - Low","0 - None",1,2,1,0,0,0,0
515,17,64,"Male",3,"4 - Somewhat Unexpected","1 - Absolutely Yes","0 - adventurous",10,1,"0 - Low","1 - Present",3,4,1,0,0,1,0
516,17,64,"Male",4,"4 - Somewhat Unexpected","2 - Yes, a bit inconvenient but manageable","0 - adventurous",15,1,"0 - Low","1 - Present",3,4,2,0,0,1,0
517,17,64,"Male",5,"1 - Completely Expected","1 - Absolutely Yes","0 - adventurous",1,1,"1 - High","0 - None",2,1,1,0,1,0,0
518,17,64,"Male",6,"1 - Completely Expected","3 - Yes, but would not be feel nice","0 - adventurous",16,1,"0 - Low","0 - None",1,1,3,0,0,0,0
519,17,64,"Male",7,"1 - Completely Expected","1 - Absolutely Yes","0 - adventurous",5,1,"1 - High","0 - None",2,1,1,0,1,0,0
520,17,64,"Male",8,"5 - Very Unexpected","2 - Yes, a bit inconvenient but manageable","0 - adventurous",14,1,"1 - High","1 - Present",4,5,2,0,1,1,1
521,17,64,"Male",9,"2 - Somewhat Expected","1 - Absolutely Yes","0 - adventurous",1,2,"0 - Low","0 - None",1,2,1,0,0,0,0
522,17,64,"Male",10,"1 - Completely Expected","1 - Absolutely Yes","0 - adventurous",4,1,"0 - Low","0 - None",1,1,1,0,0,0,0
523,17,64,"Male",11,"1 - Completely Expected","1 - Absolutely Yes","0 - adventurous",11,1,"1 - High","0 - None",2,1,1,0,1,0,0
524,17,64,"Male",12,"4 - Somewhat Unexpected","1 - Absolutely Yes","0 - adventurous",10,2,"0 - Low","1 - Present",3,4,1,0,0,1,0
525,17,64,"Male",13,"5 - Very Unexpected","1 - Absolutely Yes","0 - adventurous",4,2,"1 - High","1 - Present",4,5,1,0,1,1,1
526,17,64,"Male",14,"4 - Somewhat Unexpected","1 - Absolutely Yes","0 - adventurous",14,2,"0 - Low","1 - Present",3,4,1,0,0,1,0
527,17,64,"Male",15,"1 - Completely Expected","1 - Absolutely Yes","0 - adventurous",13,1,"1 - High","0 - None",2,1,1,0,1,0,0
528,17,64,"Male",16,"4 - Somewhat Unexpected","1 - Absolutely Yes","0 - adventurous",3,1,"0 - Low","1 - Present",3,4,1,0,0,1,0
529,17,64,"Male",17,"1 - Completely Expected","1 - Absolutely Yes","0 - adventurous",13,2,"1 - High","0 - None",2,1,1,0,1,0,0
530,17,64,"Male",18,"4 - Somewhat Unexpected","1 - Absolutely Yes","0 - adventurous",3,2,"0 - Low","1 - Present",3,4,1,0,0,1,0
531,17,64,"Male",19,"1 - Completely Expected","1 - Absolutely Yes","0 - adventurous",12,1,"0 - Low","0 - None",1,1,1,0,0,0,0
532,17,64,"Male",20,"5 - Very Unexpected","1 - Absolutely Yes","0 - adventurous",2,1,"1 - High","1 - Present",4,5,1,0,1,1,1
533,17,64,"Male",21,"1 - Completely Expected","1 - Absolutely Yes","0 - adventurous",12,2,"0 - Low","0 - None",1,1,1,0,0,0,0
534,17,64,"Male",22,"4 - Somewhat Unexpected","1 - Absolutely Yes","0 - adventurous",7,1,"0 - Low","1 - Present",3,4,1,0,0,1,0
535,17,64,"Male",23,"5 - Very Unexpected","2 - Yes, a bit inconvenient but manageable","0 - adventurous",11,2,"1 - High","1 - Present",4,5,2,0,1,1,1
536,17,64,"Male",24,"4 - Somewhat Unexpected","4 - Certainly Not","0 - adventurous",6,2,"1 - High","1 - Present",4,4,4,0,1,1,1
537,17,64,"Male",25,"4 - Somewhat Unexpected","1 - Absolutely Yes","0 - adventurous",9,1,"1 - High","1 - Present",4,4,1,0,1,1,1
538,17,64,"Male",26,"1 - Completely Expected","3 - Yes, but would not be feel nice","0 - adventurous",16,2,"1 - High","0 - None",2,1,3,0,1,0,0
539,17,64,"Male",27,"2 - Somewhat Expected","1 - Absolutely Yes","0 - adventurous",15,2,"0 - Low","0 - None",1,2,1,0,0,0,0
540,17,64,"Male",28,"4 - Somewhat Unexpected","1 - Absolutely Yes","0 - adventurous",2,2,"1 - High","1 - Present",4,4,1,0,1,1,1
541,17,64,"Male",29,"2 - Somewhat Expected","1 - Absolutely Yes","0 - adventurous",8,2,"1 - High","1 - Present",4,2,1,0,1,1,1
542,17,64,"Male",30,"1 - Completely Expected","1 - Absolutely Yes","0 - adventurous",7,2,"0 - Low","0 - None",1,1,1,0,0,0,0
543,17,64,"Male",31,"1 - Completely Expected","1 - Absolutely Yes","0 - adventurous",5,2,"1 - High","0 - None",2,1,1,0,1,0,0
544,17,64,"Male",32,"2 - Somewhat Expected","2 - Yes, a bit inconvenient but manageable","0 - adventurous",9,2,"0 - Low","1 - Present",3,2,2,0,0,1,0
545,18,55,"Female",1,"4 - Somewhat Unexpected","1 - Absolutely Yes","0 - adventurous",16,1,"1 - High","1 - Present",4,4,1,0,1,1,1
546,18,55,"Female",2,"5 - Very Unexpected","2 - Yes, a bit inconvenient but manageable","0 - adventurous",12,1,"0 - Low","1 - Present",3,5,2,0,0,1,0
547,18,55,"Female",3,"2 - Somewhat Expected","1 - Absolutely Yes","0 - adventurous",4,1,"1 - High","1 - Present",4,2,1,0,1,1,1
548,18,55,"Female",4,"2 - Somewhat Expected","1 - Absolutely Yes","0 - adventurous",9,1,"0 - Low","0 - None",1,2,1,0,0,0,0
549,18,55,"Female",5,"3 - Indifferent / Can't Decide","3 - Yes, but would not be feel nice","0 - adventurous",14,1,"0 - Low","0 - None",1,3,3,0,0,0,0
550,18,55,"Female",6,"2 - Somewhat Expected","1 - Absolutely Yes","0 - adventurous",9,2,"0 - Low","0 - None",1,2,1,0,0,0,0
551,18,55,"Female",7,"4 - Somewhat Unexpected","1 - Absolutely Yes","0 - adventurous",6,1,"0 - Low","1 - Present",3,4,1,0,0,1,0
552,18,55,"Female",8,"1 - Completely Expected","1 - Absolutely Yes","0 - adventurous",5,1,"0 - Low","0 - None",1,1,1,0,0,0,0
553,18,55,"Female",9,"2 - Somewhat Expected","1 - Absolutely Yes","0 - adventurous",10,1,"0 - Low","0 - None",1,2,1,0,0,0,0
554,18,55,"Female",10,"3 - Indifferent / Can't Decide","1 - Absolutely Yes","0 - adventurous",12,2,"1 - High","0 - None",2,3,1,0,1,0,0
555,18,55,"Female",11,"3 - Indifferent / Can't Decide","1 - Absolutely Yes","0 - adventurous",5,2,"1 - High","0 - None",2,3,1,0,1,0,0
556,18,55,"Female",12,"5 - Very Unexpected","3 - Yes, but would not be feel nice","0 - adventurous",1,1,"1 - High","1 - Present",4,5,3,0,1,1,1
557,18,55,"Female",13,"3 - Indifferent / Can't Decide","1 - Absolutely Yes","0 - adventurous",13,1,"1 - High","0 - None",2,3,1,0,1,0,0
558,18,55,"Female",14,"4 - Somewhat Unexpected","1 - Absolutely Yes","0 - adventurous",15,1,"0 - Low","1 - Present",3,4,1,0,0,1,0
559,18,55,"Female",15,"3 - Indifferent / Can't Decide","3 - Yes, but would not be feel nice","0 - adventurous",14,2,"1 - High","1 - Present",4,3,3,0,1,1,1
560,18,55,"Female",16,"3 - Indifferent / Can't Decide","1 - Absolutely Yes","0 - adventurous",8,1,"0 - Low","0 - None",1,3,1,0,0,0,0
561,18,55,"Female",17,"4 - Somewhat Unexpected","1 - Absolutely Yes","0 - adventurous",11,1,"1 - High","1 - Present",4,4,1,0,1,1,1
562,18,55,"Female",18,"3 - Indifferent / Can't Decide","2 - Yes, a bit inconvenient but manageable","0 - adventurous",3,1,"0 - Low","0 - None",1,3,2,0,0,0,0
563,18,55,"Female",19,"4 - Somewhat Unexpected","2 - Yes, a bit inconvenient but manageable","0 - adventurous",6,2,"1 - High","1 - Present",4,4,2,0,1,1,1
564,18,55,"Female",20,"5 - Very Unexpected","1 - Absolutely Yes","0 - adventurous",3,2,"0 - Low","1 - Present",3,5,1,0,0,1,0
565,18,55,"Female",21,"5 - Very Unexpected","1 - Absolutely Yes","0 - adventurous",8,2,"0 - Low","1 - Present",3,5,1,0,0,1,0
566,18,55,"Female",22,"5 - Very Unexpected","2 - Yes, a bit inconvenient but manageable","0 - adventurous",2,1,"1 - High","1 - Present",4,5,2,0,1,1,1
567,18,55,"Female",23,"4 - Somewhat Unexpected","2 - Yes, a bit inconvenient but manageable","0 - adventurous",10,2,"0 - Low","1 - Present",3,4,2,0,0,1,0
568,18,55,"Female",24,"2 - Somewhat Expected","1 - Absolutely Yes","0 - adventurous",4,2,"0 - Low","1 - Present",3,2,1,0,0,1,0
569,18,55,"Female",25,"5 - Very Unexpected","2 - Yes, a bit inconvenient but manageable","0 - adventurous",1,2,"1 - High","1 - Present",4,5,2,0,1,1,1
570,18,55,"Female",26,"3 - Indifferent / Can't Decide","4 - Certainly Not","0 - adventurous",7,1,"1 - High","0 - None",2,3,4,0,1,0,0
571,18,55,"Female",27,"4 - Somewhat Unexpected","1 - Absolutely Yes","0 - adventurous",15,2,"1 - High","0 - None",2,4,1,0,1,0,0
572,18,55,"Female",28,"4 - Somewhat Unexpected","1 - Absolutely Yes","0 - adventurous",13,2,"0 - Low","1 - Present",3,4,1,0,0,1,0
573,18,55,"Female",29,"3 - Indifferent / Can't Decide","1 - Absolutely Yes","0 - adventurous",11,2,"0 - Low","0 - None",1,3,1,0,0,0,0
574,18,55,"Female",30,"3 - Indifferent / Can't Decide","4 - Certainly Not","0 - adventurous",7,2,"1 - High","0 - None",2,3,4,0,1,0,0
575,18,55,"Female",31,"3 - Indifferent / Can't Decide","2 - Yes, a bit inconvenient but manageable","0 - adventurous",2,2,"1 - High","0 - None",2,3,2,0,1,0,0
576,18,55,"Female",32,"4 - Somewhat Unexpected","1 - Absolutely Yes","0 - adventurous",16,2,"1 - High","0 - None",2,4,1,0,1,0,0
577,19,35,"Female",1,"4 - Somewhat Unexpected","2 - Yes, a bit inconvenient but manageable","0 - adventurous",5,1,"1 - High","1 - Present",4,4,2,0,1,1,1
578,19,35,"Female",2,"5 - Very Unexpected","4 - Certainly Not","0 - adventurous",2,1,"1 - High","1 - Present",4,5,4,0,1,1,1
579,19,35,"Female",3,"1 - Completely Expected","1 - Absolutely Yes","0 - adventurous",7,1,"0 - Low","0 - None",1,1,1,0,0,0,0
580,19,35,"Female",4,"2 - Somewhat Expected","2 - Yes, a bit inconvenient but manageable","0 - adventurous",9,1,"1 - High","0 - None",2,2,2,0,1,0,0
581,19,35,"Female",5,"5 - Very Unexpected","4 - Certainly Not","0 - adventurous",11,1,"0 - Low","1 - Present",3,5,4,0,0,1,0
582,19,35,"Female",6,"2 - Somewhat Expected","1 - Absolutely Yes","0 - adventurous",14,1,"1 - High","1 - Present",4,2,1,0,1,1,1
583,19,35,"Female",7,"4 - Somewhat Unexpected","2 - Yes, a bit inconvenient but manageable","0 - adventurous",1,1,"0 - Low","1 - Present",3,4,2,0,0,1,0
584,19,35,"Female",8,"2 - Somewhat Expected","1 - Absolutely Yes","0 - adventurous",8,1,"0 - Low","0 - None",1,2,1,0,0,0,0
585,19,35,"Female",9,"4 - Somewhat Unexpected","3 - Yes, but would not be feel nice","0 - adventurous",2,2,"0 - Low","1 - Present",3,4,3,0,0,1,0
586,19,35,"Female",10,"2 - Somewhat Expected","2 - Yes, a bit inconvenient but manageable","0 - adventurous",7,2,"0 - Low","1 - Present",3,2,2,0,0,1,0
587,19,35,"Female",11,"5 - Very Unexpected","2 - Yes, a bit inconvenient but manageable","0 - adventurous",15,1,"0 - Low","1 - Present",3,5,2,0,0,1,0
588,19,35,"Female",12,"1 - Completely Expected","1 - Absolutely Yes","0 - adventurous",10,1,"0 - Low","0 - None",1,1,1,0,0,0,0
589,19,35,"Female",13,"1 - Completely Expected","2 - Yes, a bit inconvenient but manageable","0 - adventurous",3,1,"1 - High","0 - None",2,1,2,0,1,0,0
590,19,35,"Female",14,"2 - Somewhat Expected","2 - Yes, a bit inconvenient but manageable","0 - adventurous",15,2,"1 - High","0 - None",2,2,2,0,1,0,0
591,19,35,"Female",15,"5 - Very Unexpected","2 - Yes, a bit inconvenient but manageable","0 - adventurous",12,1,"1 - High","1 - Present",4,5,2,0,1,1,1
592,19,35,"Female",16,"5 - Very Unexpected","2 - Yes, a bit inconvenient but manageable","0 - adventurous",10,2,"1 - High","1 - Present",4,5,2,0,1,1,1
593,19,35,"Female",17,"1 - Completely Expected","1 - Absolutely Yes","0 - adventurous",12,2,"1 - High","0 - None",2,1,1,0,1,0,0
594,19,35,"Female",18,"3 - Indifferent / Can't Decide","2 - Yes, a bit inconvenient but manageable","0 - adventurous",13,1,"0 - Low","1 - Present",3,3,2,0,0,1,0
595,19,35,"Female",19,"4 - Somewhat Unexpected","2 - Yes, a bit inconvenient but manageable","0 - adventurous",8,2,"0 - Low","1 - Present",3,4,2,0,0,1,0
596,19,35,"Female",20,"2 - Somewhat Expected","1 - Absolutely Yes","0 - adventurous",4,1,"1 - High","1 - Present",4,2,1,0,1,1,1
597,19,35,"Female",21,"2 - Somewhat Expected","3 - Yes, but would not be feel nice","0 - adventurous",16,1,"0 - Low","0 - None",1,2,3,0,0,0,0
598,19,35,"Female",22,"2 - Somewhat Expected","1 - Absolutely Yes","0 - adventurous",6,1,"1 - High","0 - None",2,2,1,0,1,0,0
599,19,35,"Female",23,"4 - Somewhat Unexpected","2 - Yes, a bit inconvenient but manageable","0 - adventurous",16,2,"1 - High","1 - Present",4,4,2,0,1,1,1
600,19,35,"Female",24,"2 - Somewhat Expected","2 - Yes, a bit inconvenient but manageable","0 - adventurous",9,2,"0 - Low","0 - None",1,2,2,0,0,0,0
601,19,35,"Female",25,"1 - Completely Expected","1 - Absolutely Yes","0 - adventurous",4,2,"0 - Low","0 - None",1,1,1,0,0,0,0
602,19,35,"Female",26,"3 - Indifferent / Can't Decide","1 - Absolutely Yes","0 - adventurous",11,2,"1 - High","0 - None",2,3,1,0,1,0,0
603,19,35,"Female",27,"4 - Somewhat Unexpected","2 - Yes, a bit inconvenient but manageable","0 - adventurous",6,2,"0 - Low","1 - Present",3,4,2,0,0,1,0
604,19,35,"Female",28,"3 - Indifferent / Can't Decide","2 - Yes, a bit inconvenient but manageable","0 - adventurous",1,2,"0 - Low","0 - None",1,3,2,0,0,0,0
605,19,35,"Female",29,"1 - Completely Expected","1 - Absolutely Yes","0 - adventurous",13,2,"1 - High","0 - None",2,1,1,0,1,0,0
606,19,35,"Female",30,"4 - Somewhat Unexpected","1 - Absolutely Yes","0 - adventurous",3,2,"0 - Low","0 - None",1,4,1,0,0,0,0
607,19,35,"Female",31,"1 - Completely Expected","1 - Absolutely Yes","0 - adventurous",14,2,"1 - High","0 - None",2,1,1,0,1,0,0
608,19,35,"Female",32,"2 - Somewhat Expected","2 - Yes, a bit inconvenient but manageable","0 - adventurous",5,2,"1 - High","1 - Present",4,2,2,0,1,1,1
609,20,48,"Male",1,"5 - Very Unexpected","2 - Yes, a bit inconvenient but manageable","0 - adventurous",8,1,"1 - High","1 - Present",4,5,2,0,1,1,1
610,20,48,"Male",2,"1 - Completely Expected","2 - Yes, a bit inconvenient but manageable","0 - adventurous",14,1,"1 - High","0 - None",2,1,2,0,1,0,0
611,20,48,"Male",3,"4 - Somewhat Unexpected","2 - Yes, a bit inconvenient but manageable","0 - adventurous",7,1,"0 - Low","1 - Present",3,4,2,0,0,1,0
612,20,48,"Male",4,"2 - Somewhat Expected","2 - Yes, a bit inconvenient but manageable","0 - adventurous",10,1,"1 - High","0 - None",2,2,2,0,1,0,0
613,20,48,"Male",5,"2 - Somewhat Expected","1 - Absolutely Yes","0 - adventurous",3,1,"1 - High","0 - None",2,2,1,0,1,0,0
614,20,48,"Male",6,"5 - Very Unexpected","2 - Yes, a bit inconvenient but manageable","0 - adventurous",1,1,"1 - High","1 - Present",4,5,2,0,1,1,1
615,20,48,"Male",7,"1 - Completely Expected","1 - Absolutely Yes","0 - adventurous",12,1,"0 - Low","0 - None",1,1,1,0,0,0,0
616,20,48,"Male",8,"4 - Somewhat Unexpected","3 - Yes, but would not be feel nice","0 - adventurous",10,2,"1 - High","1 - Present",4,4,3,0,1,1,1
617,20,48,"Male",9,"2 - Somewhat Expected","2 - Yes, a bit inconvenient but manageable","0 - adventurous",9,1,"1 - High","1 - Present",4,2,2,0,1,1,1
618,20,48,"Male",10,"2 - Somewhat Expected","2 - Yes, a bit inconvenient but manageable","0 - adventurous",15,1,"1 - High","0 - None",2,2,2,0,1,0,0
619,20,48,"Male",11,"1 - Completely Expected","1 - Absolutely Yes","0 - adventurous",14,2,"0 - Low","0 - None",1,1,1,0,0,0,0
620,20,48,"Male",12,"2 - Somewhat Expected","1 - Absolutely Yes","0 - adventurous",4,1,"0 - Low","0 - None",1,2,1,0,0,0,0
621,20,48,"Male",13,"5 - Very Unexpected","2 - Yes, a bit inconvenient but manageable","0 - adventurous",5,1,"0 - Low","1 - Present",3,5,2,0,0,1,0
622,20,48,"Male",14,"1 - Completely Expected","1 - Absolutely Yes","0 - adventurous",16,1,"1 - High","0 - None",2,1,1,0,1,0,0
623,20,48,"Male",15,"1 - Completely Expected","1 - Absolutely Yes","0 - adventurous",16,2,"1 - High","0 - None",2,1,1,0,1,0,0
624,20,48,"Male",16,"1 - Completely Expected","1 - Absolutely Yes","0 - adventurous",12,2,"0 - Low","0 - None",1,1,1,0,0,0,0
625,20,48,"Male",17,"1 - Completely Expected","1 - Absolutely Yes","0 - adventurous",4,2,"0 - Low","0 - None",1,1,1,0,0,0,0
626,20,48,"Male",18,"1 - Completely Expected","1 - Absolutely Yes","0 - adventurous",9,2,"0 - Low","0 - None",1,1,1,0,0,0,0
627,20,48,"Male",19,"1 - Completely Expected","1 - Absolutely Yes","0 - adventurous",6,1,"1 - High","0 - None",2,1,1,0,1,0,0
628,20,48,"Male",20,"1 - Completely Expected","1 - Absolutely Yes","0 - adventurous",2,1,"0 - Low","1 - Present",3,1,1,0,0,1,0
629,20,48,"Male",21,"1 - Completely Expected","1 - Absolutely Yes","0 - adventurous",13,1,"0 - Low","0 - None",1,1,1,0,0,0,0
630,20,48,"Male",22,"5 - Very Unexpected","2 - Yes, a bit inconvenient but manageable","0 - adventurous",11,1,"0 - Low","1 - Present",3,5,2,0,0,1,0
631,20,48,"Male",23,"5 - Very Unexpected","2 - Yes, a bit inconvenient but manageable","0 - adventurous",6,2,"0 - Low","1 - Present",3,5,2,0,0,1,0
632,20,48,"Male",24,"1 - Completely Expected","1 - Absolutely Yes","0 - adventurous",2,2,"0 - Low","0 - None",1,1,1,0,0,0,0
633,20,48,"Male",25,"4 - Somewhat Unexpected","2 - Yes, a bit inconvenient but manageable","0 - adventurous",7,2,"0 - Low","1 - Present",3,4,2,0,0,1,0
634,20,48,"Male",26,"5 - Very Unexpected","3 - Yes, but would not be feel nice","0 - adventurous",5,2,"0 - Low","1 - Present",3,5,3,0,0,1,0
635,20,48,"Male",27,"5 - Very Unexpected","4 - Certainly Not","0 - adventurous",15,2,"1 - High","1 - Present",4,5,4,0,1,1,1
636,20,48,"Male",28,"5 - Very Unexpected","4 - Certainly Not","0 - adventurous",13,2,"1 - High","1 - Present",4,5,4,0,1,1,1
637,20,48,"Male",29,"4 - Somewhat Unexpected","2 - Yes, a bit inconvenient but manageable","0 - adventurous",8,2,"1 - High","1 - Present",4,4,2,0,1,1,1
638,20,48,"Male",30,"5 - Very Unexpected","2 - Yes, a bit inconvenient but manageable","0 - adventurous",1,2,"1 - High","1 - Present",4,5,2,0,1,1,1
639,20,48,"Male",31,"5 - Very Unexpected","4 - Certainly Not","0 - adventurous",11,2,"0 - Low","1 - Present",3,5,4,0,0,1,0
640,20,48,"Male",32,"1 - Completely Expected","1 - Absolutely Yes","0 - adventurous",3,2,"1 - High","0 - None",2,1,1,0,1,0,0
641,21,35,"Female",1,"5 - Very Unexpected","4 - Certainly Not","1 - cautious",6,1,"1 - High","1 - Present",4,5,4,1,1,1,1
642,21,35,"Female",2,"5 - Very Unexpected","2 - Yes, a bit inconvenient but manageable","1 - cautious",8,1,"0 - Low","1 - Present",3,5,2,1,0,1,0
643,21,35,"Female",3,"1 - Completely Expected","1 - Absolutely Yes","1 - cautious",15,1,"0 - Low","0 - None",1,1,1,1,0,0,0
644,21,35,"Female",4,"1 - Completely Expected","1 - Absolutely Yes","1 - cautious",12,1,"0 - Low","1 - Present",3,1,1,1,0,1,0
645,21,35,"Female",5,"1 - Completely Expected","2 - Yes, a bit inconvenient but manageable","1 - cautious",3,1,"1 - High","0 - None",2,1,2,1,1,0,0
646,21,35,"Female",6,"1 - Completely Expected","2 - Yes, a bit inconvenient but manageable","1 - cautious",16,1,"1 - High","0 - None",2,1,2,1,1,0,0
647,21,35,"Female",7,"5 - Very Unexpected","4 - Certainly Not","1 - cautious",4,1,"0 - Low","1 - Present",3,5,4,1,0,1,0
648,21,35,"Female",8,"5 - Very Unexpected","2 - Yes, a bit inconvenient but manageable","1 - cautious",5,1,"1 - High","1 - Present",4,5,2,1,1,1,1
649,21,35,"Female",9,"1 - Completely Expected","1 - Absolutely Yes","1 - cautious",16,2,"0 - Low","0 - None",1,1,1,1,0,0,0
650,21,35,"Female",10,"1 - Completely Expected","1 - Absolutely Yes","1 - cautious",2,1,"1 - High","0 - None",2,1,1,1,1,0,0
651,21,35,"Female",11,"5 - Very Unexpected","4 - Certainly Not","1 - cautious",6,2,"1 - High","1 - Present",4,5,4,1,1,1,1
652,21,35,"Female",12,"1 - Completely Expected","1 - Absolutely Yes","1 - cautious",3,2,"1 - High","0 - None",2,1,1,1,1,0,0
653,21,35,"Female",13,"4 - Somewhat Unexpected","2 - Yes, a bit inconvenient but manageable","1 - cautious",14,1,"0 - Low","1 - Present",3,4,2,1,0,1,0
654,21,35,"Female",14,"2 - Somewhat Expected","1 - Absolutely Yes","1 - cautious",8,2,"1 - High","1 - Present",4,2,1,1,1,1,1
655,21,35,"Female",15,"5 - Very Unexpected","3 - Yes, but would not be feel nice","1 - cautious",1,1,"0 - Low","1 - Present",3,5,3,1,0,1,0
656,21,35,"Female",16,"1 - Completely Expected","1 - Absolutely Yes","1 - cautious",13,1,"0 - Low","0 - None",1,1,1,1,0,0,0
657,21,35,"Female",17,"5 - Very Unexpected","4 - Certainly Not","1 - cautious",2,2,"1 - High","1 - Present",4,5,4,1,1,1,1
658,21,35,"Female",18,"4 - Somewhat Unexpected","2 - Yes, a bit inconvenient but manageable","1 - cautious",15,2,"1 - High","1 - Present",4,4,2,1,1,1,1
659,21,35,"Female",19,"1 - Completely Expected","1 - Absolutely Yes","1 - cautious",11,1,"1 - High","0 - None",2,1,1,1,1,0,0
660,21,35,"Female",20,"5 - Very Unexpected","1 - Absolutely Yes","1 - cautious",13,2,"0 - Low","1 - Present",3,5,1,1,0,1,0
661,21,35,"Female",21,"1 - Completely Expected","1 - Absolutely Yes","1 - cautious",14,2,"0 - Low","0 - None",1,1,1,1,0,0,0
662,21,35,"Female",22,"4 - Somewhat Unexpected","2 - Yes, a bit inconvenient but manageable","1 - cautious",12,2,"1 - High","1 - Present",4,4,2,1,1,1,1
663,21,35,"Female",23,"1 - Completely Expected","1 - Absolutely Yes","1 - cautious",10,1,"0 - Low","0 - None",1,1,1,1,0,0,0
664,21,35,"Female",24,"5 - Very Unexpected","2 - Yes, a bit inconvenient but manageable","1 - cautious",7,1,"1 - High","1 - Present",4,5,2,1,1,1,1
665,21,35,"Female",25,"1 - Completely Expected","1 - Absolutely Yes","1 - cautious",4,2,"0 - Low","0 - None",1,1,1,1,0,0,0
666,21,35,"Female",26,"1 - Completely Expected","1 - Absolutely Yes","1 - cautious",5,2,"0 - Low","0 - None",1,1,1,1,0,0,0
667,21,35,"Female",27,"1 - Completely Expected","1 - Absolutely Yes","1 - cautious",10,2,"1 - High","0 - None",2,1,1,1,1,0,0
668,21,35,"Female",28,"1 - Completely Expected","1 - Absolutely Yes","1 - cautious",9,1,"0 - Low","0 - None",1,1,1,1,0,0,0
669,21,35,"Female",29,"1 - Completely Expected","1 - Absolutely Yes","1 - cautious",11,2,"1 - High","0 - None",2,1,1,1,1,0,0
670,21,35,"Female",30,"1 - Completely Expected","1 - Absolutely Yes","1 - cautious",7,2,"1 - High","0 - None",2,1,1,1,1,0,0
671,21,35,"Female",31,"5 - Very Unexpected","3 - Yes, but would not be feel nice","1 - cautious",1,2,"0 - Low","1 - Present",3,5,3,1,0,1,0
672,21,35,"Female",32,"5 - Very Unexpected","2 - Yes, a bit inconvenient but manageable","1 - cautious",9,2,"0 - Low","1 - Present",3,5,2,1,0,1,0
673,22,35,"Female",1,"4 - Somewhat Unexpected","4 - Certainly Not","0 - adventurous",15,1,"0 - Low","0 - None",1,4,4,0,0,0,0
674,22,35,"Female",2,"1 - Completely Expected","1 - Absolutely Yes","0 - adventurous",3,1,"1 - High","0 - None",2,1,1,0,1,0,0
675,22,35,"Female",3,"1 - Completely Expected","1 - Absolutely Yes","0 - adventurous",6,1,"1 - High","0 - None",2,1,1,0,1,0,0
676,22,35,"Female",4,"4 - Somewhat Unexpected","1 - Absolutely Yes","0 - adventurous",16,1,"0 - Low","0 - None",1,4,1,0,0,0,0
677,22,35,"Female",5,"5 - Very Unexpected","2 - Yes, a bit inconvenient but manageable","0 - adventurous",5,1,"1 - High","1 - Present",4,5,2,0,1,1,1
678,22,35,"Female",6,"4 - Somewhat Unexpected","1 - Absolutely Yes","0 - adventurous",14,1,"0 - Low","1 - Present",3,4,1,0,0,1,0
679,22,35,"Female",7,"1 - Completely Expected","1 - Absolutely Yes","0 - adventurous",9,1,"0 - Low","0 - None",1,1,1,0,0,0,0
680,22,35,"Female",8,"4 - Somewhat Unexpected","1 - Absolutely Yes","0 - adventurous",7,1,"1 - High","1 - Present",4,4,1,0,1,1,1
681,22,35,"Female",9,"5 - Very Unexpected","1 - Absolutely Yes","0 - adventurous",10,1,"1 - High","1 - Present",4,5,1,0,1,1,1
682,22,35,"Female",10,"1 - Completely Expected","1 - Absolutely Yes","0 - adventurous",8,1,"0 - Low","0 - None",1,1,1,0,0,0,0
683,22,35,"Female",11,"5 - Very Unexpected","4 - Certainly Not","0 - adventurous",11,1,"0 - Low","1 - Present",3,5,4,0,0,1,0
684,22,35,"Female",12,"5 - Very Unexpected","4 - Certainly Not","0 - adventurous",1,1,"1 - High","1 - Present",4,5,4,0,1,1,1
685,22,35,"Female",13,"4 - Somewhat Unexpected","1 - Absolutely Yes","0 - adventurous",13,1,"0 - Low","1 - Present",3,4,1,0,0,1,0
686,22,35,"Female",14,"1 - Completely Expected","1 - Absolutely Yes","0 - adventurous",1,2,"0 - Low","0 - None",1,1,1,0,0,0,0
687,22,35,"Female",15,"4 - Somewhat Unexpected","4 - Certainly Not","0 - adventurous",15,2,"0 - Low","0 - None",1,4,4,0,0,0,0
688,22,35,"Female",16,"4 - Somewhat Unexpected","1 - Absolutely Yes","0 - adventurous",4,1,"1 - High","1 - Present",4,4,1,0,1,1,1
689,22,35,"Female",17,"5 - Very Unexpected","1 - Absolutely Yes","0 - adventurous",10,2,"1 - High","1 - Present",4,5,1,0,1,1,1
690,22,35,"Female",18,"5 - Very Unexpected","4 - Certainly Not","0 - adventurous",2,1,"0 - Low","1 - Present",3,5,4,0,0,1,0
691,22,35,"Female",19,"1 - Completely Expected","1 - Absolutely Yes","0 - adventurous",12,1,"1 - High","0 - None",2,1,1,0,1,0,0
692,22,35,"Female",20,"4 - Somewhat Unexpected","2 - Yes, a bit inconvenient but manageable","0 - adventurous",5,2,"1 - High","1 - Present",4,4,2,0,1,1,1
693,22,35,"Female",21,"2 - Somewhat Expected","2 - Yes, a bit inconvenient but manageable","0 - adventurous",4,2,"1 - High","0 - None",2,2,2,0,1,0,0
694,22,35,"Female",22,"1 - Completely Expected","1 - Absolutely Yes","0 - adventurous",6,2,"0 - Low","0 - None",1,1,1,0,0,0,0
695,22,35,"Female",23,"2 - Somewhat Expected","1 - Absolutely Yes","0 - adventurous",7,2,"0 - Low","1 - Present",3,2,1,0,0,1,0
696,22,35,"Female",24,"4 - Somewhat Unexpected","1 - Absolutely Yes","0 - adventurous",16,2,"0 - Low","0 - None",1,4,1,0,0,0,0
697,22,35,"Female",25,"1 - Completely Expected","1 - Absolutely Yes","0 - adventurous",3,2,"1 - High","0 - None",2,1,1,0,1,0,0
698,22,35,"Female",26,"5 - Very Unexpected","4 - Certainly Not","0 - adventurous",11,2,"0 - Low","1 - Present",3,5,4,0,0,1,0
699,22,35,"Female",27,"1 - Completely Expected","1 - Absolutely Yes","0 - adventurous",9,2,"1 - High","0 - None",2,1,1,0,1,0,0
700,22,35,"Female",28,"1 - Completely Expected","1 - Absolutely Yes","0 - adventurous",2,2,"1 - High","0 - None",2,1,1,0,1,0,0
701,22,35,"Female",29,"1 - Completely Expected","1 - Absolutely Yes","0 - adventurous",12,2,"1 - High","0 - None",2,1,1,0,1,0,0
702,22,35,"Female",30,"4 - Somewhat Unexpected","2 - Yes, a bit inconvenient but manageable","0 - adventurous",14,2,"0 - Low","1 - Present",3,4,2,0,0,1,0
703,22,35,"Female",31,"4 - Somewhat Unexpected","1 - Absolutely Yes","0 - adventurous",13,2,"0 - Low","1 - Present",3,4,1,0,0,1,0
704,22,35,"Female",32,"4 - Somewhat Unexpected","1 - Absolutely Yes","0 - adventurous",8,2,"1 - High","1 - Present",4,4,1,0,1,1,1
705,23,34,"Female",1,"5 - Very Unexpected","4 - Certainly Not","0 - adventurous",2,1,"1 - High","1 - Present",4,5,4,0,1,1,1
706,23,34,"Female",2,"1 - Completely Expected","1 - Absolutely Yes","0 - adventurous",9,1,"0 - Low","0 - None",1,1,1,0,0,0,0
707,23,34,"Female",3,"4 - Somewhat Unexpected","2 - Yes, a bit inconvenient but manageable","0 - adventurous",10,1,"0 - Low","1 - Present",3,4,2,0,0,1,0
708,23,34,"Female",4,"1 - Completely Expected","1 - Absolutely Yes","0 - adventurous",13,1,"1 - High","0 - None",2,1,1,0,1,0,0
709,23,34,"Female",5,"1 - Completely Expected","2 - Yes, a bit inconvenient but manageable","0 - adventurous",14,1,"1 - High","0 - None",2,1,2,0,1,0,0
710,23,34,"Female",6,"4 - Somewhat Unexpected","2 - Yes, a bit inconvenient but manageable","0 - adventurous",8,1,"1 - High","1 - Present",4,4,2,0,1,1,1
711,23,34,"Female",7,"1 - Completely Expected","1 - Absolutely Yes","0 - adventurous",16,1,"1 - High","0 - None",2,1,1,0,1,0,0
712,23,34,"Female",8,"1 - Completely Expected","1 - Absolutely Yes","0 - adventurous",1,1,"0 - Low","0 - None",1,1,1,0,0,0,0
713,23,34,"Female",9,"1 - Completely Expected","1 - Absolutely Yes","0 - adventurous",6,1,"1 - High","0 - None",2,1,1,0,1,0,0
714,23,34,"Female",10,"5 - Very Unexpected","4 - Certainly Not","0 - adventurous",2,2,"1 - High","1 - Present",4,5,4,0,1,1,1
715,23,34,"Female",11,"3 - Indifferent / Can't Decide","3 - Yes, but would not be feel nice","0 - adventurous",4,1,"1 - High","1 - Present",4,3,3,0,1,1,1
716,23,34,"Female",12,"3 - Indifferent / Can't Decide","3 - Yes, but would not be feel nice","0 - adventurous",4,2,"0 - Low","1 - Present",3,3,3,0,0,1,0
717,23,34,"Female",13,"1 - Completely Expected","1 - Absolutely Yes","0 - adventurous",1,2,"1 - High","0 - None",2,1,1,0,1,0,0
718,23,34,"Female",14,"4 - Somewhat Unexpected","3 - Yes, but would not be feel nice","0 - adventurous",14,2,"0 - Low","1 - Present",3,4,3,0,0,1,0
719,23,34,"Female",15,"1 - Completely Expected","1 - Absolutely Yes","0 - adventurous",5,1,"0 - Low","0 - None",1,1,1,0,0,0,0
720,23,34,"Female",16,"3 - Indifferent / Can't Decide","3 - Yes, but would not be feel nice","0 - adventurous",7,1,"1 - High","1 - Present",4,3,3,0,1,1,1
721,23,34,"Female",17,"5 - Very Unexpected","3 - Yes, but would not be feel nice","0 - adventurous",12,1,"1 - High","1 - Present",4,5,3,0,1,1,1
722,23,34,"Female",18,"3 - Indifferent / Can't Decide","2 - Yes, a bit inconvenient but manageable","0 - adventurous",3,1,"0 - Low","1 - Present",3,3,2,0,0,1,0
723,23,34,"Female",19,"4 - Somewhat Unexpected","4 - Certainly Not","0 - adventurous",15,1,"1 - High","1 - Present",4,4,4,0,1,1,1
724,23,34,"Female",20,"1 - Completely Expected","1 - Absolutely Yes","0 - adventurous",16,2,"0 - Low","0 - None",1,1,1,0,0,0,0
725,23,34,"Female",21,"4 - Somewhat Unexpected","3 - Yes, but would not be feel nice","0 - adventurous",13,2,"1 - High","1 - Present",4,4,3,0,1,1,1
726,23,34,"Female",22,"1 - Completely Expected","2 - Yes, a bit inconvenient but manageable","0 - adventurous",8,2,"0 - Low","0 - None",1,1,2,0,0,0,0
727,23,34,"Female",23,"4 - Somewhat Unexpected","2 - Yes, a bit inconvenient but manageable","0 - adventurous",5,2,"0 - Low","1 - Present",3,4,2,0,0,1,0
728,23,34,"Female",24,"1 - Completely Expected","3 - Yes, but would not be feel nice","0 - adventurous",15,2,"1 - High","0 - None",2,1,3,0,1,0,0
729,23,34,"Female",25,"4 - Somewhat Unexpected","2 - Yes, a bit inconvenient but manageable","0 - adventurous",7,2,"0 - Low","1 - Present",3,4,2,0,0,1,0
730,23,34,"Female",26,"4 - Somewhat Unexpected","3 - Yes, but would not be feel nice","0 - adventurous",9,2,"0 - Low","1 - Present",3,4,3,0,0,1,0
731,23,34,"Female",27,"5 - Very Unexpected","4 - Certainly Not","0 - adventurous",11,1,"0 - Low","1 - Present",3,5,4,0,0,1,0
732,23,34,"Female",28,"1 - Completely Expected","1 - Absolutely Yes","0 - adventurous",11,2,"0 - Low","0 - None",1,1,1,0,0,0,0
733,23,34,"Female",29,"1 - Completely Expected","1 - Absolutely Yes","0 - adventurous",6,2,"1 - High","0 - None",2,1,1,0,1,0,0
734,23,34,"Female",30,"1 - Completely Expected","1 - Absolutely Yes","0 - adventurous",3,2,"1 - High","0 - None",2,1,1,0,1,0,0
735,23,34,"Female",31,"1 - Completely Expected","1 - Absolutely Yes","0 - adventurous",12,2,"0 - Low","0 - None",1,1,1,0,0,0,0
736,23,34,"Female",32,"1 - Completely Expected","1 - Absolutely Yes","0 - adventurous",10,2,"0 - Low","0 - None",1,1,1,0,0,0,0
737,24,30,"Male",1,"4 - Somewhat Unexpected","4 - Certainly Not","1 - cautious",16,1,"1 - High","0 - None",2,4,4,1,1,0,0
738,24,30,"Male",2,"2 - Somewhat Expected","2 - Yes, a bit inconvenient but manageable","1 - cautious",4,1,"0 - Low","0 - None",1,2,2,1,0,0,0
739,24,30,"Male",3,"1 - Completely Expected","1 - Absolutely Yes","1 - cautious",6,1,"0 - Low","1 - Present",3,1,1,1,0,1,0
740,24,30,"Male",4,"5 - Very Unexpected","4 - Certainly Not","1 - cautious",6,2,"1 - High","1 - Present",4,5,4,1,1,1,1
741,24,30,"Male",5,"4 - Somewhat Unexpected","4 - Certainly Not","1 - cautious",7,1,"1 - High","1 - Present",4,4,4,1,1,1,1
742,24,30,"Male",6,"1 - Completely Expected","4 - Certainly Not","1 - cautious",11,1,"1 - High","0 - None",2,1,4,1,1,0,0
743,24,30,"Male",7,"4 - Somewhat Unexpected","3 - Yes, but would not be feel nice","1 - cautious",2,1,"0 - Low","1 - Present",3,4,3,1,0,1,0
744,24,30,"Male",8,"5 - Very Unexpected","4 - Certainly Not","1 - cautious",3,1,"1 - High","1 - Present",4,5,4,1,1,1,1
745,24,30,"Male",9,"4 - Somewhat Unexpected","4 - Certainly Not","1 - cautious",5,1,"1 - High","0 - None",2,4,4,1,1,0,0
746,24,30,"Male",10,"1 - Completely Expected","4 - Certainly Not","1 - cautious",15,1,"1 - High","0 - None",2,1,4,1,1,0,0
747,24,30,"Male",11,"1 - Completely Expected","1 - Absolutely Yes","1 - cautious",7,2,"0 - Low","0 - None",1,1,1,1,0,0,0
748,24,30,"Male",12,"1 - Completely Expected","1 - Absolutely Yes","1 - cautious",9,1,"0 - Low","0 - None",1,1,1,1,0,0,0
749,24,30,"Male",13,"1 - Completely Expected","4 - Certainly Not","1 - cautious",8,1,"1 - High","0 - None",2,1,4,1,1,0,0
750,24,30,"Male",14,"5 - Very Unexpected","3 - Yes, but would not be feel nice","1 - cautious",10,1,"0 - Low","1 - Present",3,5,3,1,0,1,0
751,24,30,"Male",15,"1 - Completely Expected","1 - Absolutely Yes","1 - cautious",2,2,"0 - Low","0 - None",1,1,1,1,0,0,0
752,24,30,"Male",16,"4 - Somewhat Unexpected","3 - Yes, but would not be feel nice","1 - cautious",15,2,"0 - Low","1 - Present",3,4,3,1,0,1,0
753,24,30,"Male",17,"5 - Very Unexpected","3 - Yes, but would not be feel nice","1 - cautious",16,2,"0 - Low","1 - Present",3,5,3,1,0,1,0
754,24,30,"Male",18,"1 - Completely Expected","3 - Yes, but would not be feel nice","1 - cautious",12,1,"1 - High","0 - None",2,1,3,1,1,0,0
755,24,30,"Male",19,"1 - Completely Expected","1 - Absolutely Yes","1 - cautious",9,2,"0 - Low","0 - None",1,1,1,1,0,0,0
756,24,30,"Male",20,"5 - Very Unexpected","3 - Yes, but would not be feel nice","1 - cautious",1,1,"0 - Low","1 - Present",3,5,3,1,0,1,0
757,24,30,"Male",21,"3 - Indifferent / Can't Decide","2 - Yes, a bit inconvenient but manageable","1 - cautious",14,1,"1 - High","1 - Present",4,3,2,1,1,1,1
758,24,30,"Male",22,"1 - Completely Expected","1 - Absolutely Yes","1 - cautious",10,2,"0 - Low","0 - None",1,1,1,1,0,0,0
759,24,30,"Male",23,"1 - Completely Expected","1 - Absolutely Yes","1 - cautious",3,2,"0 - Low","0 - None",1,1,1,1,0,0,0
760,24,30,"Male",24,"1 - Completely Expected","1 - Absolutely Yes","1 - cautious",5,2,"0 - Low","0 - None",1,1,1,1,0,0,0
761,24,30,"Male",25,"2 - Somewhat Expected","3 - Yes, but would not be feel nice","1 - cautious",14,2,"1 - High","0 - None",2,2,3,1,1,0,0
762,24,30,"Male",26,"5 - Very Unexpected","4 - Certainly Not","1 - cautious",12,2,"1 - High","1 - Present",4,5,4,1,1,1,1
763,24,30,"Male",27,"5 - Very Unexpected","4 - Certainly Not","1 - cautious",11,2,"0 - Low","1 - Present",3,5,4,1,0,1,0
764,24,30,"Male",28,"1 - Completely Expected","3 - Yes, but would not be feel nice","1 - cautious",13,1,"1 - High","0 - None",2,1,3,1,1,0,0
765,24,30,"Male",29,"1 - Completely Expected","2 - Yes, a bit inconvenient but manageable","1 - cautious",4,2,"1 - High","1 - Present",4,1,2,1,1,1,1
766,24,30,"Male",30,"4 - Somewhat Unexpected","3 - Yes, but would not be feel nice","1 - cautious",8,2,"1 - High","1 - Present",4,4,3,1,1,1,1
767,24,30,"Male",31,"5 - Very Unexpected","3 - Yes, but would not be feel nice","1 - cautious",13,2,"0 - Low","1 - Present",3,5,3,1,0,1,0
768,24,30,"Male",32,"5 - Very Unexpected","4 - Certainly Not","1 - cautious",1,2,"1 - High","1 - Present",4,5,4,1,1,1,1
769,25,62,"Male",1,"5 - Very Unexpected","1 - Absolutely Yes","1 - cautious",12,1,"0 - Low","1 - Present",3,5,1,1,0,1,0
770,25,62,"Male",2,"5 - Very Unexpected","2 - Yes, a bit inconvenient but manageable","1 - cautious",5,1,"1 - High","1 - Present",4,5,2,1,1,1,1
771,25,62,"Male",3,"1 - Completely Expected","1 - Absolutely Yes","1 - cautious",1,1,"0 - Low","0 - None",1,1,1,1,0,0,0
772,25,62,"Male",4,"1 - Completely Expected","1 - Absolutely Yes","1 - cautious",2,1,"0 - Low","0 - None",1,1,1,1,0,0,0
773,25,62,"Male",5,"5 - Very Unexpected","2 - Yes, a bit inconvenient but manageable","1 - cautious",4,1,"0 - Low","1 - Present",3,5,2,1,0,1,0
774,25,62,"Male",6,"1 - Completely Expected","1 - Absolutely Yes","1 - cautious",4,2,"1 - High","0 - None",2,1,1,1,1,0,0
775,25,62,"Male",7,"1 - Completely Expected","1 - Absolutely Yes","1 - cautious",14,1,"1 - High","0 - None",2,1,1,1,1,0,0
776,25,62,"Male",8,"5 - Very Unexpected","2 - Yes, a bit inconvenient but manageable","1 - cautious",15,1,"0 - Low","1 - Present",3,5,2,1,0,1,0
777,25,62,"Male",9,"1 - Completely Expected","1 - Absolutely Yes","1 - cautious",9,1,"0 - Low","0 - None",1,1,1,1,0,0,0
778,25,62,"Male",10,"1 - Completely Expected","1 - Absolutely Yes","1 - cautious",6,1,"0 - Low","0 - None",1,1,1,1,0,0,0
779,25,62,"Male",11,"1 - Completely Expected","1 - Absolutely Yes","1 - cautious",14,2,"1 - High","0 - None",2,1,1,1,1,0,0
780,25,62,"Male",12,"5 - Very Unexpected","3 - Yes, but would not be feel nice","1 - cautious",11,1,"1 - High","1 - Present",4,5,3,1,1,1,1
781,25,62,"Male",13,"1 - Completely Expected","2 - Yes, a bit inconvenient but manageable","1 - cautious",7,1,"1 - High","0 - None",2,1,2,1,1,0,0
782,25,62,"Male",14,"1 - Completely Expected","1 - Absolutely Yes","1 - cautious",8,1,"1 - High","0 - None",2,1,1,1,1,0,0
783,25,62,"Male",15,"5 - Very Unexpected","2 - Yes, a bit inconvenient but manageable","1 - cautious",2,2,"1 - High","1 - Present",4,5,2,1,1,1,1
784,25,62,"Male",16,"1 - Completely Expected","1 - Absolutely Yes","1 - cautious",3,1,"0 - Low","1 - Present",3,1,1,1,0,1,0
785,25,62,"Male",17,"5 - Very Unexpected","1 - Absolutely Yes","1 - cautious",10,1,"0 - Low","1 - Present",3,5,1,1,0,1,0
786,25,62,"Male",18,"1 - Completely Expected","1 - Absolutely Yes","1 - cautious",12,2,"1 - High","0 - None",2,1,1,1,1,0,0
787,25,62,"Male",19,"1 - Completely Expected","1 - Absolutely Yes","1 - cautious",11,2,"0 - Low","0 - None",1,1,1,1,0,0,0
788,25,62,"Male",20,"1 - Completely Expected","1 - Absolutely Yes","1 - cautious",1,2,"0 - Low","0 - None",1,1,1,1,0,0,0
789,25,62,"Male",21,"1 - Completely Expected","1 - Absolutely Yes","1 - cautious",13,1,"1 - High","0 - None",2,1,1,1,1,0,0
790,25,62,"Male",22,"1 - Completely Expected","1 - Absolutely Yes","1 - cautious",3,2,"1 - High","0 - None",2,1,1,1,1,0,0
791,25,62,"Male",23,"1 - Completely Expected","1 - Absolutely Yes","1 - cautious",16,1,"0 - Low","0 - None",1,1,1,1,0,0,0
792,25,62,"Male",24,"5 - Very Unexpected","3 - Yes, but would not be feel nice","1 - cautious",6,2,"1 - High","1 - Present",4,5,3,1,1,1,1
793,25,62,"Male",25,"4 - Somewhat Unexpected","1 - Absolutely Yes","1 - cautious",13,2,"0 - Low","1 - Present",3,4,1,1,0,1,0
794,25,62,"Male",26,"1 - Completely Expected","1 - Absolutely Yes","1 - cautious",8,2,"0 - Low","0 - None",1,1,1,1,0,0,0
795,25,62,"Male",27,"5 - Very Unexpected","2 - Yes, a bit inconvenient but manageable","1 - cautious",9,2,"1 - High","1 - Present",4,5,2,1,1,1,1
796,25,62,"Male",28,"5 - Very Unexpected","2 - Yes, a bit inconvenient but manageable","1 - cautious",15,2,"0 - Low","1 - Present",3,5,2,1,0,1,0
797,25,62,"Male",29,"5 - Very Unexpected","2 - Yes, a bit inconvenient but manageable","1 - cautious",10,2,"1 - High","1 - Present",4,5,2,1,1,1,1
798,25,62,"Male",30,"5 - Very Unexpected","1 - Absolutely Yes","1 - cautious",7,2,"0 - Low","1 - Present",3,5,1,1,0,1,0
799,25,62,"Male",31,"5 - Very Unexpected","1 - Absolutely Yes","1 - cautious",16,2,"1 - High","1 - Present",4,5,1,1,1,1,1
800,25,62,"Male",32,"5 - Very Unexpected","2 - Yes, a bit inconvenient but manageable","1 - cautious",5,2,"1 - High","1 - Present",4,5,2,1,1,1,1
801,26,27,"Female",1,"5 - Very Unexpected","4 - Certainly Not","1 - cautious",12,1,"0 - Low","1 - Present",3,5,4,1,0,1,0
802,26,27,"Female",2,"4 - Somewhat Unexpected","4 - Certainly Not","1 - cautious",14,1,"1 - High","1 - Present",4,4,4,1,1,1,1
803,26,27,"Female",3,"1 - Completely Expected","1 - Absolutely Yes","1 - cautious",2,1,"0 - Low","0 - None",1,1,1,1,0,0,0
804,26,27,"Female",4,"5 - Very Unexpected","3 - Yes, but would not be feel nice","1 - cautious",3,1,"1 - High","1 - Present",4,5,3,1,1,1,1
805,26,27,"Female",5,"4 - Somewhat Unexpected","2 - Yes, a bit inconvenient but manageable","1 - cautious",7,1,"0 - Low","1 - Present",3,4,2,1,0,1,0
806,26,27,"Female",6,"3 - Indifferent / Can't Decide","1 - Absolutely Yes","1 - cautious",13,1,"0 - Low","1 - Present",3,3,1,1,0,1,0
807,26,27,"Female",7,"5 - Very Unexpected","4 - Certainly Not","1 - cautious",12,2,"1 - High","1 - Present",4,5,4,1,1,1,1
808,26,27,"Female",8,"4 - Somewhat Unexpected","2 - Yes, a bit inconvenient but manageable","1 - cautious",4,1,"1 - High","1 - Present",4,4,2,1,1,1,1
809,26,27,"Female",9,"2 - Somewhat Expected","2 - Yes, a bit inconvenient but manageable","1 - cautious",11,1,"1 - High","0 - None",2,2,2,1,1,0,0
810,26,27,"Female",10,"2 - Somewhat Expected","1 - Absolutely Yes","1 - cautious",11,2,"0 - Low","0 - None",1,2,1,1,0,0,0
811,26,27,"Female",11,"1 - Completely Expected","2 - Yes, a bit inconvenient but manageable","1 - cautious",5,1,"1 - High","0 - None",2,1,2,1,1,0,0
812,26,27,"Female",12,"1 - Completely Expected","1 - Absolutely Yes","1 - cautious",10,1,"0 - Low","0 - None",1,1,1,1,0,0,0
813,26,27,"Female",13,"2 - Somewhat Expected","1 - Absolutely Yes","1 - cautious",8,1,"0 - Low","1 - Present",3,2,1,1,0,1,0
814,26,27,"Female",14,"4 - Somewhat Unexpected","2 - Yes, a bit inconvenient but manageable","1 - cautious",4,2,"0 - Low","1 - Present",3,4,2,1,0,1,0
815,26,27,"Female",15,"2 - Somewhat Expected","1 - Absolutely Yes","1 - cautious",9,1,"0 - Low","0 - None",1,2,1,1,0,0,0
816,26,27,"Female",16,"3 - Indifferent / Can't Decide","3 - Yes, but would not be feel nice","1 - cautious",15,1,"0 - Low","1 - Present",3,3,3,1,0,1,0
817,26,27,"Female",17,"1 - Completely Expected","1 - Absolutely Yes","1 - cautious",8,2,"1 - High","0 - None",2,1,1,1,1,0,0
818,26,27,"Female",18,"1 - Completely Expected","2 - Yes, a bit inconvenient but manageable","1 - cautious",7,2,"1 - High","0 - None",2,1,2,1,1,0,0
819,26,27,"Female",19,"1 - Completely Expected","2 - Yes, a bit inconvenient but manageable","1 - cautious",1,1,"1 - High","0 - None",2,1,2,1,1,0,0
820,26,27,"Female",20,"5 - Very Unexpected","4 - Certainly Not","1 - cautious",6,1,"1 - High","1 - Present",4,5,4,1,1,1,1
821,26,27,"Female",21,"1 - Completely Expected","1 - Absolutely Yes","1 - cautious",5,2,"0 - Low","0 - None",1,1,1,1,0,0,0
822,26,27,"Female",22,"2 - Somewhat Expected","1 - Absolutely Yes","1 - cautious",9,2,"1 - High","0 - None",2,2,1,1,1,0,0
823,26,27,"Female",23,"1 - Completely Expected","1 - Absolutely Yes","1 - cautious",13,2,"0 - Low","0 - None",1,1,1,1,0,0,0
824,26,27,"Female",24,"4 - Somewhat Unexpected","2 - Yes, a bit inconvenient but manageable","1 - cautious",16,1,"0 - Low","1 - Present",3,4,2,1,0,1,0
825,26,27,"Female",25,"5 - Very Unexpected","3 - Yes, but would not be feel nice","1 - cautious",2,2,"1 - High","1 - Present",4,5,3,1,1,1,1
826,26,27,"Female",26,"4 - Somewhat Unexpected","4 - Certainly Not","1 - cautious",14,2,"0 - Low","0 - None",1,4,4,1,0,0,0
827,26,27,"Female",27,"4 - Somewhat Unexpected","3 - Yes, but would not be feel nice","1 - cautious",16,2,"1 - High","0 - None",2,4,3,1,1,0,0
828,26,27,"Female",28,"1 - Completely Expected","1 - Absolutely Yes","1 - cautious",10,2,"0 - Low","0 - None",1,1,1,1,0,0,0
829,26,27,"Female",29,"5 - Very Unexpected","4 - Certainly Not","1 - cautious",3,2,"1 - High","1 - Present",4,5,4,1,1,1,1
830,26,27,"Female",30,"1 - Completely Expected","3 - Yes, but would not be feel nice","1 - cautious",15,2,"1 - High","0 - None",2,1,3,1,1,0,0
831,26,27,"Female",31,"4 - Somewhat Unexpected","2 - Yes, a bit inconvenient but manageable","1 - cautious",1,2,"0 - Low","1 - Present",3,4,2,1,0,1,0
832,26,27,"Female",32,"5 - Very Unexpected","4 - Certainly Not","1 - cautious",6,2,"1 - High","1 - Present",4,5,4,1,1,1,1
833,27,25,"Male",1,"5 - Very Unexpected","1 - Absolutely Yes","0 - adventurous",3,1,"0 - Low","1 - Present",3,5,1,0,0,1,0
834,27,25,"Male",2,"4 - Somewhat Unexpected","1 - Absolutely Yes","0 - adventurous",16,1,"1 - High","1 - Present",4,4,1,0,1,1,1
835,27,25,"Male",3,"5 - Very Unexpected","1 - Absolutely Yes","0 - adventurous",14,1,"1 - High","1 - Present",4,5,1,0,1,1,1
836,27,25,"Male",4,"1 - Completely Expected","1 - Absolutely Yes","0 - adventurous",10,1,"1 - High","0 - None",2,1,1,0,1,0,0
837,27,25,"Male",5,"1 - Completely Expected","1 - Absolutely Yes","0 - adventurous",3,2,"0 - Low","0 - None",1,1,1,0,0,0,0
838,27,25,"Male",6,"1 - Completely Expected","1 - Absolutely Yes","0 - adventurous",7,1,"1 - High","0 - None",2,1,1,0,1,0,0
839,27,25,"Male",7,"1 - Completely Expected","1 - Absolutely Yes","0 - adventurous",16,2,"0 - Low","0 - None",1,1,1,0,0,0,0
840,27,25,"Male",8,"4 - Somewhat Unexpected","1 - Absolutely Yes","0 - adventurous",6,1,"0 - Low","1 - Present",3,4,1,0,0,1,0
841,27,25,"Male",9,"4 - Somewhat Unexpected","1 - Absolutely Yes","0 - adventurous",6,2,"0 - Low","1 - Present",3,4,1,0,0,1,0
842,27,25,"Male",10,"5 - Very Unexpected","1 - Absolutely Yes","0 - adventurous",4,1,"1 - High","1 - Present",4,5,1,0,1,1,1
843,27,25,"Male",11,"5 - Very Unexpected","1 - Absolutely Yes","0 - adventurous",4,2,"1 - High","1 - Present",4,5,1,0,1,1,1
844,27,25,"Male",12,"1 - Completely Expected","1 - Absolutely Yes","0 - adventurous",13,1,"0 - Low","0 - None",1,1,1,0,0,0,0
845,27,25,"Male",13,"5 - Very Unexpected","1 - Absolutely Yes","0 - adventurous",12,1,"1 - High","1 - Present",4,5,1,0,1,1,1
846,27,25,"Male",14,"4 - Somewhat Unexpected","4 - Certainly Not","0 - adventurous",15,1,"0 - Low","1 - Present",3,4,4,0,0,1,0
847,27,25,"Male",15,"5 - Very Unexpected","1 - Absolutely Yes","0 - adventurous",8,1,"1 - High","1 - Present",4,5,1,0,1,1,1
848,27,25,"Male",16,"1 - Completely Expected","1 - Absolutely Yes","0 - adventurous",1,1,"1 - High","0 - None",2,1,1,0,1,0,0
849,27,25,"Male",17,"2 - Somewhat Expected","3 - Yes, but would not be feel nice","0 - adventurous",11,1,"1 - High","0 - None",2,2,3,0,1,0,0
850,27,25,"Male",18,"1 - Completely Expected","1 - Absolutely Yes","0 - adventurous",13,2,"0 - Low","0 - None",1,1,1,0,0,0,0
851,27,25,"Male",19,"1 - Completely Expected","1 - Absolutely Yes","0 - adventurous",7,2,"1 - High","0 - None",2,1,1,0,1,0,0
852,27,25,"Male",20,"1 - Completely Expected","1 - Absolutely Yes","0 - adventurous",1,2,"1 - High","0 - None",2,1,1,0,1,0,0
853,27,25,"Male",21,"2 - Somewhat Expected","1 - Absolutely Yes","0 - adventurous",8,2,"0 - Low","0 - None",1,2,1,0,0,0,0
854,27,25,"Male",22,"1 - Completely Expected","1 - Absolutely Yes","0 - adventurous",12,2,"0 - Low","0 - None",1,1,1,0,0,0,0
855,27,25,"Male",23,"4 - Somewhat Unexpected","4 - Certainly Not","0 - adventurous",15,2,"0 - Low","1 - Present",3,4,4,0,0,1,0
856,27,25,"Male",24,"5 - Very Unexpected","1 - Absolutely Yes","0 - adventurous",5,1,"0 - Low","1 - Present",3,5,1,0,0,1,0
857,27,25,"Male",25,"5 - Very Unexpected","1 - Absolutely Yes","0 - adventurous",2,1,"0 - Low","1 - Present",3,5,1,0,0,1,0
858,27,25,"Male",26,"5 - Very Unexpected","1 - Absolutely Yes","0 - adventurous",9,1,"1 - High","1 - Present",4,5,1,0,1,1,1
859,27,25,"Male",27,"5 - Very Unexpected","3 - Yes, but would not be feel nice","0 - adventurous",5,2,"1 - High","0 - None",2,5,3,0,1,0,0
860,27,25,"Male",28,"5 - Very Unexpected","1 - Absolutely Yes","0 - adventurous",10,2,"0 - Low","1 - Present",3,5,1,0,0,1,0
861,27,25,"Male",29,"1 - Completely Expected","1 - Absolutely Yes","0 - adventurous",9,2,"0 - Low","0 - None",1,1,1,0,0,0,0
862,27,25,"Male",30,"5 - Very Unexpected","1 - Absolutely Yes","0 - adventurous",2,2,"1 - High","1 - Present",4,5,1,0,1,1,1
863,27,25,"Male",31,"2 - Somewhat Expected","1 - Absolutely Yes","0 - adventurous",11,2,"0 - Low","0 - None",1,2,1,0,0,0,0
864,27,25,"Male",32,"1 - Completely Expected","2 - Yes, a bit inconvenient but manageable","0 - adventurous",14,2,"1 - High","0 - None",2,1,2,0,1,0,0
865,28,53,"Male",1,"4 - Somewhat Unexpected","2 - Yes, a bit inconvenient but manageable","0 - adventurous",9,1,"0 - Low","1 - Present",3,4,2,0,0,1,0
866,28,53,"Male",2,"4 - Somewhat Unexpected","2 - Yes, a bit inconvenient but manageable","0 - adventurous",10,1,"0 - Low","1 - Present",3,4,2,0,0,1,0
867,28,53,"Male",3,"5 - Very Unexpected","2 - Yes, a bit inconvenient but manageable","0 - adventurous",11,1,"1 - High","1 - Present",4,5,2,0,1,1,1
868,28,53,"Male",4,"4 - Somewhat Unexpected","2 - Yes, a bit inconvenient but manageable","0 - adventurous",7,1,"0 - Low","1 - Present",3,4,2,0,0,1,0
869,28,53,"Male",5,"1 - Completely Expected","1 - Absolutely Yes","0 - adventurous",6,1,"0 - Low","0 - None",1,1,1,0,0,0,0
870,28,53,"Male",6,"1 - Completely Expected","1 - Absolutely Yes","0 - adventurous",3,1,"1 - High","0 - None",2,1,1,0,1,0,0
871,28,53,"Male",7,"4 - Somewhat Unexpected","1 - Absolutely Yes","0 - adventurous",1,1,"0 - Low","1 - Present",3,4,1,0,0,1,0
872,28,53,"Male",8,"1 - Completely Expected","1 - Absolutely Yes","0 - adventurous",11,2,"0 - Low","0 - None",1,1,1,0,0,0,0
873,28,53,"Male",9,"1 - Completely Expected","2 - Yes, a bit inconvenient but manageable","0 - adventurous",6,2,"1 - High","0 - None",2,1,2,0,1,0,0
874,28,53,"Male",10,"5 - Very Unexpected","3 - Yes, but would not be feel nice","0 - adventurous",15,1,"1 - High","1 - Present",4,5,3,0,1,1,1
875,28,53,"Male",11,"1 - Completely Expected","2 - Yes, a bit inconvenient but manageable","0 - adventurous",8,1,"1 - High","0 - None",2,1,2,0,1,0,0
876,28,53,"Male",12,"1 - Completely Expected","1 - Absolutely Yes","0 - adventurous",12,1,"0 - Low","0 - None",1,1,1,0,0,0,0
877,28,53,"Male",13,"1 - Completely Expected","1 - Absolutely Yes","0 - adventurous",13,1,"0 - Low","0 - None",1,1,1,0,0,0,0
878,28,53,"Male",14,"4 - Somewhat Unexpected","1 - Absolutely Yes","0 - adventurous",8,2,"1 - High","1 - Present",4,4,1,0,1,1,1
879,28,53,"Male",15,"4 - Somewhat Unexpected","1 - Absolutely Yes","0 - adventurous",10,2,"0 - Low","1 - Present",3,4,1,0,0,1,0
880,28,53,"Male",16,"4 - Somewhat Unexpected","2 - Yes, a bit inconvenient but manageable","0 - adventurous",14,1,"1 - High","1 - Present",4,4,2,0,1,1,1
881,28,53,"Male",17,"1 - Completely Expected","1 - Absolutely Yes","0 - adventurous",5,1,"0 - Low","0 - None",1,1,1,0,0,0,0
882,28,53,"Male",18,"1 - Completely Expected","1 - Absolutely Yes","0 - adventurous",13,2,"1 - High","0 - None",2,1,1,0,1,0,0
883,28,53,"Male",19,"4 - Somewhat Unexpected","1 - Absolutely Yes","0 - adventurous",15,2,"0 - Low","1 - Present",3,4,1,0,0,1,0
884,28,53,"Male",20,"4 - Somewhat Unexpected","1 - Absolutely Yes","0 - adventurous",9,2,"0 - Low","1 - Present",3,4,1,0,0,1,0
885,28,53,"Male",21,"1 - Completely Expected","1 - Absolutely Yes","0 - adventurous",16,1,"1 - High","0 - None",2,1,1,0,1,0,0
886,28,53,"Male",22,"4 - Somewhat Unexpected","1 - Absolutely Yes","0 - adventurous",4,1,"0 - Low","1 - Present",3,4,1,0,0,1,0
887,28,53,"Male",23,"1 - Completely Expected","2 - Yes, a bit inconvenient but manageable","0 - adventurous",5,2,"1 - High","0 - None",2,1,2,0,1,0,0
888,28,53,"Male",24,"1 - Completely Expected","2 - Yes, a bit inconvenient but manageable","0 - adventurous",14,2,"0 - Low","0 - None",1,1,2,0,0,0,0
889,28,53,"Male",25,"5 - Very Unexpected","2 - Yes, a bit inconvenient but manageable","0 - adventurous",2,1,"1 - High","1 - Present",4,5,2,0,1,1,1
890,28,53,"Male",26,"5 - Very Unexpected","2 - Yes, a bit inconvenient but manageable","0 - adventurous",3,2,"1 - High","1 - Present",4,5,2,0,1,1,1
891,28,53,"Male",27,"1 - Completely Expected","1 - Absolutely Yes","0 - adventurous",16,2,"1 - High","0 - None",2,1,1,0,1,0,0
892,28,53,"Male",28,"1 - Completely Expected","1 - Absolutely Yes","0 - adventurous",1,2,"0 - Low","0 - None",1,1,1,0,0,0,0
893,28,53,"Male",29,"1 - Completely Expected","2 - Yes, a bit inconvenient but manageable","0 - adventurous",2,2,"1 - High","0 - None",2,1,2,0,1,0,0
894,28,53,"Male",30,"4 - Somewhat Unexpected","1 - Absolutely Yes","0 - adventurous",4,2,"1 - High","1 - Present",4,4,1,0,1,1,1
895,28,53,"Male",31,"5 - Very Unexpected","2 - Yes, a bit inconvenient but manageable","0 - adventurous",12,2,"1 - High","1 - Present",4,5,2,0,1,1,1
896,28,53,"Male",32,"1 - Completely Expected","2 - Yes, a bit inconvenient but manageable","0 - adventurous",7,2,"0 - Low","0 - None",1,1,2,0,0,0,0
897,29,38,"Female",1,"4 - Somewhat Unexpected","2 - Yes, a bit inconvenient but manageable","0 - adventurous",7,1,"1 - High","1 - Present",4,4,2,0,1,1,1
898,29,38,"Female",2,"4 - Somewhat Unexpected","2 - Yes, a bit inconvenient but manageable","0 - adventurous",2,1,"0 - Low","1 - Present",3,4,2,0,0,1,0
899,29,38,"Female",3,"1 - Completely Expected","1 - Absolutely Yes","0 - adventurous",4,1,"0 - Low","0 - None",1,1,1,0,0,0,0
900,29,38,"Female",4,"5 - Very Unexpected","4 - Certainly Not","0 - adventurous",9,1,"1 - High","1 - Present",4,5,4,0,1,1,1
901,29,38,"Female",5,"5 - Very Unexpected","4 - Certainly Not","0 - adventurous",11,1,"0 - Low","0 - None",1,5,4,0,0,0,0
902,29,38,"Female",6,"5 - Very Unexpected","4 - Certainly Not","0 - adventurous",11,2,"0 - Low","0 - None",1,5,4,0,0,0,0
903,29,38,"Female",7,"5 - Very Unexpected","4 - Certainly Not","0 - adventurous",15,1,"0 - Low","1 - Present",3,5,4,0,0,1,0
904,29,38,"Female",8,"1 - Completely Expected","2 - Yes, a bit inconvenient but manageable","0 - adventurous",10,1,"1 - High","0 - None",2,1,2,0,1,0,0
905,29,38,"Female",9,"1 - Completely Expected","2 - Yes, a bit inconvenient but manageable","0 - adventurous",10,2,"1 - High","0 - None",2,1,2,0,1,0,0
906,29,38,"Female",10,"5 - Very Unexpected","2 - Yes, a bit inconvenient but manageable","0 - adventurous",12,1,"1 - High","1 - Present",4,5,2,0,1,1,1
907,29,38,"Female",11,"1 - Completely Expected","2 - Yes, a bit inconvenient but manageable","0 - adventurous",14,1,"1 - High","0 - None",2,1,2,0,1,0,0
908,29,38,"Female",12,"1 - Completely Expected","1 - Absolutely Yes","0 - adventurous",16,1,"0 - Low","0 - None",1,1,1,0,0,0,0
909,29,38,"Female",13,"1 - Completely Expected","2 - Yes, a bit inconvenient but manageable","0 - adventurous",6,1,"1 - High","0 - None",2,1,2,0,1,0,0
910,29,38,"Female",14,"1 - Completely Expected","2 - Yes, a bit inconvenient but manageable","0 - adventurous",7,2,"0 - Low","0 - None",1,1,2,0,0,0,0
911,29,38,"Female",15,"5 - Very Unexpected","4 - Certainly Not","0 - adventurous",1,1,"1 - High","1 - Present",4,5,4,0,1,1,1
912,29,38,"Female",16,"1 - Completely Expected","1 - Absolutely Yes","0 - adventurous",13,1,"0 - Low","0 - None",1,1,1,0,0,0,0
913,29,38,"Female",17,"5 - Very Unexpected","3 - Yes, but would not be feel nice","0 - adventurous",3,1,"1 - High","1 - Present",4,5,3,0,1,1,1
914,29,38,"Female",18,"1 - Completely Expected","2 - Yes, a bit inconvenient but manageable","0 - adventurous",14,2,"1 - High","0 - None",2,1,2,0,1,0,0
915,29,38,"Female",19,"4 - Somewhat Unexpected","2 - Yes, a bit inconvenient but manageable","0 - adventurous",4,2,"1 - High","1 - Present",4,4,2,0,1,1,1
916,29,38,"Female",20,"5 - Very Unexpected","4 - Certainly Not","0 - adventurous",15,2,"0 - Low","1 - Present",3,5,4,0,0,1,0
917,29,38,"Female",21,"1 - Completely Expected","1 - Absolutely Yes","0 - adventurous",1,2,"0 - Low","0 - None",1,1,1,0,0,0,0
918,29,38,"Female",22,"5 - Very Unexpected","3 - Yes, but would not be feel nice","0 - adventurous",8,1,"0 - Low","1 - Present",3,5,3,0,0,1,0
919,29,38,"Female",23,"5 - Very Unexpected","2 - Yes, a bit inconvenient but manageable","0 - adventurous",8,2,"1 - High","1 - Present",4,5,2,0,1,1,1
920,29,38,"Female",24,"4 - Somewhat Unexpected","4 - Certainly Not","0 - adventurous",6,2,"0 - Low","1 - Present",3,4,4,0,0,1,0
921,29,38,"Female",25,"1 - Completely Expected","1 - Absolutely Yes","0 - adventurous",5,1,"1 - High","0 - None",2,1,1,0,1,0,0
922,29,38,"Female",26,"5 - Very Unexpected","3 - Yes, but would not be feel nice","0 - adventurous",13,2,"1 - High","1 - Present",4,5,3,0,1,1,1
923,29,38,"Female",27,"1 - Completely Expected","1 - Absolutely Yes","0 - adventurous",16,2,"0 - Low","0 - None",1,1,1,0,0,0,0
924,29,38,"Female",28,"1 - Completely Expected","2 - Yes, a bit inconvenient but manageable","0 - adventurous",12,2,"1 - High","0 - None",2,1,2,0,1,0,0
925,29,38,"Female",29,"1 - Completely Expected","2 - Yes, a bit inconvenient but manageable","0 - adventurous",3,2,"1 - High","0 - None",2,1,2,0,1,0,0
926,29,38,"Female",30,"5 - Very Unexpected","2 - Yes, a bit inconvenient but manageable","0 - adventurous",5,2,"0 - Low","1 - Present",3,5,2,0,0,1,0
927,29,38,"Female",31,"5 - Very Unexpected","4 - Certainly Not","0 - adventurous",9,2,"0 - Low","1 - Present",3,5,4,0,0,1,0
928,29,38,"Female",32,"5 - Very Unexpected","2 - Yes, a bit inconvenient but manageable","0 - adventurous",2,2,"0 - Low","1 - Present",3,5,2,0,0,1,0
929,30,35,"Female",1,"4 - Somewhat Unexpected","2 - Yes, a bit inconvenient but manageable","0 - adventurous",14,1,"0 - Low","1 - Present",3,4,2,0,0,1,0
930,30,35,"Female",2,"2 - Somewhat Expected","2 - Yes, a bit inconvenient but manageable","0 - adventurous",3,1,"0 - Low","0 - None",1,2,2,0,0,0,0
931,30,35,"Female",3,"4 - Somewhat Unexpected","3 - Yes, but would not be feel nice","0 - adventurous",10,1,"0 - Low","1 - Present",3,4,3,0,0,1,0
932,30,35,"Female",4,"1 - Completely Expected","1 - Absolutely Yes","0 - adventurous",2,1,"1 - High","0 - None",2,1,1,0,1,0,0
933,30,35,"Female",5,"5 - Very Unexpected","4 - Certainly Not","0 - adventurous",4,1,"0 - Low","1 - Present",3,5,4,0,0,1,0
934,30,35,"Female",6,"1 - Completely Expected","1 - Absolutely Yes","0 - adventurous",11,1,"0 - Low","0 - None",1,1,1,0,0,0,0
935,30,35,"Female",7,"5 - Very Unexpected","2 - Yes, a bit inconvenient but manageable","0 - adventurous",5,1,"1 - High","1 - Present",4,5,2,0,1,1,1
936,30,35,"Female",8,"1 - Completely Expected","1 - Absolutely Yes","0 - adventurous",9,1,"0 - Low","0 - None",1,1,1,0,0,0,0
937,30,35,"Female",9,"4 - Somewhat Unexpected","3 - Yes, but would not be feel nice","0 - adventurous",15,1,"1 - High","1 - Present",4,4,3,0,1,1,1
938,30,35,"Female",10,"1 - Completely Expected","2 - Yes, a bit inconvenient but manageable","0 - adventurous",15,2,"1 - High","0 - None",2,1,2,0,1,0,0
939,30,35,"Female",11,"4 - Somewhat Unexpected","2 - Yes, a bit inconvenient but manageable","0 - adventurous",12,1,"0 - Low","1 - Present",3,4,2,0,0,1,0
940,30,35,"Female",12,"1 - Completely Expected","2 - Yes, a bit inconvenient but manageable","0 - adventurous",10,2,"1 - High","0 - None",2,1,2,0,1,0,0
941,30,35,"Female",13,"2 - Somewhat Expected","2 - Yes, a bit inconvenient but manageable","0 - adventurous",5,2,"1 - High","0 - None",2,2,2,0,1,0,0
942,30,35,"Female",14,"5 - Very Unexpected","3 - Yes, but would not be feel nice","0 - adventurous",13,1,"1 - High","1 - Present",4,5,3,0,1,1,1
943,30,35,"Female",15,"2 - Somewhat Expected","1 - Absolutely Yes","0 - adventurous",8,1,"0 - Low","0 - None",1,2,1,0,0,0,0
944,30,35,"Female",16,"4 - Somewhat Unexpected","2 - Yes, a bit inconvenient but manageable","0 - adventurous",9,2,"1 - High","1 - Present",4,4,2,0,1,1,1
945,30,35,"Female",17,"3 - Indifferent / Can't Decide","2 - Yes, a bit inconvenient but manageable","0 - adventurous",8,2,"0 - Low","1 - Present",3,3,2,0,0,1,0
946,30,35,"Female",18,"1 - Completely Expected","1 - Absolutely Yes","0 - adventurous",7,1,"1 - High","0 - None",2,1,1,0,1,0,0
947,30,35,"Female",19,"2 - Somewhat Expected","1 - Absolutely Yes","0 - adventurous",2,2,"0 - Low","0 - None",1,2,1,0,0,0,0
948,30,35,"Female",20,"2 - Somewhat Expected","1 - Absolutely Yes","0 - adventurous",16,1,"0 - Low","0 - None",1,2,1,0,0,0,0
949,30,35,"Female",21,"5 - Very Unexpected","4 - Certainly Not","0 - adventurous",6,1,"1 - High","1 - Present",4,5,4,0,1,1,1
950,30,35,"Female",22,"2 - Somewhat Expected","1 - Absolutely Yes","0 - adventurous",4,2,"0 - Low","0 - None",1,2,1,0,0,0,0
951,30,35,"Female",23,"1 - Completely Expected","1 - Absolutely Yes","0 - adventurous",6,2,"1 - High","0 - None",2,1,1,0,1,0,0
952,30,35,"Female",24,"1 - Completely Expected","1 - Absolutely Yes","0 - adventurous",12,2,"0 - Low","0 - None",1,1,1,0,0,0,0
953,30,35,"Female",25,"5 - Very Unexpected","2 - Yes, a bit inconvenient but manageable","0 - adventurous",3,2,"1 - High","1 - Present",4,5,2,0,1,1,1
954,30,35,"Female",26,"1 - Completely Expected","1 - Absolutely Yes","0 - adventurous",1,1,"1 - High","0 - None",2,1,1,0,1,0,0
955,30,35,"Female",27,"5 - Very Unexpected","2 - Yes, a bit inconvenient but manageable","0 - adventurous",11,2,"0 - Low","1 - Present",3,5,2,0,0,1,0
956,30,35,"Female",28,"5 - Very Unexpected","3 - Yes, but would not be feel nice","0 - adventurous",14,2,"1 - High","1 - Present",4,5,3,0,1,1,1
957,30,35,"Female",29,"1 - Completely Expected","1 - Absolutely Yes","0 - adventurous",13,2,"1 - High","0 - None",2,1,1,0,1,0,0
958,30,35,"Female",30,"4 - Somewhat Unexpected","2 - Yes, a bit inconvenient but manageable","0 - adventurous",7,2,"0 - Low","1 - Present",3,4,2,0,0,1,0
959,30,35,"Female",31,"4 - Somewhat Unexpected","3 - Yes, but would not be feel nice","0 - adventurous",16,2,"1 - High","1 - Present",4,4,3,0,1,1,1
960,30,35,"Female",32,"4 - Somewhat Unexpected","2 - Yes, a bit inconvenient but manageable","0 - adventurous",1,2,"0 - Low","1 - Present",3,4,2,0,0,1,0
961,31,55,"Female",1,"4 - Somewhat Unexpected","3 - Yes, but would not be feel nice","0 - adventurous",9,1,"0 - Low","1 - Present",3,4,3,0,0,1,0
962,31,55,"Female",2,"1 - Completely Expected","1 - Absolutely Yes","0 - adventurous",16,1,"1 - High","1 - Present",4,1,1,0,1,1,1
963,31,55,"Female",3,"1 - Completely Expected","1 - Absolutely Yes","0 - adventurous",11,1,"1 - High","0 - None",2,1,1,0,1,0,0
964,31,55,"Female",4,"1 - Completely Expected","1 - Absolutely Yes","0 - adventurous",2,1,"0 - Low","0 - None",1,1,1,0,0,0,0
965,31,55,"Female",5,"2 - Somewhat Expected","1 - Absolutely Yes","0 - adventurous",8,1,"1 - High","1 - Present",4,2,1,0,1,1,1
966,31,55,"Female",6,"4 - Somewhat Unexpected","3 - Yes, but would not be feel nice","0 - adventurous",9,2,"0 - Low","1 - Present",3,4,3,0,0,1,0
967,31,55,"Female",7,"1 - Completely Expected","1 - Absolutely Yes","0 - adventurous",11,2,"1 - High","0 - None",2,1,1,0,1,0,0
968,31,55,"Female",8,"4 - Somewhat Unexpected","1 - Absolutely Yes","0 - adventurous",13,1,"0 - Low","1 - Present",3,4,1,0,0,1,0
969,31,55,"Female",9,"5 - Very Unexpected","1 - Absolutely Yes","0 - adventurous",5,1,"1 - High","1 - Present",4,5,1,0,1,1,1
970,31,55,"Female",10,"1 - Completely Expected","1 - Absolutely Yes","0 - adventurous",5,2,"1 - High","0 - None",2,1,1,0,1,0,0
971,31,55,"Female",11,"1 - Completely Expected","1 - Absolutely Yes","0 - adventurous",4,1,"0 - Low","0 - None",1,1,1,0,0,0,0
972,31,55,"Female",12,"5 - Very Unexpected","4 - Certainly Not","0 - adventurous",2,2,"0 - Low","1 - Present",3,5,4,0,0,1,0
973,31,55,"Female",13,"5 - Very Unexpected","4 - Certainly Not","0 - adventurous",1,1,"1 - High","1 - Present",4,5,4,0,1,1,1
974,31,55,"Female",14,"1 - Completely Expected","1 - Absolutely Yes","0 - adventurous",6,1,"0 - Low","0 - None",1,1,1,0,0,0,0
975,31,55,"Female",15,"5 - Very Unexpected","1 - Absolutely Yes","0 - adventurous",14,1,"0 - Low","1 - Present",3,5,1,0,0,1,0
976,31,55,"Female",16,"1 - Completely Expected","1 - Absolutely Yes","0 - adventurous",16,2,"1 - High","1 - Present",4,1,1,0,1,1,1
977,31,55,"Female",17,"1 - Completely Expected","1 - Absolutely Yes","0 - adventurous",4,2,"0 - Low","0 - None",1,1,1,0,0,0,0
978,31,55,"Female",18,"1 - Completely Expected","1 - Absolutely Yes","0 - adventurous",3,1,"0 - Low","0 - None",1,1,1,0,0,0,0
979,31,55,"Female",19,"1 - Completely Expected","1 - Absolutely Yes","0 - adventurous",14,2,"1 - High","0 - None",2,1,1,0,1,0,0
980,31,55,"Female",20,"5 - Very Unexpected","1 - Absolutely Yes","0 - adventurous",12,1,"0 - Low","1 - Present",3,5,1,0,0,1,0
981,31,55,"Female",21,"1 - Completely Expected","1 - Absolutely Yes","0 - adventurous",10,1,"0 - Low","0 - None",1,1,1,0,0,0,0
982,31,55,"Female",22,"1 - Completely Expected","1 - Absolutely Yes","0 - adventurous",15,1,"1 - High","0 - None",2,1,1,0,1,0,0
983,31,55,"Female",23,"1 - Completely Expected","1 - Absolutely Yes","0 - adventurous",8,2,"1 - High","0 - None",2,1,1,0,1,0,0
984,31,55,"Female",24,"5 - Very Unexpected","1 - Absolutely Yes","0 - adventurous",12,2,"0 - Low","1 - Present",3,5,1,0,0,1,0
985,31,55,"Female",25,"1 - Completely Expected","1 - Absolutely Yes","0 - adventurous",10,2,"0 - Low","0 - None",1,1,1,0,0,0,0
986,31,55,"Female",26,"5 - Very Unexpected","1 - Absolutely Yes","0 - adventurous",13,2,"1 - High","1 - Present",4,5,1,0,1,1,1
987,31,55,"Female",27,"5 - Very Unexpected","4 - Certainly Not","0 - adventurous",6,2,"1 - High","1 - Present",4,5,4,0,1,1,1
988,31,55,"Female",28,"4 - Somewhat Unexpected","1 - Absolutely Yes","0 - adventurous",7,1,"0 - Low","1 - Present",3,4,1,0,0,1,0
989,31,55,"Female",29,"5 - Very Unexpected","2 - Yes, a bit inconvenient but manageable","0 - adventurous",15,2,"1 - High","1 - Present",4,5,2,0,1,1,1
990,31,55,"Female",30,"1 - Completely Expected","1 - Absolutely Yes","0 - adventurous",7,2,"1 - High","0 - None",2,1,1,0,1,0,0
991,31,55,"Female",31,"1 - Completely Expected","1 - Absolutely Yes","0 - adventurous",1,2,"1 - High","0 - None",2,1,1,0,1,0,0
992,31,55,"Female",32,"1 - Completely Expected","1 - Absolutely Yes","0 - adventurous",3,2,"0 - Low","0 - None",1,1,1,0,0,0,0
993,32,36,"Female",1,"1 - Completely Expected","1 - Absolutely Yes","1 - cautious",5,1,"1 - High","0 - None",2,1,1,1,1,0,0
994,32,36,"Female",2,"2 - Somewhat Expected","1 - Absolutely Yes","1 - cautious",9,1,"1 - High","0 - None",2,2,1,1,1,0,0
995,32,36,"Female",3,"5 - Very Unexpected","4 - Certainly Not","1 - cautious",6,1,"1 - High","1 - Present",4,5,4,1,1,1,1
996,32,36,"Female",4,"1 - Completely Expected","3 - Yes, but would not be feel nice","1 - cautious",15,1,"0 - Low","0 - None",1,1,3,1,0,0,0
997,32,36,"Female",5,"4 - Somewhat Unexpected","1 - Absolutely Yes","1 - cautious",10,1,"0 - Low","1 - Present",3,4,1,1,0,1,0
998,32,36,"Female",6,"1 - Completely Expected","1 - Absolutely Yes","1 - cautious",16,1,"0 - Low","0 - None",1,1,1,1,0,0,0
999,32,36,"Female",7,"1 - Completely Expected","3 - Yes, but would not be feel nice","1 - cautious",15,2,"1 - High","0 - None",2,1,3,1,1,0,0
1000,32,36,"Female",8,"4 - Somewhat Unexpected","2 - Yes, a bit inconvenient but manageable","1 - cautious",11,1,"1 - High","0 - None",2,4,2,1,1,0,0
1001,32,36,"Female",9,"5 - Very Unexpected","2 - Yes, a bit inconvenient but manageable","1 - cautious",11,2,"0 - Low","1 - Present",3,5,2,1,0,1,0
1002,32,36,"Female",10,"2 - Somewhat Expected","2 - Yes, a bit inconvenient but manageable","1 - cautious",8,1,"1 - High","1 - Present",4,2,2,1,1,1,1
1003,32,36,"Female",11,"1 - Completely Expected","1 - Absolutely Yes","1 - cautious",10,2,"0 - Low","0 - None",1,1,1,1,0,0,0
1004,32,36,"Female",12,"2 - Somewhat Expected","1 - Absolutely Yes","1 - cautious",7,1,"0 - Low","1 - Present",3,2,1,1,0,1,0
1005,32,36,"Female",13,"1 - Completely Expected","3 - Yes, but would not be feel nice","1 - cautious",14,1,"1 - High","0 - None",2,1,3,1,1,0,0
1006,32,36,"Female",14,"5 - Very Unexpected","1 - Absolutely Yes","1 - cautious",9,2,"0 - Low","1 - Present",3,5,1,1,0,1,0
1007,32,36,"Female",15,"2 - Somewhat Expected","1 - Absolutely Yes","1 - cautious",3,1,"0 - Low","0 - None",1,2,1,1,0,0,0
1008,32,36,"Female",16,"1 - Completely Expected","1 - Absolutely Yes","1 - cautious",13,1,"1 - High","0 - None",2,1,1,1,1,0,0
1009,32,36,"Female",17,"5 - Very Unexpected","2 - Yes, a bit inconvenient but manageable","1 - cautious",1,1,"1 - High","1 - Present",4,5,2,1,1,1,1
1010,32,36,"Female",18,"2 - Somewhat Expected","1 - Absolutely Yes","1 - cautious",3,2,"0 - Low","0 - None",1,2,1,1,0,0,0
1011,32,36,"Female",19,"1 - Completely Expected","1 - Absolutely Yes","1 - cautious",4,1,"1 - High","0 - None",2,1,1,1,1,0,0
1012,32,36,"Female",20,"1 - Completely Expected","1 - Absolutely Yes","1 - cautious",5,2,"0 - Low","0 - None",1,1,1,1,0,0,0
1013,32,36,"Female",21,"5 - Very Unexpected","3 - Yes, but would not be feel nice","1 - cautious",2,1,"0 - Low","1 - Present",3,5,3,1,0,1,0
1014,32,36,"Female",22,"1 - Completely Expected","2 - Yes, a bit inconvenient but manageable","1 - cautious",12,1,"1 - High","0 - None",2,1,2,1,1,0,0
1015,32,36,"Female",23,"5 - Very Unexpected","4 - Certainly Not","1 - cautious",6,2,"1 - High","1 - Present",4,5,4,1,1,1,1
1016,32,36,"Female",24,"2 - Somewhat Expected","1 - Absolutely Yes","1 - cautious",14,2,"1 - High","1 - Present",4,2,1,1,1,1,1
1017,32,36,"Female",25,"1 - Completely Expected","1 - Absolutely Yes","1 - cautious",16,2,"0 - Low","0 - None",1,1,1,1,0,0,0
1018,32,36,"Female",26,"5 - Very Unexpected","2 - Yes, a bit inconvenient but manageable","1 - cautious",1,2,"1 - High","1 - Present",4,5,2,1,1,1,1
1019,32,36,"Female",27,"4 - Somewhat Unexpected","1 - Absolutely Yes","1 - cautious",13,2,"0 - Low","1 - Present",3,4,1,1,0,1,0
1020,32,36,"Female",28,"5 - Very Unexpected","3 - Yes, but would not be feel nice","1 - cautious",2,2,"1 - High","1 - Present",4,5,3,1,1,1,1
1021,32,36,"Female",29,"2 - Somewhat Expected","1 - Absolutely Yes","1 - cautious",8,2,"0 - Low","0 - None",1,2,1,1,0,0,0
1022,32,36,"Female",30,"5 - Very Unexpected","3 - Yes, but would not be feel nice","1 - cautious",12,2,"1 - High","1 - Present",4,5,3,1,1,1,1
1023,32,36,"Female",31,"2 - Somewhat Expected","1 - Absolutely Yes","1 - cautious",7,2,"0 - Low","1 - Present",3,2,1,1,0,1,0
1024,32,36,"Female",32,"5 - Very Unexpected","3 - Yes, but would not be feel nice","1 - cautious",4,2,"0 - Low","1 - Present",3,5,3,1,0,1,0
1025,33,36,"Male",1,"5 - Very Unexpected","3 - Yes, but would not be feel nice","1 - cautious",14,1,"0 - Low","0 - None",1,5,3,1,0,0,0
1026,33,36,"Male",2,"1 - Completely Expected","1 - Absolutely Yes","1 - cautious",13,1,"0 - Low","0 - None",1,1,1,1,0,0,0
1027,33,36,"Male",3,"2 - Somewhat Expected","2 - Yes, a bit inconvenient but manageable","1 - cautious",1,1,"1 - High","0 - None",2,2,2,1,1,0,0
1028,33,36,"Male",4,"4 - Somewhat Unexpected","3 - Yes, but would not be feel nice","1 - cautious",12,1,"1 - High","1 - Present",4,4,3,1,1,1,1
1029,33,36,"Male",5,"1 - Completely Expected","1 - Absolutely Yes","1 - cautious",5,1,"1 - High","0 - None",2,1,1,1,1,0,0
1030,33,36,"Male",6,"2 - Somewhat Expected","1 - Absolutely Yes","1 - cautious",4,1,"1 - High","0 - None",2,2,1,1,1,0,0
1031,33,36,"Male",7,"1 - Completely Expected","1 - Absolutely Yes","1 - cautious",13,2,"0 - Low","0 - None",1,1,1,1,0,0,0
1032,33,36,"Male",8,"5 - Very Unexpected","2 - Yes, a bit inconvenient but manageable","1 - cautious",15,1,"0 - Low","1 - Present",3,5,2,1,0,1,0
1033,33,36,"Male",9,"2 - Somewhat Expected","2 - Yes, a bit inconvenient but manageable","1 - cautious",16,1,"1 - High","0 - None",2,2,2,1,1,0,0
1034,33,36,"Male",10,"5 - Very Unexpected","3 - Yes, but would not be feel nice","1 - cautious",1,2,"0 - Low","1 - Present",3,5,3,1,0,1,0
1035,33,36,"Male",11,"4 - Somewhat Unexpected","3 - Yes, but would not be feel nice","1 - cautious",12,2,"1 - High","1 - Present",4,4,3,1,1,1,1
1036,33,36,"Male",12,"4 - Somewhat Unexpected","1 - Absolutely Yes","1 - cautious",11,1,"0 - Low","0 - None",1,4,1,1,0,0,0
1037,33,36,"Male",13,"1 - Completely Expected","1 - Absolutely Yes","1 - cautious",2,1,"0 - Low","0 - None",1,1,1,1,0,0,0
1038,33,36,"Male",14,"5 - Very Unexpected","3 - Yes, but would not be feel nice","1 - cautious",4,2,"1 - High","1 - Present",4,5,3,1,1,1,1
1039,33,36,"Male",15,"3 - Indifferent / Can't Decide","3 - Yes, but would not be feel nice","1 - cautious",10,1,"1 - High","1 - Present",4,3,3,1,1,1,1
1040,33,36,"Male",16,"1 - Completely Expected","1 - Absolutely Yes","1 - cautious",7,1,"1 - High","0 - None",2,1,1,1,1,0,0
1041,33,36,"Male",17,"1 - Completely Expected","1 - Absolutely Yes","1 - cautious",16,2,"0 - Low","1 - Present",3,1,1,1,0,1,0
1042,33,36,"Male",18,"5 - Very Unexpected","2 - Yes, a bit inconvenient but manageable","1 - cautious",14,2,"1 - High","1 - Present",4,5,2,1,1,1,1
1043,33,36,"Male",19,"2 - Somewhat Expected","1 - Absolutely Yes","1 - cautious",10,2,"0 - Low","1 - Present",3,2,1,1,0,1,0
1044,33,36,"Male",20,"5 - Very Unexpected","2 - Yes, a bit inconvenient but manageable","1 - cautious",5,2,"0 - Low","1 - Present",3,5,2,1,0,1,0
1045,33,36,"Male",21,"1 - Completely Expected","1 - Absolutely Yes","1 - cautious",6,1,"1 - High","0 - None",2,1,1,1,1,0,0
1046,33,36,"Male",22,"1 - Completely Expected","1 - Absolutely Yes","1 - cautious",6,2,"1 - High","0 - None",2,1,1,1,1,0,0
1047,33,36,"Male",23,"2 - Somewhat Expected","1 - Absolutely Yes","1 - cautious",9,1,"0 - Low","0 - None",1,2,1,1,0,0,0
1048,33,36,"Male",24,"5 - Very Unexpected","3 - Yes, but would not be feel nice","1 - cautious",15,2,"0 - Low","0 - None",1,5,3,1,0,0,0
1049,33,36,"Male",25,"5 - Very Unexpected","4 - Certainly Not","1 - cautious",2,2,"1 - High","1 - Present",4,5,4,1,1,1,1
1050,33,36,"Male",26,"5 - Very Unexpected","2 - Yes, a bit inconvenient but manageable","1 - cautious",9,2,"1 - High","1 - Present",4,5,2,1,1,1,1
1051,33,36,"Male",27,"5 - Very Unexpected","1 - Absolutely Yes","1 - cautious",3,1,"0 - Low","1 - Present",3,5,1,1,0,1,0
1052,33,36,"Male",28,"5 - Very Unexpected","4 - Certainly Not","1 - cautious",8,1,"0 - Low","1 - Present",3,5,4,1,0,1,0
1053,33,36,"Male",29,"5 - Very Unexpected","3 - Yes, but would not be feel nice","1 - cautious",7,2,"0 - Low","1 - Present",3,5,3,1,0,1,0
1054,33,36,"Male",30,"5 - Very Unexpected","4 - Certainly Not","1 - cautious",11,2,"1 - High","1 - Present",4,5,4,1,1,1,1
1055,33,36,"Male",31,"1 - Completely Expected","1 - Absolutely Yes","1 - cautious",8,2,"0 - Low","0 - None",1,1,1,1,0,0,0
1056,33,36,"Male",32,"1 - Completely Expected","1 - Absolutely Yes","1 - cautious",3,2,"1 - High","0 - None",2,1,1,1,1,0,0
1057,34,60,"Male",1,"1 - Completely Expected","1 - Absolutely Yes","1 - cautious",5,1,"0 - Low","0 - None",1,1,1,1,0,0,0
1058,34,60,"Male",2,"5 - Very Unexpected","2 - Yes, a bit inconvenient but manageable","1 - cautious",3,1,"1 - High","1 - Present",4,5,2,1,1,1,1
1059,34,60,"Male",3,"4 - Somewhat Unexpected","2 - Yes, a bit inconvenient but manageable","1 - cautious",1,1,"0 - Low","1 - Present",3,4,2,1,0,1,0
1060,34,60,"Male",4,"5 - Very Unexpected","3 - Yes, but would not be feel nice","1 - cautious",15,1,"1 - High","1 - Present",4,5,3,1,1,1,1
1061,34,60,"Male",5,"1 - Completely Expected","1 - Absolutely Yes","1 - cautious",2,1,"1 - High","0 - None",2,1,1,1,1,0,0
1062,34,60,"Male",6,"5 - Very Unexpected","2 - Yes, a bit inconvenient but manageable","1 - cautious",13,1,"1 - High","1 - Present",4,5,2,1,1,1,1
1063,34,60,"Male",7,"5 - Very Unexpected","2 - Yes, a bit inconvenient but manageable","1 - cautious",4,1,"1 - High","1 - Present",4,5,2,1,1,1,1
1064,34,60,"Male",8,"1 - Completely Expected","1 - Absolutely Yes","1 - cautious",9,1,"0 - Low","0 - None",1,1,1,1,0,0,0
1065,34,60,"Male",9,"5 - Very Unexpected","4 - Certainly Not","1 - cautious",11,1,"1 - High","1 - Present",4,5,4,1,1,1,1
1066,34,60,"Male",10,"2 - Somewhat Expected","2 - Yes, a bit inconvenient but manageable","1 - cautious",10,1,"1 - High","0 - None",2,2,2,1,1,0,0
1067,34,60,"Male",11,"1 - Completely Expected","1 - Absolutely Yes","1 - cautious",16,1,"0 - Low","0 - None",1,1,1,1,0,0,0
1068,34,60,"Male",12,"5 - Very Unexpected","4 - Certainly Not","1 - cautious",11,2,"0 - Low","1 - Present",3,5,4,1,0,1,0
1069,34,60,"Male",13,"2 - Somewhat Expected","2 - Yes, a bit inconvenient but manageable","1 - cautious",14,1,"1 - High","0 - None",2,2,2,1,1,0,0
1070,34,60,"Male",14,"5 - Very Unexpected","2 - Yes, a bit inconvenient but manageable","1 - cautious",16,2,"1 - High","1 - Present",4,5,2,1,1,1,1
1071,34,60,"Male",15,"2 - Somewhat Expected","2 - Yes, a bit inconvenient but manageable","1 - cautious",10,2,"1 - High","0 - None",2,2,2,1,1,0,0
1072,34,60,"Male",16,"3 - Indifferent / Can't Decide","3 - Yes, but would not be feel nice","1 - cautious",15,2,"0 - Low","0 - None",1,3,3,1,0,0,0
1073,34,60,"Male",17,"3 - Indifferent / Can't Decide","2 - Yes, a bit inconvenient but manageable","1 - cautious",9,2,"0 - Low","0 - None",1,3,2,1,0,0,0
1074,34,60,"Male",18,"4 - Somewhat Unexpected","1 - Absolutely Yes","1 - cautious",8,1,"0 - Low","1 - Present",3,4,1,1,0,1,0
1075,34,60,"Male",19,"4 - Somewhat Unexpected","1 - Absolutely Yes","1 - cautious",14,2,"0 - Low","1 - Present",3,4,1,1,0,1,0
1076,34,60,"Male",20,"2 - Somewhat Expected","2 - Yes, a bit inconvenient but manageable","1 - cautious",4,2,"1 - High","0 - None",2,2,2,1,1,0,0
1077,34,60,"Male",21,"2 - Somewhat Expected","2 - Yes, a bit inconvenient but manageable","1 - cautious",3,2,"1 - High","0 - None",2,2,2,1,1,0,0
1078,34,60,"Male",22,"5 - Very Unexpected","3 - Yes, but would not be feel nice","1 - cautious",2,2,"0 - Low","1 - Present",3,5,3,1,0,1,0
1079,34,60,"Male",23,"1 - Completely Expected","1 - Absolutely Yes","1 - cautious",13,2,"1 - High","0 - None",2,1,1,1,1,0,0
1080,34,60,"Male",24,"4 - Somewhat Unexpected","2 - Yes, a bit inconvenient but manageable","1 - cautious",8,2,"1 - High","1 - Present",4,4,2,1,1,1,1
1081,34,60,"Male",25,"1 - Completely Expected","2 - Yes, a bit inconvenient but manageable","1 - cautious",7,1,"1 - High","0 - None",2,1,2,1,1,0,0
1082,34,60,"Male",26,"1 - Completely Expected","1 - Absolutely Yes","1 - cautious",6,1,"0 - Low","0 - None",1,1,1,1,0,0,0
1083,34,60,"Male",27,"5 - Very Unexpected","1 - Absolutely Yes","1 - cautious",12,1,"0 - Low","1 - Present",3,5,1,1,0,1,0
1084,34,60,"Male",28,"5 - Very Unexpected","3 - Yes, but would not be feel nice","1 - cautious",6,2,"0 - Low","1 - Present",3,5,3,1,0,1,0
1085,34,60,"Male",29,"5 - Very Unexpected","4 - Certainly Not","1 - cautious",5,2,"1 - High","1 - Present",4,5,4,1,1,1,1
1086,34,60,"Male",30,"4 - Somewhat Unexpected","2 - Yes, a bit inconvenient but manageable","1 - cautious",12,2,"0 - Low","1 - Present",3,4,2,1,0,1,0
1087,34,60,"Male",31,"1 - Completely Expected","1 - Absolutely Yes","1 - cautious",7,2,"0 - Low","0 - None",1,1,1,1,0,0,0
1088,34,60,"Male",32,"1 - Completely Expected","1 - Absolutely Yes","1 - cautious",1,2,"0 - Low","0 - None",1,1,1,1,0,0,0
1089,35,31,"Male",1,"2 - Somewhat Expected","1 - Absolutely Yes","0 - adventurous",1,1,"0 - Low","0 - None",1,2,1,0,0,0,0
1090,35,31,"Male",2,"2 - Somewhat Expected","1 - Absolutely Yes","0 - adventurous",9,1,"0 - Low","0 - None",1,2,1,0,0,0,0
1091,35,31,"Male",3,"5 - Very Unexpected","4 - Certainly Not","0 - adventurous",7,1,"1 - High","1 - Present",4,5,4,0,1,1,1
1092,35,31,"Male",4,"1 - Completely Expected","2 - Yes, a bit inconvenient but manageable","0 - adventurous",6,1,"1 - High","0 - None",2,1,2,0,1,0,0
1093,35,31,"Male",5,"4 - Somewhat Unexpected","3 - Yes, but would not be feel nice","0 - adventurous",8,1,"1 - High","1 - Present",4,4,3,0,1,1,1
1094,35,31,"Male",6,"2 - Somewhat Expected","1 - Absolutely Yes","0 - adventurous",3,1,"0 - Low","1 - Present",3,2,1,0,0,1,0
1095,35,31,"Male",7,"1 - Completely Expected","1 - Absolutely Yes","0 - adventurous",12,1,"0 - Low","0 - None",1,1,1,0,0,0,0
1096,35,31,"Male",8,"1 - Completely Expected","1 - Absolutely Yes","0 - adventurous",13,1,"0 - Low","0 - None",1,1,1,0,0,0,0
1097,35,31,"Male",9,"5 - Very Unexpected","4 - Certainly Not","0 - adventurous",9,2,"1 - High","1 - Present",4,5,4,0,1,1,1
1098,35,31,"Male",10,"4 - Somewhat Unexpected","2 - Yes, a bit inconvenient but manageable","0 - adventurous",13,2,"0 - Low","1 - Present",3,4,2,0,0,1,0
1099,35,31,"Male",11,"2 - Somewhat Expected","1 - Absolutely Yes","0 - adventurous",15,1,"0 - Low","1 - Present",3,2,1,0,0,1,0
1100,35,31,"Male",12,"1 - Completely Expected","1 - Absolutely Yes","0 - adventurous",2,1,"1 - High","0 - None",2,1,1,0,1,0,0
1101,35,31,"Male",13,"1 - Completely Expected","1 - Absolutely Yes","0 - adventurous",15,2,"1 - High","0 - None",2,1,1,0,1,0,0
1102,35,31,"Male",14,"2 - Somewhat Expected","2 - Yes, a bit inconvenient but manageable","0 - adventurous",6,2,"0 - Low","1 - Present",3,2,2,0,0,1,0
1103,35,31,"Male",15,"5 - Very Unexpected","3 - Yes, but would not be feel nice","0 - adventurous",5,1,"1 - High","1 - Present",4,5,3,0,1,1,1
1104,35,31,"Male",16,"1 - Completely Expected","1 - Absolutely Yes","0 - adventurous",16,1,"1 - High","0 - None",2,1,1,0,1,0,0
1105,35,31,"Male",17,"5 - Very Unexpected","2 - Yes, a bit inconvenient but manageable","0 - adventurous",10,1,"1 - High","1 - Present",4,5,2,0,1,1,1
1106,35,31,"Male",18,"1 - Completely Expected","1 - Absolutely Yes","0 - adventurous",8,2,"0 - Low","1 - Present",3,1,1,0,0,1,0
1107,35,31,"Male",19,"4 - Somewhat Unexpected","4 - Certainly Not","0 - adventurous",10,2,"1 - High","0 - None",2,4,4,0,1,0,0
1108,35,31,"Male",20,"1 - Completely Expected","1 - Absolutely Yes","0 - adventurous",4,1,"0 - Low","0 - None",1,1,1,0,0,0,0
1109,35,31,"Male",21,"1 - Completely Expected","1 - Absolutely Yes","0 - adventurous",16,2,"0 - Low","0 - None",1,1,1,0,0,0,0
1110,35,31,"Male",22,"4 - Somewhat Unexpected","3 - Yes, but would not be feel nice","0 - adventurous",12,2,"0 - Low","1 - Present",3,4,3,0,0,1,0
1111,35,31,"Male",23,"2 - Somewhat Expected","1 - Absolutely Yes","0 - adventurous",14,1,"1 - High","1 - Present",4,2,1,0,1,1,1
1112,35,31,"Male",24,"1 - Completely Expected","1 - Absolutely Yes","0 - adventurous",7,2,"1 - High","0 - None",2,1,1,0,1,0,0
1113,35,31,"Male",25,"1 - Completely Expected","1 - Absolutely Yes","0 - adventurous",14,2,"0 - Low","0 - None",1,1,1,0,0,0,0
1114,35,31,"Male",26,"5 - Very Unexpected","3 - Yes, but would not be feel nice","0 - adventurous",11,1,"0 - Low","1 - Present",3,5,3,0,0,1,0
1115,35,31,"Male",27,"2 - Somewhat Expected","1 - Absolutely Yes","0 - adventurous",3,2,"0 - Low","0 - None",1,2,1,0,0,0,0
1116,35,31,"Male",28,"4 - Somewhat Unexpected","1 - Absolutely Yes","0 - adventurous",11,2,"1 - High","0 - None",2,4,1,0,1,0,0
1117,35,31,"Male",29,"4 - Somewhat Unexpected","2 - Yes, a bit inconvenient but manageable","0 - adventurous",2,2,"0 - Low","1 - Present",3,4,2,0,0,1,0
1118,35,31,"Male",30,"2 - Somewhat Expected","2 - Yes, a bit inconvenient but manageable","0 - adventurous",1,2,"1 - High","0 - None",2,2,2,0,1,0,0
1119,35,31,"Male",31,"4 - Somewhat Unexpected","2 - Yes, a bit inconvenient but manageable","0 - adventurous",4,2,"1 - High","1 - Present",4,4,2,0,1,1,1
1120,35,31,"Male",32,"4 - Somewhat Unexpected","3 - Yes, but would not be feel nice","0 - adventurous",5,2,"1 - High","1 - Present",4,4,3,0,1,1,1
1121,36,55,"Male",1,"5 - Very Unexpected","2 - Yes, a bit inconvenient but manageable","0 - adventurous",12,1,"1 - High","1 - Present",4,5,2,0,1,1,1
1122,36,55,"Male",2,"5 - Very Unexpected","2 - Yes, a bit inconvenient but manageable","0 - adventurous",9,1,"1 - High","1 - Present",4,5,2,0,1,1,1
1123,36,55,"Male",3,"1 - Completely Expected","1 - Absolutely Yes","0 - adventurous",11,1,"0 - Low","0 - None",1,1,1,0,0,0,0
1124,36,55,"Male",4,"1 - Completely Expected","1 - Absolutely Yes","0 - adventurous",12,2,"1 - High","0 - None",2,1,1,0,1,0,0
1125,36,55,"Male",5,"2 - Somewhat Expected","1 - Absolutely Yes","0 - adventurous",15,1,"0 - Low","0 - None",1,2,1,0,0,0,0
1126,36,55,"Male",6,"4 - Somewhat Unexpected","2 - Yes, a bit inconvenient but manageable","0 - adventurous",15,2,"0 - Low","1 - Present",3,4,2,0,0,1,0
1127,36,55,"Male",7,"5 - Very Unexpected","1 - Absolutely Yes","0 - adventurous",3,1,"1 - High","1 - Present",4,5,1,0,1,1,1
1128,36,55,"Male",8,"5 - Very Unexpected","4 - Certainly Not","0 - adventurous",11,2,"1 - High","1 - Present",4,5,4,0,1,1,1
1129,36,55,"Male",9,"4 - Somewhat Unexpected","3 - Yes, but would not be feel nice","0 - adventurous",5,1,"1 - High","1 - Present",4,4,3,0,1,1,1
1130,36,55,"Male",10,"5 - Very Unexpected","3 - Yes, but would not be feel nice","0 - adventurous",1,1,"1 - High","1 - Present",4,5,3,0,1,1,1
1131,36,55,"Male",11,"1 - Completely Expected","1 - Absolutely Yes","0 - adventurous",7,1,"1 - High","0 - None",2,1,1,0,1,0,0
1132,36,55,"Male",12,"1 - Completely Expected","1 - Absolutely Yes","0 - adventurous",3,2,"0 - Low","0 - None",1,1,1,0,0,0,0
1133,36,55,"Male",13,"4 - Somewhat Unexpected","1 - Absolutely Yes","0 - adventurous",16,1,"1 - High","1 - Present",4,4,1,0,1,1,1
1134,36,55,"Male",14,"1 - Completely Expected","2 - Yes, a bit inconvenient but manageable","0 - adventurous",10,1,"1 - High","0 - None",2,1,2,0,1,0,0
1135,36,55,"Male",15,"5 - Very Unexpected","2 - Yes, a bit inconvenient but manageable","0 - adventurous",2,1,"0 - Low","1 - Present",3,5,2,0,0,1,0
1136,36,55,"Male",16,"1 - Completely Expected","1 - Absolutely Yes","0 - adventurous",6,1,"1 - High","0 - None",2,1,1,0,1,0,0
1137,36,55,"Male",17,"1 - Completely Expected","1 - Absolutely Yes","0 - adventurous",8,1,"1 - High","0 - None",2,1,1,0,1,0,0
1138,36,55,"Male",18,"1 - Completely Expected","1 - Absolutely Yes","0 - adventurous",13,1,"1 - High","0 - None",2,1,1,0,1,0,0
1139,36,55,"Male",19,"1 - Completely Expected","2 - Yes, a bit inconvenient but manageable","0 - adventurous",1,2,"0 - Low","0 - None",1,1,2,0,0,0,0
1140,36,55,"Male",20,"2 - Somewhat Expected","3 - Yes, but would not be feel nice","0 - adventurous",4,1,"0 - Low","1 - Present",3,2,3,0,0,1,0
1141,36,55,"Male",21,"4 - Somewhat Unexpected","1 - Absolutely Yes","0 - adventurous",10,2,"0 - Low","1 - Present",3,4,1,0,0,1,0
1142,36,55,"Male",22,"1 - Completely Expected","1 - Absolutely Yes","0 - adventurous",5,2,"0 - Low","0 - None",1,1,1,0,0,0,0
1143,36,55,"Male",23,"2 - Somewhat Expected","1 - Absolutely Yes","0 - adventurous",14,1,"1 - High","1 - Present",4,2,1,0,1,1,1
1144,36,55,"Male",24,"2 - Somewhat Expected","1 - Absolutely Yes","0 - adventurous",7,2,"0 - Low","1 - Present",3,2,1,0,0,1,0
1145,36,55,"Male",25,"1 - Completely Expected","1 - Absolutely Yes","0 - adventurous",14,2,"1 - High","0 - None",2,1,1,0,1,0,0
1146,36,55,"Male",26,"1 - Completely Expected","3 - Yes, but would not be feel nice","0 - adventurous",2,2,"0 - Low","0 - None",1,1,3,0,0,0,0
1147,36,55,"Male",27,"1 - Completely Expected","1 - Absolutely Yes","0 - adventurous",8,2,"0 - Low","1 - Present",3,1,1,0,0,1,0
1148,36,55,"Male",28,"1 - Completely Expected","1 - Absolutely Yes","0 - adventurous",13,2,"1 - High","0 - None",2,1,1,0,1,0,0
1149,36,55,"Male",29,"4 - Somewhat Unexpected","2 - Yes, a bit inconvenient but manageable","0 - adventurous",9,2,"0 - Low","1 - Present",3,4,2,0,0,1,0
1150,36,55,"Male",30,"4 - Somewhat Unexpected","2 - Yes, a bit inconvenient but manageable","0 - adventurous",6,2,"0 - Low","1 - Present",3,4,2,0,0,1,0
1151,36,55,"Male",31,"1 - Completely Expected","1 - Absolutely Yes","0 - adventurous",4,2,"0 - Low","0 - None",1,1,1,0,0,0,0
1152,36,55,"Male",32,"1 - Completely Expected","1 - Absolutely Yes","0 - adventurous",16,2,"0 - Low","0 - None",1,1,1,0,0,0,0
1153,37,39,"Female",1,"2 - Somewhat Expected","3 - Yes, but would not be feel nice","1 - cautious",7,1,"1 - High","0 - None",2,2,3,1,1,0,0
1154,37,39,"Female",2,"5 - Very Unexpected","4 - Certainly Not","1 - cautious",11,1,"0 - Low","1 - Present",3,5,4,1,0,1,0
1155,37,39,"Female",3,"1 - Completely Expected","2 - Yes, a bit inconvenient but manageable","1 - cautious",16,1,"1 - High","0 - None",2,1,2,1,1,0,0
1156,37,39,"Female",4,"5 - Very Unexpected","1 - Absolutely Yes","1 - cautious",3,1,"0 - Low","1 - Present",3,5,1,1,0,1,0
1157,37,39,"Female",5,"4 - Somewhat Unexpected","1 - Absolutely Yes","1 - cautious",4,1,"0 - Low","1 - Present",3,4,1,1,0,1,0
1158,37,39,"Female",6,"1 - Completely Expected","1 - Absolutely Yes","1 - cautious",12,1,"0 - Low","0 - None",1,1,1,1,0,0,0
1159,37,39,"Female",7,"4 - Somewhat Unexpected","4 - Certainly Not","1 - cautious",10,1,"1 - High","1 - Present",4,4,4,1,1,1,1
1160,37,39,"Female",8,"1 - Completely Expected","3 - Yes, but would not be feel nice","1 - cautious",9,1,"1 - High","0 - None",2,1,3,1,1,0,0
1161,37,39,"Female",9,"4 - Somewhat Unexpected","1 - Absolutely Yes","1 - cautious",5,1,"0 - Low","1 - Present",3,4,1,1,0,1,0
1162,37,39,"Female",10,"5 - Very Unexpected","4 - Certainly Not","1 - cautious",13,1,"1 - High","1 - Present",4,5,4,1,1,1,1
1163,37,39,"Female",11,"1 - Completely Expected","1 - Absolutely Yes","1 - cautious",10,2,"0 - Low","0 - None",1,1,1,1,0,0,0
1164,37,39,"Female",12,"1 - Completely Expected","4 - Certainly Not","1 - cautious",14,1,"1 - High","0 - None",2,1,4,1,1,0,0
1165,37,39,"Female",13,"2 - Somewhat Expected","1 - Absolutely Yes","1 - cautious",3,2,"0 - Low","0 - None",1,2,1,1,0,0,0
1166,37,39,"Female",14,"1 - Completely Expected","1 - Absolutely Yes","1 - cautious",6,1,"0 - Low","0 - None",1,1,1,1,0,0,0
1167,37,39,"Female",15,"4 - Somewhat Unexpected","1 - Absolutely Yes","1 - cautious",16,2,"1 - High","1 - Present",4,4,1,1,1,1,1
1168,37,39,"Female",16,"5 - Very Unexpected","4 - Certainly Not","1 - cautious",6,2,"0 - Low","1 - Present",3,5,4,1,0,1,0
1169,37,39,"Female",17,"5 - Very Unexpected","4 - Certainly Not","1 - cautious",15,1,"1 - High","1 - Present",4,5,4,1,1,1,1
1170,37,39,"Female",18,"1 - Completely Expected","1 - Absolutely Yes","1 - cautious",13,2,"1 - High","0 - None",2,1,1,1,1,0,0
1171,37,39,"Female",19,"5 - Very Unexpected","1 - Absolutely Yes","1 - cautious",7,2,"1 - High","1 - Present",4,5,1,1,1,1,1
1172,37,39,"Female",20,"4 - Somewhat Unexpected","4 - Certainly Not","1 - cautious",8,1,"1 - High","1 - Present",4,4,4,1,1,1,1
1173,37,39,"Female",21,"1 - Completely Expected","1 - Absolutely Yes","1 - cautious",2,1,"0 - Low","0 - None",1,1,1,1,0,0,0
1174,37,39,"Female",22,"4 - Somewhat Unexpected","2 - Yes, a bit inconvenient but manageable","1 - cautious",4,2,"0 - Low","1 - Present",3,4,2,1,0,1,0
1175,37,39,"Female",23,"1 - Completely Expected","3 - Yes, but would not be feel nice","1 - cautious",5,2,"1 - High","0 - None",2,1,3,1,1,0,0
1176,37,39,"Female",24,"5 - Very Unexpected","1 - Absolutely Yes","1 - cautious",9,2,"1 - High","1 - Present",4,5,1,1,1,1,1
1177,37,39,"Female",25,"1 - Completely Expected","1 - Absolutely Yes","1 - cautious",12,2,"0 - Low","0 - None",1,1,1,1,0,0,0
1178,37,39,"Female",26,"1 - Completely Expected","1 - Absolutely Yes","1 - cautious",2,2,"1 - High","0 - None",2,1,1,1,1,0,0
1179,37,39,"Female",27,"5 - Very Unexpected","1 - Absolutely Yes","1 - cautious",14,2,"0 - Low","1 - Present",3,5,1,1,0,1,0
1180,37,39,"Female",28,"4 - Somewhat Unexpected","1 - Absolutely Yes","1 - cautious",8,2,"0 - Low","0 - None",1,4,1,1,0,0,0
1181,37,39,"Female",29,"1 - Completely Expected","1 - Absolutely Yes","1 - cautious",15,2,"1 - High","0 - None",2,1,1,1,1,0,0
1182,37,39,"Female",30,"5 - Very Unexpected","4 - Certainly Not","1 - cautious",1,1,"1 - High","1 - Present",4,5,4,1,1,1,1
1183,37,39,"Female",31,"5 - Very Unexpected","2 - Yes, a bit inconvenient but manageable","1 - cautious",1,2,"0 - Low","1 - Present",3,5,2,1,0,1,0
1184,37,39,"Female",32,"1 - Completely Expected","1 - Absolutely Yes","1 - cautious",11,2,"0 - Low","0 - None",1,1,1,1,0,0,0
1185,38,69,"Female",1,"1 - Completely Expected","1 - Absolutely Yes","1 - cautious",4,1,"0 - Low","0 - None",1,1,1,1,0,0,0
1186,38,69,"Female",2,"5 - Very Unexpected","2 - Yes, a bit inconvenient but manageable","1 - cautious",12,1,"1 - High","1 - Present",4,5,2,1,1,1,1
1187,38,69,"Female",3,"1 - Completely Expected","4 - Certainly Not","1 - cautious",15,1,"0 - Low","0 - None",1,1,4,1,0,0,0
1188,38,69,"Female",4,"5 - Very Unexpected","3 - Yes, but would not be feel nice","1 - cautious",13,1,"0 - Low","1 - Present",3,5,3,1,0,1,0
1189,38,69,"Female",5,"1 - Completely Expected","3 - Yes, but would not be feel nice","1 - cautious",2,1,"1 - High","0 - None",2,1,3,1,1,0,0
1190,38,69,"Female",6,"1 - Completely Expected","4 - Certainly Not","1 - cautious",14,1,"1 - High","0 - None",2,1,4,1,1,0,0
1191,38,69,"Female",7,"5 - Very Unexpected","2 - Yes, a bit inconvenient but manageable","1 - cautious",8,1,"0 - Low","1 - Present",3,5,2,1,0,1,0
1192,38,69,"Female",8,"2 - Somewhat Expected","1 - Absolutely Yes","1 - cautious",6,1,"0 - Low","0 - None",1,2,1,1,0,0,0
1193,38,69,"Female",9,"4 - Somewhat Unexpected","1 - Absolutely Yes","1 - cautious",10,1,"0 - Low","1 - Present",3,4,1,1,0,1,0
1194,38,69,"Female",10,"5 - Very Unexpected","1 - Absolutely Yes","1 - cautious",1,1,"0 - Low","1 - Present",3,5,1,1,0,1,0
1195,38,69,"Female",11,"5 - Very Unexpected","4 - Certainly Not","1 - cautious",6,2,"1 - High","1 - Present",4,5,4,1,1,1,1
1196,38,69,"Female",12,"1 - Completely Expected","2 - Yes, a bit inconvenient but manageable","1 - cautious",9,1,"0 - Low","0 - None",1,1,2,1,0,0,0
1197,38,69,"Female",13,"1 - Completely Expected","1 - Absolutely Yes","1 - cautious",13,2,"1 - High","0 - None",2,1,1,1,1,0,0
1198,38,69,"Female",14,"5 - Very Unexpected","1 - Absolutely Yes","1 - cautious",3,1,"0 - Low","1 - Present",3,5,1,1,0,1,0
1199,38,69,"Female",15,"1 - Completely Expected","1 - Absolutely Yes","1 - cautious",1,2,"0 - Low","0 - None",1,1,1,1,0,0,0
1200,38,69,"Female",16,"1 - Completely Expected","4 - Certainly Not","1 - cautious",16,1,"0 - Low","0 - None",1,1,4,1,0,0,0
1201,38,69,"Female",17,"1 - Completely Expected","4 - Certainly Not","1 - cautious",2,2,"1 - High","0 - None",2,1,4,1,1,0,0
1202,38,69,"Female",18,"5 - Very Unexpected","4 - Certainly Not","1 - cautious",9,2,"1 - High","1 - Present",4,5,4,1,1,1,1
1203,38,69,"Female",19,"5 - Very Unexpected","3 - Yes, but would not be feel nice","1 - cautious",10,2,"1 - High","1 - Present",4,5,3,1,1,1,1
1204,38,69,"Female",20,"1 - Completely Expected","1 - Absolutely Yes","1 - cautious",11,1,"1 - High","0 - None",2,1,1,1,1,0,0
1205,38,69,"Female",21,"5 - Very Unexpected","1 - Absolutely Yes","1 - cautious",3,2,"0 - Low","1 - Present",3,5,1,1,0,1,0
1206,38,69,"Female",22,"1 - Completely Expected","2 - Yes, a bit inconvenient but manageable","1 - cautious",4,2,"1 - High","0 - None",2,1,2,1,1,0,0
1207,38,69,"Female",23,"4 - Somewhat Unexpected","3 - Yes, but would not be feel nice","1 - cautious",14,2,"0 - Low","0 - None",1,4,3,1,0,0,0
1208,38,69,"Female",24,"1 - Completely Expected","4 - Certainly Not","1 - cautious",15,2,"1 - High","0 - None",2,1,4,1,1,0,0
1209,38,69,"Female",25,"4 - Somewhat Unexpected","2 - Yes, a bit inconvenient but manageable","1 - cautious",7,1,"0 - Low","1 - Present",3,4,2,1,0,1,0
1210,38,69,"Female",26,"1 - Completely Expected","1 - Absolutely Yes","1 - cautious",5,1,"0 - Low","0 - None",1,1,1,1,0,0,0
1211,38,69,"Female",27,"5 - Very Unexpected","4 - Certainly Not","1 - cautious",7,2,"1 - High","1 - Present",4,5,4,1,1,1,1
1212,38,69,"Female",28,"5 - Very Unexpected","2 - Yes, a bit inconvenient but manageable","1 - cautious",12,2,"1 - High","1 - Present",4,5,2,1,1,1,1
1213,38,69,"Female",29,"5 - Very Unexpected","3 - Yes, but would not be feel nice","1 - cautious",16,2,"0 - Low","1 - Present",3,5,3,1,0,1,0
1214,38,69,"Female",30,"1 - Completely Expected","4 - Certainly Not","1 - cautious",8,2,"1 - High","0 - None",2,1,4,1,1,0,0
1215,38,69,"Female",31,"5 - Very Unexpected","4 - Certainly Not","1 - cautious",11,2,"1 - High","1 - Present",4,5,4,1,1,1,1
1216,38,69,"Female",32,"5 - Very Unexpected","2 - Yes, a bit inconvenient but manageable","1 - cautious",5,2,"1 - High","1 - Present",4,5,2,1,1,1,1
1217,39,25,"Male",1,"4 - Somewhat Unexpected","4 - Certainly Not","1 - cautious",16,1,"0 - Low","1 - Present",3,4,4,1,0,1,0
1218,39,25,"Male",2,"5 - Very Unexpected","4 - Certainly Not","1 - cautious",6,1,"1 - High","1 - Present",4,5,4,1,1,1,1
1219,39,25,"Male",3,"1 - Completely Expected","1 - Absolutely Yes","1 - cautious",9,1,"1 - High","0 - None",2,1,1,1,1,0,0
1220,39,25,"Male",4,"1 - Completely Expected","1 - Absolutely Yes","1 - cautious",12,1,"0 - Low","0 - None",1,1,1,1,0,0,0
1221,39,25,"Male",5,"1 - Completely Expected","1 - Absolutely Yes","1 - cautious",6,2,"1 - High","0 - None",2,1,1,1,1,0,0
1222,39,25,"Male",6,"4 - Somewhat Unexpected","1 - Absolutely Yes","1 - cautious",13,1,"0 - Low","1 - Present",3,4,1,1,0,1,0
1223,39,25,"Male",7,"2 - Somewhat Expected","1 - Absolutely Yes","1 - cautious",10,1,"1 - High","1 - Present",4,2,1,1,1,1,1
1224,39,25,"Male",8,"5 - Very Unexpected","1 - Absolutely Yes","1 - cautious",5,1,"0 - Low","1 - Present",3,5,1,1,0,1,0
1225,39,25,"Male",9,"3 - Indifferent / Can't Decide","4 - Certainly Not","1 - cautious",11,1,"0 - Low","0 - None",1,3,4,1,0,0,0
1226,39,25,"Male",10,"4 - Somewhat Unexpected","1 - Absolutely Yes","1 - cautious",7,1,"1 - High","1 - Present",4,4,1,1,1,1,1
1227,39,25,"Male",11,"1 - Completely Expected","1 - Absolutely Yes","1 - cautious",14,1,"1 - High","0 - None",2,1,1,1,1,0,0
1228,39,25,"Male",12,"4 - Somewhat Unexpected","3 - Yes, but would not be feel nice","1 - cautious",9,2,"0 - Low","1 - Present",3,4,3,1,0,1,0
1229,39,25,"Male",13,"1 - Completely Expected","4 - Certainly Not","1 - cautious",15,1,"1 - High","0 - None",2,1,4,1,1,0,0
1230,39,25,"Male",14,"2 - Somewhat Expected","1 - Absolutely Yes","1 - cautious",8,1,"1 - High","1 - Present",4,2,1,1,1,1,1
1231,39,25,"Male",15,"1 - Completely Expected","1 - Absolutely Yes","1 - cautious",1,1,"0 - Low","0 - None",1,1,1,1,0,0,0
1232,39,25,"Male",16,"1 - Completely Expected","1 - Absolutely Yes","1 - cautious",12,2,"1 - High","0 - None",2,1,1,1,1,0,0
1233,39,25,"Male",17,"1 - Completely Expected","4 - Certainly Not","1 - cautious",16,2,"1 - High","0 - None",2,1,4,1,1,0,0
1234,39,25,"Male",18,"3 - Indifferent / Can't Decide","1 - Absolutely Yes","1 - cautious",7,2,"1 - High","1 - Present",4,3,1,1,1,1,1
1235,39,25,"Male",19,"1 - Completely Expected","1 - Absolutely Yes","1 - cautious",4,1,"0 - Low","0 - None",1,1,1,1,0,0,0
1236,39,25,"Male",20,"1 - Completely Expected","1 - Absolutely Yes","1 - cautious",13,2,"0 - Low","0 - None",1,1,1,1,0,0,0
1237,39,25,"Male",21,"3 - Indifferent / Can't Decide","4 - Certainly Not","1 - cautious",11,2,"0 - Low","0 - None",1,3,4,1,0,0,0
1238,39,25,"Male",22,"5 - Very Unexpected","1 - Absolutely Yes","1 - cautious",3,1,"0 - Low","1 - Present",3,5,1,1,0,1,0
1239,39,25,"Male",23,"1 - Completely Expected","1 - Absolutely Yes","1 - cautious",2,1,"1 - High","0 - None",2,1,1,1,1,0,0
1240,39,25,"Male",24,"5 - Very Unexpected","3 - Yes, but would not be feel nice","1 - cautious",4,2,"0 - Low","1 - Present",3,5,3,1,0,1,0
1241,39,25,"Male",25,"4 - Somewhat Unexpected","2 - Yes, a bit inconvenient but manageable","1 - cautious",3,2,"0 - Low","0 - None",1,4,2,1,0,0,0
1242,39,25,"Male",26,"5 - Very Unexpected","4 - Certainly Not","1 - cautious",15,2,"1 - High","1 - Present",4,5,4,1,1,1,1
1243,39,25,"Male",27,"5 - Very Unexpected","3 - Yes, but would not be feel nice","1 - cautious",2,2,"0 - Low","1 - Present",3,5,3,1,0,1,0
1244,39,25,"Male",28,"1 - Completely Expected","1 - Absolutely Yes","1 - cautious",8,2,"1 - High","0 - None",2,1,1,1,1,0,0
1245,39,25,"Male",29,"1 - Completely Expected","1 - Absolutely Yes","1 - cautious",14,2,"0 - Low","0 - None",1,1,1,1,0,0,0
1246,39,25,"Male",30,"5 - Very Unexpected","2 - Yes, a bit inconvenient but manageable","1 - cautious",1,2,"1 - High","1 - Present",4,5,2,1,1,1,1
1247,39,25,"Male",31,"5 - Very Unexpected","2 - Yes, a bit inconvenient but manageable","1 - cautious",5,2,"0 - Low","1 - Present",3,5,2,1,0,1,0
1248,39,25,"Male",32,"2 - Somewhat Expected","1 - Absolutely Yes","1 - cautious",10,2,"1 - High","1 - Present",4,2,1,1,1,1,1
1249,40,24,"Female",1,"4 - Somewhat Unexpected","2 - Yes, a bit inconvenient but manageable","0 - adventurous",11,1,"0 - Low","0 - None",1,4,2,0,0,0,0
1250,40,24,"Female",2,"1 - Completely Expected","1 - Absolutely Yes","0 - adventurous",3,1,"1 - High","0 - None",2,1,1,0,1,0,0
1251,40,24,"Female",3,"1 - Completely Expected","1 - Absolutely Yes","0 - adventurous",9,1,"1 - High","0 - None",2,1,1,0,1,0,0
1252,40,24,"Female",4,"2 - Somewhat Expected","2 - Yes, a bit inconvenient but manageable","0 - adventurous",7,1,"1 - High","0 - None",2,2,2,0,1,0,0
1253,40,24,"Female",5,"5 - Very Unexpected","3 - Yes, but would not be feel nice","0 - adventurous",16,1,"0 - Low","1 - Present",3,5,3,0,0,1,0
1254,40,24,"Female",6,"2 - Somewhat Expected","3 - Yes, but would not be feel nice","0 - adventurous",9,2,"0 - Low","0 - None",1,2,3,0,0,0,0
1255,40,24,"Female",7,"4 - Somewhat Unexpected","2 - Yes, a bit inconvenient but manageable","0 - adventurous",14,1,"0 - Low","1 - Present",3,4,2,0,0,1,0
1256,40,24,"Female",8,"1 - Completely Expected","4 - Certainly Not","0 - adventurous",15,1,"1 - High","0 - None",2,1,4,0,1,0,0
1257,40,24,"Female",9,"5 - Very Unexpected","1 - Absolutely Yes","0 - adventurous",5,1,"1 - High","1 - Present",4,5,1,0,1,1,1
1258,40,24,"Female",10,"5 - Very Unexpected","4 - Certainly Not","0 - adventurous",6,1,"1 - High","1 - Present",4,5,4,0,1,1,1
1259,40,24,"Female",11,"3 - Indifferent / Can't Decide","2 - Yes, a bit inconvenient but manageable","0 - adventurous",3,2,"0 - Low","0 - None",1,3,2,0,0,0,0
1260,40,24,"Female",12,"5 - Very Unexpected","2 - Yes, a bit inconvenient but manageable","0 - adventurous",5,2,"1 - High","1 - Present",4,5,2,0,1,1,1
1261,40,24,"Female",13,"4 - Somewhat Unexpected","1 - Absolutely Yes","0 - adventurous",13,1,"0 - Low","1 - Present",3,4,1,0,0,1,0
1262,40,24,"Female",14,"1 - Completely Expected","1 - Absolutely Yes","0 - adventurous",6,2,"0 - Low","0 - None",1,1,1,0,0,0,0
1263,40,24,"Female",15,"3 - Indifferent / Can't Decide","2 - Yes, a bit inconvenient but manageable","0 - adventurous",1,1,"0 - Low","0 - None",1,3,2,0,0,0,0
1264,40,24,"Female",16,"4 - Somewhat Unexpected","2 - Yes, a bit inconvenient but manageable","0 - adventurous",12,1,"1 - High","1 - Present",4,4,2,0,1,1,1
1265,40,24,"Female",17,"1 - Completely Expected","3 - Yes, but would not be feel nice","0 - adventurous",2,1,"1 - High","0 - None",2,1,3,0,1,0,0
1266,40,24,"Female",18,"1 - Completely Expected","1 - Absolutely Yes","0 - adventurous",12,2,"1 - High","0 - None",2,1,1,0,1,0,0
1267,40,24,"Female",19,"1 - Completely Expected","1 - Absolutely Yes","0 - adventurous",8,1,"1 - High","0 - None",2,1,1,0,1,0,0
1268,40,24,"Female",20,"4 - Somewhat Unexpected","3 - Yes, but would not be feel nice","0 - adventurous",13,2,"1 - High","1 - Present",4,4,3,0,1,1,1
1269,40,24,"Female",21,"1 - Completely Expected","1 - Absolutely Yes","0 - adventurous",14,2,"0 - Low","0 - None",1,1,1,0,0,0,0
1270,40,24,"Female",22,"4 - Somewhat Unexpected","2 - Yes, a bit inconvenient but manageable","0 - adventurous",1,2,"0 - Low","1 - Present",3,4,2,0,0,1,0
1271,40,24,"Female",23,"2 - Somewhat Expected","2 - Yes, a bit inconvenient but manageable","0 - adventurous",11,2,"0 - Low","0 - None",1,2,2,0,0,0,0
1272,40,24,"Female",24,"5 - Very Unexpected","1 - Absolutely Yes","0 - adventurous",7,2,"1 - High","1 - Present",4,5,1,0,1,1,1
1273,40,24,"Female",25,"5 - Very Unexpected","1 - Absolutely Yes","0 - adventurous",4,1,"0 - Low","1 - Present",3,5,1,0,0,1,0
1274,40,24,"Female",26,"1 - Completely Expected","1 - Absolutely Yes","0 - adventurous",8,2,"1 - High","0 - None",2,1,1,0,1,0,0
1275,40,24,"Female",27,"4 - Somewhat Unexpected","1 - Absolutely Yes","0 - adventurous",10,1,"0 - Low","1 - Present",3,4,1,0,0,1,0
1276,40,24,"Female",28,"2 - Somewhat Expected","1 - Absolutely Yes","0 - adventurous",4,2,"1 - High","1 - Present",4,2,1,0,1,1,1
1277,40,24,"Female",29,"5 - Very Unexpected","3 - Yes, but would not be feel nice","0 - adventurous",16,2,"0 - Low","1 - Present",3,5,3,0,0,1,0
1278,40,24,"Female",30,"4 - Somewhat Unexpected","2 - Yes, a bit inconvenient but manageable","0 - adventurous",10,2,"0 - Low","1 - Present",3,4,2,0,0,1,0
1279,40,24,"Female",31,"5 - Very Unexpected","4 - Certainly Not","0 - adventurous",15,2,"1 - High","1 - Present",4,5,4,0,1,1,1
1280,40,24,"Female",32,"1 - Completely Expected","3 - Yes, but would not be feel nice","0 - adventurous",2,2,"0 - Low","0 - None",1,1,3,0,0,0,0
1281,41,22,"Male",1,"5 - Very Unexpected","4 - Certainly Not","0 - adventurous",12,1,"1 - High","1 - Present",4,5,4,0,1,1,1
1282,41,22,"Male",2,"2 - Somewhat Expected","2 - Yes, a bit inconvenient but manageable","0 - adventurous",16,1,"0 - Low","0 - None",1,2,2,0,0,0,0
1283,41,22,"Male",3,"1 - Completely Expected","1 - Absolutely Yes","0 - adventurous",5,1,"1 - High","0 - None",2,1,1,0,1,0,0
1284,41,22,"Male",4,"1 - Completely Expected","1 - Absolutely Yes","0 - adventurous",4,1,"0 - Low","1 - Present",3,1,1,0,0,1,0
1285,41,22,"Male",5,"1 - Completely Expected","1 - Absolutely Yes","0 - adventurous",7,1,"1 - High","0 - None",2,1,1,0,1,0,0
1286,41,22,"Male",6,"2 - Somewhat Expected","1 - Absolutely Yes","0 - adventurous",6,1,"1 - High","0 - None",2,2,1,0,1,0,0
1287,41,22,"Male",7,"2 - Somewhat Expected","2 - Yes, a bit inconvenient but manageable","0 - adventurous",6,2,"0 - Low","0 - None",1,2,2,0,0,0,0
1288,41,22,"Male",8,"4 - Somewhat Unexpected","2 - Yes, a bit inconvenient but manageable","0 - adventurous",10,1,"1 - High","1 - Present",4,4,2,0,1,1,1
1289,41,22,"Male",9,"1 - Completely Expected","2 - Yes, a bit inconvenient but manageable","0 - adventurous",13,1,"0 - Low","0 - None",1,1,2,0,0,0,0
1290,41,22,"Male",10,"2 - Somewhat Expected","3 - Yes, but would not be feel nice","0 - adventurous",15,1,"1 - High","0 - None",2,2,3,0,1,0,0
1291,41,22,"Male",11,"2 - Somewhat Expected","2 - Yes, a bit inconvenient but manageable","0 - adventurous",1,1,"1 - High","0 - None",2,2,2,0,1,0,0
1292,41,22,"Male",12,"5 - Very Unexpected","3 - Yes, but would not be feel nice","0 - adventurous",2,1,"1 - High","1 - Present",4,5,3,0,1,1,1
1293,41,22,"Male",13,"1 - Completely Expected","1 - Absolutely Yes","0 - adventurous",5,2,"1 - High","0 - None",2,1,1,0,1,0,0
1294,41,22,"Male",14,"4 - Somewhat Unexpected","2 - Yes, a bit inconvenient but manageable","0 - adventurous",10,2,"1 - High","1 - Present",4,4,2,0,1,1,1
1295,41,22,"Male",15,"2 - Somewhat Expected","2 - Yes, a bit inconvenient but manageable","0 - adventurous",16,2,"0 - Low","0 - None",1,2,2,0,0,0,0
1296,41,22,"Male",16,"5 - Very Unexpected","3 - Yes, but would not be feel nice","0 - adventurous",2,2,"1 - High","1 - Present",4,5,3,0,1,1,1
1297,41,22,"Male",17,"2 - Somewhat Expected","1 - Absolutely Yes","0 - adventurous",3,1,"0 - Low","0 - None",1,2,1,0,0,0,0
1298,41,22,"Male",18,"2 - Somewhat Expected","2 - Yes, a bit inconvenient but manageable","0 - adventurous",13,2,"0 - Low","0 - None",1,2,2,0,0,0,0
1299,41,22,"Male",19,"1 - Completely Expected","1 - Absolutely Yes","0 - adventurous",7,2,"0 - Low","0 - None",1,1,1,0,0,0,0
1300,41,22,"Male",20,"4 - Somewhat Unexpected","2 - Yes, a bit inconvenient but manageable","0 - adventurous",3,2,"1 - High","1 - Present",4,4,2,0,1,1,1
1301,41,22,"Male",21,"2 - Somewhat Expected","2 - Yes, a bit inconvenient but manageable","0 - adventurous",11,1,"0 - Low","1 - Present",3,2,2,0,0,1,0
1302,41,22,"Male",22,"4 - Somewhat Unexpected","1 - Absolutely Yes","0 - adventurous",8,1,"0 - Low","1 - Present",3,4,1,0,0,1,0
1303,41,22,"Male",23,"4 - Somewhat Unexpected","1 - Absolutely Yes","0 - adventurous",9,1,"1 - High","1 - Present",4,4,1,0,1,1,1
1304,41,22,"Male",24,"4 - Somewhat Unexpected","2 - Yes, a bit inconvenient but manageable","0 - adventurous",1,2,"0 - Low","1 - Present",3,4,2,0,0,1,0
1305,41,22,"Male",25,"1 - Completely Expected","1 - Absolutely Yes","0 - adventurous",12,2,"1 - High","0 - None",2,1,1,0,1,0,0
1306,41,22,"Male",26,"5 - Very Unexpected","4 - Certainly Not","0 - adventurous",15,2,"0 - Low","1 - Present",3,5,4,0,0,1,0
1307,41,22,"Male",27,"4 - Somewhat Unexpected","2 - Yes, a bit inconvenient but manageable","0 - adventurous",9,2,"0 - Low","1 - Present",3,4,2,0,0,1,0
1308,41,22,"Male",28,"4 - Somewhat Unexpected","2 - Yes, a bit inconvenient but manageable","0 - adventurous",14,1,"0 - Low","1 - Present",3,4,2,0,0,1,0
1309,41,22,"Male",29,"1 - Completely Expected","2 - Yes, a bit inconvenient but manageable","0 - adventurous",14,2,"0 - Low","0 - None",1,1,2,0,0,0,0
1310,41,22,"Male",30,"2 - Somewhat Expected","2 - Yes, a bit inconvenient but manageable","0 - adventurous",4,2,"0 - Low","1 - Present",3,2,2,0,0,1,0
1311,41,22,"Male",31,"1 - Completely Expected","1 - Absolutely Yes","0 - adventurous",8,2,"1 - High","0 - None",2,1,1,0,1,0,0
1312,41,22,"Male",32,"5 - Very Unexpected","2 - Yes, a bit inconvenient but manageable","0 - adventurous",11,2,"1 - High","1 - Present",4,5,2,0,1,1,1
1313,42,20,"Male",1,"5 - Very Unexpected","4 - Certainly Not","1 - cautious",2,1,"1 - High","1 - Present",4,5,4,1,1,1,1
1314,42,20,"Male",2,"5 - Very Unexpected","3 - Yes, but would not be feel nice","1 - cautious",15,1,"1 - High","1 - Present",4,5,3,1,1,1,1
1315,42,20,"Male",3,"5 - Very Unexpected","4 - Certainly Not","1 - cautious",13,1,"1 - High","1 - Present",4,5,4,1,1,1,1
1316,42,20,"Male",4,"1 - Completely Expected","1 - Absolutely Yes","1 - cautious",12,1,"1 - High","0 - None",2,1,1,1,1,0,0
1317,42,20,"Male",5,"5 - Very Unexpected","2 - Yes, a bit inconvenient but manageable","1 - cautious",3,1,"0 - Low","1 - Present",3,5,2,1,0,1,0
1318,42,20,"Male",6,"4 - Somewhat Unexpected","2 - Yes, a bit inconvenient but manageable","1 - cautious",13,2,"0 - Low","1 - Present",3,4,2,1,0,1,0
1319,42,20,"Male",7,"5 - Very Unexpected","2 - Yes, a bit inconvenient but manageable","1 - cautious",5,1,"1 - High","1 - Present",4,5,2,1,1,1,1
1320,42,20,"Male",8,"1 - Completely Expected","1 - Absolutely Yes","1 - cautious",10,1,"0 - Low","0 - None",1,1,1,1,0,0,0
1321,42,20,"Male",9,"3 - Indifferent / Can't Decide","2 - Yes, a bit inconvenient but manageable","1 - cautious",11,1,"0 - Low","0 - None",1,3,2,1,0,0,0
1322,42,20,"Male",10,"1 - Completely Expected","1 - Absolutely Yes","1 - cautious",8,1,"0 - Low","0 - None",1,1,1,1,0,0,0
1323,42,20,"Male",11,"4 - Somewhat Unexpected","2 - Yes, a bit inconvenient but manageable","1 - cautious",7,1,"0 - Low","1 - Present",3,4,2,1,0,1,0
1324,42,20,"Male",12,"4 - Somewhat Unexpected","2 - Yes, a bit inconvenient but manageable","1 - cautious",4,1,"0 - Low","1 - Present",3,4,2,1,0,1,0
1325,42,20,"Male",13,"5 - Very Unexpected","2 - Yes, a bit inconvenient but manageable","1 - cautious",12,2,"0 - Low","1 - Present",3,5,2,1,0,1,0
1326,42,20,"Male",14,"1 - Completely Expected","1 - Absolutely Yes","1 - cautious",9,1,"1 - High","0 - None",2,1,1,1,1,0,0
1327,42,20,"Male",15,"5 - Very Unexpected","4 - Certainly Not","1 - cautious",11,2,"1 - High","1 - Present",4,5,4,1,1,1,1
1328,42,20,"Male",16,"4 - Somewhat Unexpected","2 - Yes, a bit inconvenient but manageable","1 - cautious",4,2,"1 - High","1 - Present",4,4,2,1,1,1,1
1329,42,20,"Male",17,"1 - Completely Expected","1 - Absolutely Yes","1 - cautious",1,1,"1 - High","0 - None",2,1,1,1,1,0,0
1330,42,20,"Male",18,"1 - Completely Expected","1 - Absolutely Yes","1 - cautious",5,2,"0 - Low","0 - None",1,1,1,1,0,0,0
1331,42,20,"Male",19,"1 - Completely Expected","3 - Yes, but would not be feel nice","1 - cautious",2,2,"1 - High","0 - None",2,1,3,1,1,0,0
1332,42,20,"Male",20,"1 - Completely Expected","1 - Absolutely Yes","1 - cautious",9,2,"0 - Low","0 - None",1,1,1,1,0,0,0
1333,42,20,"Male",21,"2 - Somewhat Expected","1 - Absolutely Yes","1 - cautious",6,1,"0 - Low","0 - None",1,2,1,1,0,0,0
1334,42,20,"Male",22,"2 - Somewhat Expected","3 - Yes, but would not be feel nice","1 - cautious",14,1,"0 - Low","0 - None",1,2,3,1,0,0,0
1335,42,20,"Male",23,"1 - Completely Expected","1 - Absolutely Yes","1 - cautious",16,1,"0 - Low","0 - None",1,1,1,1,0,0,0
1336,42,20,"Male",24,"1 - Completely Expected","2 - Yes, a bit inconvenient but manageable","1 - cautious",16,2,"1 - High","0 - None",2,1,2,1,1,0,0
1337,42,20,"Male",25,"1 - Completely Expected","2 - Yes, a bit inconvenient but manageable","1 - cautious",6,2,"1 - High","0 - None",2,1,2,1,1,0,0
1338,42,20,"Male",26,"4 - Somewhat Unexpected","2 - Yes, a bit inconvenient but manageable","1 - cautious",3,2,"0 - Low","1 - Present",3,4,2,1,0,1,0
1339,42,20,"Male",27,"4 - Somewhat Unexpected","3 - Yes, but would not be feel nice","1 - cautious",10,2,"1 - High","1 - Present",4,4,3,1,1,1,1
1340,42,20,"Male",28,"5 - Very Unexpected","4 - Certainly Not","1 - cautious",15,2,"1 - High","1 - Present",4,5,4,1,1,1,1
1341,42,20,"Male",29,"4 - Somewhat Unexpected","2 - Yes, a bit inconvenient but manageable","1 - cautious",14,2,"0 - Low","1 - Present",3,4,2,1,0,1,0
1342,42,20,"Male",30,"1 - Completely Expected","1 - Absolutely Yes","1 - cautious",1,2,"1 - High","0 - None",2,1,1,1,1,0,0
1343,42,20,"Male",31,"1 - Completely Expected","1 - Absolutely Yes","1 - cautious",7,2,"1 - High","0 - None",2,1,1,1,1,0,0
1344,42,20,"Male",32,"5 - Very Unexpected","3 - Yes, but would not be feel nice","1 - cautious",8,2,"0 - Low","1 - Present",3,5,3,1,0,1,0
1345,43,33,"Female",1,"1 - Completely Expected","2 - Yes, a bit inconvenient but manageable","1 - cautious",5,1,"1 - High","0 - None",2,1,2,1,1,0,0
1346,43,33,"Female",2,"1 - Completely Expected","3 - Yes, but would not be feel nice","1 - cautious",15,1,"1 - High","0 - None",2,1,3,1,1,0,0
1347,43,33,"Female",3,"4 - Somewhat Unexpected","4 - Certainly Not","1 - cautious",11,1,"0 - Low","1 - Present",3,4,4,1,0,1,0
1348,43,33,"Female",4,"5 - Very Unexpected","3 - Yes, but would not be feel nice","1 - cautious",8,1,"0 - Low","1 - Present",3,5,3,1,0,1,0
1349,43,33,"Female",5,"1 - Completely Expected","1 - Absolutely Yes","1 - cautious",8,2,"0 - Low","0 - None",1,1,1,1,0,0,0
1350,43,33,"Female",6,"1 - Completely Expected","1 - Absolutely Yes","1 - cautious",4,1,"0 - Low","0 - None",1,1,1,1,0,0,0
1351,43,33,"Female",7,"2 - Somewhat Expected","1 - Absolutely Yes","1 - cautious",11,2,"0 - Low","0 - None",1,2,1,1,0,0,0
1352,43,33,"Female",8,"4 - Somewhat Unexpected","2 - Yes, a bit inconvenient but manageable","1 - cautious",3,1,"1 - High","1 - Present",4,4,2,1,1,1,1
1353,43,33,"Female",9,"1 - Completely Expected","1 - Absolutely Yes","1 - cautious",6,1,"1 - High","0 - None",2,1,1,1,1,0,0
1354,43,33,"Female",10,"4 - Somewhat Unexpected","3 - Yes, but would not be feel nice","1 - cautious",14,1,"1 - High","1 - Present",4,4,3,1,1,1,1
1355,43,33,"Female",11,"1 - Completely Expected","1 - Absolutely Yes","1 - cautious",12,1,"1 - High","0 - None",2,1,1,1,1,0,0
1356,43,33,"Female",12,"5 - Very Unexpected","4 - Certainly Not","1 - cautious",12,2,"1 - High","1 - Present",4,5,4,1,1,1,1
1357,43,33,"Female",13,"5 - Very Unexpected","4 - Certainly Not","1 - cautious",10,1,"0 - Low","1 - Present",3,5,4,1,0,1,0
1358,43,33,"Female",14,"4 - Somewhat Unexpected","2 - Yes, a bit inconvenient but manageable","1 - cautious",13,1,"0 - Low","1 - Present",3,4,2,1,0,1,0
1359,43,33,"Female",15,"5 - Very Unexpected","3 - Yes, but would not be feel nice","1 - cautious",3,2,"1 - High","1 - Present",4,5,3,1,1,1,1
1360,43,33,"Female",16,"4 - Somewhat Unexpected","3 - Yes, but would not be feel nice","1 - cautious",14,2,"1 - High","1 - Present",4,4,3,1,1,1,1
1361,43,33,"Female",17,"1 - Completely Expected","1 - Absolutely Yes","1 - cautious",5,2,"1 - High","0 - None",2,1,1,1,1,0,0
1362,43,33,"Female",18,"1 - Completely Expected","1 - Absolutely Yes","1 - cautious",4,2,"0 - Low","0 - None",1,1,1,1,0,0,0
1363,43,33,"Female",19,"4 - Somewhat Unexpected","2 - Yes, a bit inconvenient but manageable","1 - cautious",1,1,"0 - Low","1 - Present",3,4,2,1,0,1,0
1364,43,33,"Female",20,"1 - Completely Expected","1 - Absolutely Yes","1 - cautious",7,1,"0 - Low","0 - None",1,1,1,1,0,0,0
1365,43,33,"Female",21,"1 - Completely Expected","2 - Yes, a bit inconvenient but manageable","1 - cautious",9,1,"0 - Low","0 - None",1,1,2,1,0,0,0
1366,43,33,"Female",22,"4 - Somewhat Unexpected","3 - Yes, but would not be feel nice","1 - cautious",2,1,"0 - Low","1 - Present",3,4,3,1,0,1,0
1367,43,33,"Female",23,"1 - Completely Expected","1 - Absolutely Yes","1 - cautious",6,2,"1 - High","0 - None",2,1,1,1,1,0,0
1368,43,33,"Female",24,"4 - Somewhat Unexpected","3 - Yes, but would not be feel nice","1 - cautious",13,2,"1 - High","1 - Present",4,4,3,1,1,1,1
1369,43,33,"Female",25,"5 - Very Unexpected","4 - Certainly Not","1 - cautious",9,2,"1 - High","1 - Present",4,5,4,1,1,1,1
1370,43,33,"Female",26,"1 - Completely Expected","4 - Certainly Not","1 - cautious",16,1,"1 - High","0 - None",2,1,4,1,1,0,0
1371,43,33,"Female",27,"5 - Very Unexpected","4 - Certainly Not","1 - cautious",10,2,"0 - Low","1 - Present",3,5,4,1,0,1,0
1372,43,33,"Female",28,"4 - Somewhat Unexpected","4 - Certainly Not","1 - cautious",16,2,"0 - Low","1 - Present",3,4,4,1,0,1,0
1373,43,33,"Female",29,"1 - Completely Expected","3 - Yes, but would not be feel nice","1 - cautious",15,2,"0 - Low","0 - None",1,1,3,1,0,0,0
1374,43,33,"Female",30,"1 - Completely Expected","1 - Absolutely Yes","1 - cautious",2,2,"1 - High","0 - None",2,1,1,1,1,0,0
1375,43,33,"Female",31,"1 - Completely Expected","1 - Absolutely Yes","1 - cautious",1,2,"0 - Low","0 - None",1,1,1,1,0,0,0
1376,43,33,"Female",32,"4 - Somewhat Unexpected","2 - Yes, a bit inconvenient but manageable","1 - cautious",7,2,"1 - High","1 - Present",4,4,2,1,1,1,1
1377,44,47,"Male",1,"2 - Somewhat Expected","1 - Absolutely Yes","0 - adventurous",12,1,"0 - Low","0 - None",1,2,1,0,0,0,0
1378,44,47,"Male",2,"4 - Somewhat Unexpected","2 - Yes, a bit inconvenient but manageable","0 - adventurous",14,1,"1 - High","1 - Present",4,4,2,0,1,1,1
1379,44,47,"Male",3,"1 - Completely Expected","1 - Absolutely Yes","0 - adventurous",9,1,"1 - High","1 - Present",4,1,1,0,1,1,1
1380,44,47,"Male",4,"5 - Very Unexpected","3 - Yes, but would not be feel nice","0 - adventurous",15,1,"1 - High","1 - Present",4,5,3,0,1,1,1
1381,44,47,"Male",5,"1 - Completely Expected","1 - Absolutely Yes","0 - adventurous",9,2,"1 - High","0 - None",2,1,1,0,1,0,0
1382,44,47,"Male",6,"5 - Very Unexpected","4 - Certainly Not","0 - adventurous",1,1,"1 - High","0 - None",2,5,4,0,1,0,0
1383,44,47,"Male",7,"1 - Completely Expected","2 - Yes, a bit inconvenient but manageable","0 - adventurous",6,1,"0 - Low","1 - Present",3,1,2,0,0,1,0
1384,44,47,"Male",8,"1 - Completely Expected","1 - Absolutely Yes","0 - adventurous",7,1,"0 - Low","0 - None",1,1,1,0,0,0,0
1385,44,47,"Male",9,"2 - Somewhat Expected","2 - Yes, a bit inconvenient but manageable","0 - adventurous",11,1,"1 - High","0 - None",2,2,2,0,1,0,0
1386,44,47,"Male",10,"1 - Completely Expected","1 - Absolutely Yes","0 - adventurous",7,2,"0 - Low","0 - None",1,1,1,0,0,0,0
1387,44,47,"Male",11,"1 - Completely Expected","1 - Absolutely Yes","0 - adventurous",13,1,"0 - Low","1 - Present",3,1,1,0,0,1,0
1388,44,47,"Male",12,"2 - Somewhat Expected","1 - Absolutely Yes","0 - adventurous",5,1,"0 - Low","1 - Present",3,2,1,0,0,1,0
1389,44,47,"Male",13,"1 - Completely Expected","1 - Absolutely Yes","0 - adventurous",8,1,"0 - Low","0 - None",1,1,1,0,0,0,0
1390,44,47,"Male",14,"1 - Completely Expected","1 - Absolutely Yes","0 - adventurous",10,1,"0 - Low","1 - Present",3,1,1,0,0,1,0
1391,44,47,"Male",15,"1 - Completely Expected","1 - Absolutely Yes","0 - adventurous",4,1,"0 - Low","0 - None",1,1,1,0,0,0,0
1392,44,47,"Male",16,"1 - Completely Expected","1 - Absolutely Yes","0 - adventurous",2,1,"0 - Low","0 - None",1,1,1,0,0,0,0
1393,44,47,"Male",17,"2 - Somewhat Expected","1 - Absolutely Yes","0 - adventurous",12,2,"1 - High","0 - None",2,2,1,0,1,0,0
1394,44,47,"Male",18,"1 - Completely Expected","1 - Absolutely Yes","0 - adventurous",5,2,"0 - Low","0 - None",1,1,1,0,0,0,0
1395,44,47,"Male",19,"2 - Somewhat Expected","2 - Yes, a bit inconvenient but manageable","0 - adventurous",6,2,"1 - High","0 - None",2,2,2,0,1,0,0
1396,44,47,"Male",20,"5 - Very Unexpected","1 - Absolutely Yes","0 - adventurous",8,2,"0 - Low","1 - Present",3,5,1,0,0,1,0
1397,44,47,"Male",21,"5 - Very Unexpected","4 - Certainly Not","0 - adventurous",2,2,"1 - High","1 - Present",4,5,4,0,1,1,1
1398,44,47,"Male",22,"5 - Very Unexpected","1 - Absolutely Yes","0 - adventurous",16,1,"0 - Low","1 - Present",3,5,1,0,0,1,0
1399,44,47,"Male",23,"4 - Somewhat Unexpected","1 - Absolutely Yes","0 - adventurous",3,1,"1 - High","1 - Present",4,4,1,0,1,1,1
1400,44,47,"Male",24,"2 - Somewhat Expected","2 - Yes, a bit inconvenient but manageable","0 - adventurous",11,2,"1 - High","0 - None",2,2,2,0,1,0,0
1401,44,47,"Male",25,"5 - Very Unexpected","4 - Certainly Not","0 - adventurous",16,2,"1 - High","1 - Present",4,5,4,0,1,1,1
1402,44,47,"Male",26,"1 - Completely Expected","1 - Absolutely Yes","0 - adventurous",13,2,"0 - Low","0 - None",1,1,1,0,0,0,0
1403,44,47,"Male",27,"5 - Very Unexpected","4 - Certainly Not","0 - adventurous",15,2,"0 - Low","1 - Present",3,5,4,0,0,1,0
1404,44,47,"Male",28,"4 - Somewhat Unexpected","2 - Yes, a bit inconvenient but manageable","0 - adventurous",14,2,"1 - High","1 - Present",4,4,2,0,1,1,1
1405,44,47,"Male",29,"1 - Completely Expected","1 - Absolutely Yes","0 - adventurous",4,2,"1 - High","1 - Present",4,1,1,0,1,1,1
1406,44,47,"Male",30,"5 - Very Unexpected","4 - Certainly Not","0 - adventurous",1,2,"1 - High","0 - None",2,5,4,0,1,0,0
1407,44,47,"Male",31,"5 - Very Unexpected","4 - Certainly Not","0 - adventurous",3,2,"0 - Low","1 - Present",3,5,4,0,0,1,0
1408,44,47,"Male",32,"1 - Completely Expected","1 - Absolutely Yes","0 - adventurous",10,2,"1 - High","0 - None",2,1,1,0,1,0,0
1409,45,52,"Female",1,"1 - Completely Expected","1 - Absolutely Yes","0 - adventurous",8,1,"1 - High","0 - None",2,1,1,0,1,0,0
1410,45,52,"Female",2,"4 - Somewhat Unexpected","2 - Yes, a bit inconvenient but manageable","0 - adventurous",11,1,"0 - Low","0 - None",1,4,2,0,0,0,0
1411,45,52,"Female",3,"2 - Somewhat Expected","3 - Yes, but would not be feel nice","0 - adventurous",3,1,"0 - Low","0 - None",1,2,3,0,0,0,0
1412,45,52,"Female",4,"1 - Completely Expected","1 - Absolutely Yes","0 - adventurous",9,1,"0 - Low","0 - None",1,1,1,0,0,0,0
1413,45,52,"Female",5,"5 - Very Unexpected","2 - Yes, a bit inconvenient but manageable","0 - adventurous",6,1,"0 - Low","1 - Present",3,5,2,0,0,1,0
1414,45,52,"Female",6,"1 - Completely Expected","1 - Absolutely Yes","0 - adventurous",5,1,"0 - Low","0 - None",1,1,1,0,0,0,0
1415,45,52,"Female",7,"3 - Indifferent / Can't Decide","2 - Yes, a bit inconvenient but manageable","0 - adventurous",14,1,"1 - High","1 - Present",4,3,2,0,1,1,1
1416,45,52,"Female",8,"4 - Somewhat Unexpected","1 - Absolutely Yes","0 - adventurous",9,2,"0 - Low","1 - Present",3,4,1,0,0,1,0
1417,45,52,"Female",9,"5 - Very Unexpected","3 - Yes, but would not be feel nice","0 - adventurous",15,1,"1 - High","1 - Present",4,5,3,0,1,1,1
1418,45,52,"Female",10,"1 - Completely Expected","1 - Absolutely Yes","0 - adventurous",14,2,"0 - Low","0 - None",1,1,1,0,0,0,0
1419,45,52,"Female",11,"1 - Completely Expected","1 - Absolutely Yes","0 - adventurous",12,1,"0 - Low","0 - None",1,1,1,0,0,0,0
1420,45,52,"Female",12,"1 - Completely Expected","1 - Absolutely Yes","0 - adventurous",10,1,"1 - High","0 - None",2,1,1,0,1,0,0
1421,45,52,"Female",13,"4 - Somewhat Unexpected","2 - Yes, a bit inconvenient but manageable","0 - adventurous",4,1,"1 - High","1 - Present",4,4,2,0,1,1,1
1422,45,52,"Female",14,"5 - Very Unexpected","1 - Absolutely Yes","0 - adventurous",1,1,"1 - High","1 - Present",4,5,1,0,1,1,1
1423,45,52,"Female",15,"2 - Somewhat Expected","2 - Yes, a bit inconvenient but manageable","0 - adventurous",11,2,"1 - High","0 - None",2,2,2,0,1,0,0
1424,45,52,"Female",16,"2 - Somewhat Expected","1 - Absolutely Yes","0 - adventurous",7,1,"0 - Low","1 - Present",3,2,1,0,0,1,0
1425,45,52,"Female",17,"4 - Somewhat Unexpected","1 - Absolutely Yes","0 - adventurous",16,1,"0 - Low","1 - Present",3,4,1,0,0,1,0
1426,45,52,"Female",18,"1 - Completely Expected","1 - Absolutely Yes","0 - adventurous",8,2,"1 - High","0 - None",2,1,1,0,1,0,0
1427,45,52,"Female",19,"5 - Very Unexpected","2 - Yes, a bit inconvenient but manageable","0 - adventurous",6,2,"0 - Low","1 - Present",3,5,2,0,0,1,0
1428,45,52,"Female",20,"1 - Completely Expected","1 - Absolutely Yes","0 - adventurous",4,2,"0 - Low","0 - None",1,1,1,0,0,0,0
1429,45,52,"Female",21,"4 - Somewhat Unexpected","1 - Absolutely Yes","0 - adventurous",16,2,"0 - Low","1 - Present",3,4,1,0,0,1,0
1430,45,52,"Female",22,"4 - Somewhat Unexpected","1 - Absolutely Yes","0 - adventurous",7,2,"1 - High","1 - Present",4,4,1,0,1,1,1
1431,45,52,"Female",23,"5 - Very Unexpected","2 - Yes, a bit inconvenient but manageable","0 - adventurous",15,2,"1 - High","1 - Present",4,5,2,0,1,1,1
1432,45,52,"Female",24,"5 - Very Unexpected","1 - Absolutely Yes","0 - adventurous",12,2,"0 - Low","1 - Present",3,5,1,0,0,1,0
1433,45,52,"Female",25,"1 - Completely Expected","1 - Absolutely Yes","0 - adventurous",13,1,"1 - High","0 - None",2,1,1,0,1,0,0
1434,45,52,"Female",26,"1 - Completely Expected","1 - Absolutely Yes","0 - adventurous",13,2,"0 - Low","0 - None",1,1,1,0,0,0,0
1435,45,52,"Female",27,"1 - Completely Expected","2 - Yes, a bit inconvenient but manageable","0 - adventurous",2,1,"1 - High","0 - None",2,1,2,0,1,0,0
1436,45,52,"Female",28,"1 - Completely Expected","2 - Yes, a bit inconvenient but manageable","0 - adventurous",3,2,"1 - High","0 - None",2,1,2,0,1,0,0
1437,45,52,"Female",29,"4 - Somewhat Unexpected","2 - Yes, a bit inconvenient but manageable","0 - adventurous",10,2,"1 - High","1 - Present",4,4,2,0,1,1,1
1438,45,52,"Female",30,"5 - Very Unexpected","2 - Yes, a bit inconvenient but manageable","0 - adventurous",1,2,"0 - Low","1 - Present",3,5,2,0,0,1,0
1439,45,52,"Female",31,"1 - Completely Expected","2 - Yes, a bit inconvenient but manageable","0 - adventurous",2,2,"1 - High","0 - None",2,1,2,0,1,0,0
1440,45,52,"Female",32,"5 - Very Unexpected","2 - Yes, a bit inconvenient but manageable","0 - adventurous",5,2,"1 - High","1 - Present",4,5,2,0,1,1,1
1441,46,46,"Female",1,"5 - Very Unexpected","2 - Yes, a bit inconvenient but manageable","0 - adventurous",12,1,"0 - Low","1 - Present",3,5,2,0,0,1,0
1442,46,46,"Female",2,"1 - Completely Expected","1 - Absolutely Yes","0 - adventurous",1,1,"0 - Low","0 - None",1,1,1,0,0,0,0
1443,46,46,"Female",3,"1 - Completely Expected","1 - Absolutely Yes","0 - adventurous",10,1,"0 - Low","0 - None",1,1,1,0,0,0,0
1444,46,46,"Female",4,"5 - Very Unexpected","4 - Certainly Not","0 - adventurous",14,1,"0 - Low","1 - Present",3,5,4,0,0,1,0
1445,46,46,"Female",5,"4 - Somewhat Unexpected","1 - Absolutely Yes","0 - adventurous",9,1,"1 - High","1 - Present",4,4,1,0,1,1,1
1446,46,46,"Female",6,"1 - Completely Expected","1 - Absolutely Yes","0 - adventurous",5,1,"0 - Low","1 - Present",3,1,1,0,0,1,0
1447,46,46,"Female",7,"1 - Completely Expected","1 - Absolutely Yes","0 - adventurous",14,2,"0 - Low","0 - None",1,1,1,0,0,0,0
1448,46,46,"Female",8,"5 - Very Unexpected","4 - Certainly Not","0 - adventurous",4,1,"0 - Low","1 - Present",3,5,4,0,0,1,0
1449,46,46,"Female",9,"1 - Completely Expected","1 - Absolutely Yes","0 - adventurous",7,1,"1 - High","0 - None",2,1,1,0,1,0,0
1450,46,46,"Female",10,"1 - Completely Expected","1 - Absolutely Yes","0 - adventurous",15,1,"1 - High","0 - None",2,1,1,0,1,0,0
1451,46,46,"Female",11,"1 - Completely Expected","1 - Absolutely Yes","0 - adventurous",16,1,"1 - High","0 - None",2,1,1,0,1,0,0
1452,46,46,"Female",12,"4 - Somewhat Unexpected","2 - Yes, a bit inconvenient but manageable","0 - adventurous",10,2,"1 - High","1 - Present",4,4,2,0,1,1,1
1453,46,46,"Female",13,"5 - Very Unexpected","2 - Yes, a bit inconvenient but manageable","0 - adventurous",11,1,"1 - High","1 - Present",4,5,2,0,1,1,1
1454,46,46,"Female",14,"5 - Very Unexpected","1 - Absolutely Yes","0 - adventurous",1,2,"1 - High","1 - Present",4,5,1,0,1,1,1
1455,46,46,"Female",15,"3 - Indifferent / Can't Decide","2 - Yes, a bit inconvenient but manageable","0 - adventurous",8,1,"1 - High","1 - Present",4,3,2,0,1,1,1
1456,46,46,"Female",16,"4 - Somewhat Unexpected","2 - Yes, a bit inconvenient but manageable","0 - adventurous",5,2,"1 - High","1 - Present",4,4,2,0,1,1,1
1457,46,46,"Female",17,"4 - Somewhat Unexpected","2 - Yes, a bit inconvenient but manageable","0 - adventurous",16,2,"0 - Low","1 - Present",3,4,2,0,0,1,0
1458,46,46,"Female",18,"1 - Completely Expected","1 - Absolutely Yes","0 - adventurous",2,1,"1 - High","0 - None",2,1,1,0,1,0,0
1459,46,46,"Female",19,"4 - Somewhat Unexpected","2 - Yes, a bit inconvenient but manageable","0 - adventurous",11,2,"0 - Low","1 - Present",3,4,2,0,0,1,0
1460,46,46,"Female",20,"1 - Completely Expected","1 - Absolutely Yes","0 - adventurous",4,2,"1 - High","0 - None",2,1,1,0,1,0,0
1461,46,46,"Female",21,"4 - Somewhat Unexpected","2 - Yes, a bit inconvenient but manageable","0 - adventurous",15,2,"0 - Low","1 - Present",3,4,2,0,0,1,0
1462,46,46,"Female",22,"1 - Completely Expected","1 - Absolutely Yes","0 - adventurous",13,1,"1 - High","0 - None",2,1,1,0,1,0,0
1463,46,46,"Female",23,"1 - Completely Expected","1 - Absolutely Yes","0 - adventurous",7,2,"1 - High","0 - None",2,1,1,0,1,0,0
1464,46,46,"Female",24,"1 - Completely Expected","1 - Absolutely Yes","0 - adventurous",2,2,"0 - Low","0 - None",1,1,1,0,0,0,0
1465,46,46,"Female",25,"1 - Completely Expected","1 - Absolutely Yes","0 - adventurous",13,2,"0 - Low","0 - None",1,1,1,0,0,0,0
1466,46,46,"Female",26,"4 - Somewhat Unexpected","2 - Yes, a bit inconvenient but manageable","0 - adventurous",6,1,"0 - Low","1 - Present",3,4,2,0,0,1,0
1467,46,46,"Female",27,"1 - Completely Expected","1 - Absolutely Yes","0 - adventurous",9,2,"0 - Low","0 - None",1,1,1,0,0,0,0
1468,46,46,"Female",28,"1 - Completely Expected","1 - Absolutely Yes","0 - adventurous",8,2,"0 - Low","0 - None",1,1,1,0,0,0,0
1469,46,46,"Female",29,"4 - Somewhat Unexpected","2 - Yes, a bit inconvenient but manageable","0 - adventurous",3,1,"1 - High","1 - Present",4,4,2,0,1,1,1
1470,46,46,"Female",30,"1 - Completely Expected","1 - Absolutely Yes","0 - adventurous",6,2,"1 - High","0 - None",2,1,1,0,1,0,0
1471,46,46,"Female",31,"3 - Indifferent / Can't Decide","2 - Yes, a bit inconvenient but manageable","0 - adventurous",3,2,"0 - Low","0 - None",1,3,2,0,0,0,0
1472,46,46,"Female",32,"4 - Somewhat Unexpected","2 - Yes, a bit inconvenient but manageable","0 - adventurous",12,2,"1 - High","1 - Present",4,4,2,0,1,1,1
1473,47,46,"Male",1,"5 - Very Unexpected","4 - Certainly Not","0 - adventurous",11,1,"1 - High","1 - Present",4,5,4,0,1,1,1
1474,47,46,"Male",2,"1 - Completely Expected","2 - Yes, a bit inconvenient but manageable","0 - adventurous",8,1,"1 - High","0 - None",2,1,2,0,1,0,0
1475,47,46,"Male",3,"5 - Very Unexpected","3 - Yes, but would not be feel nice","0 - adventurous",6,1,"1 - High","1 - Present",4,5,3,0,1,1,1
1476,47,46,"Male",4,"2 - Somewhat Expected","1 - Absolutely Yes","0 - adventurous",16,1,"0 - Low","1 - Present",3,2,1,0,0,1,0
1477,47,46,"Male",5,"2 - Somewhat Expected","2 - Yes, a bit inconvenient but manageable","0 - adventurous",9,1,"1 - High","0 - None",2,2,2,0,1,0,0
1478,47,46,"Male",6,"4 - Somewhat Unexpected","2 - Yes, a bit inconvenient but manageable","0 - adventurous",9,2,"0 - Low","1 - Present",3,4,2,0,0,1,0
1479,47,46,"Male",7,"5 - Very Unexpected","3 - Yes, but would not be feel nice","0 - adventurous",15,1,"1 - High","1 - Present",4,5,3,0,1,1,1
1480,47,46,"Male",8,"4 - Somewhat Unexpected","2 - Yes, a bit inconvenient but manageable","0 - adventurous",7,1,"0 - Low","1 - Present",3,4,2,0,0,1,0
1481,47,46,"Male",9,"2 - Somewhat Expected","1 - Absolutely Yes","0 - adventurous",4,1,"0 - Low","1 - Present",3,2,1,0,0,1,0
1482,47,46,"Male",10,"1 - Completely Expected","1 - Absolutely Yes","0 - adventurous",12,1,"0 - Low","0 - None",1,1,1,0,0,0,0
1483,47,46,"Male",11,"1 - Completely Expected","1 - Absolutely Yes","0 - adventurous",1,1,"1 - High","0 - None",2,1,1,0,1,0,0
1484,47,46,"Male",12,"5 - Very Unexpected","4 - Certainly Not","0 - adventurous",11,2,"1 - High","1 - Present",4,5,4,0,1,1,1
1485,47,46,"Male",13,"1 - Completely Expected","1 - Absolutely Yes","0 - adventurous",6,2,"0 - Low","0 - None",1,1,1,0,0,0,0
1486,47,46,"Male",14,"2 - Somewhat Expected","1 - Absolutely Yes","0 - adventurous",16,2,"1 - High","1 - Present",4,2,1,0,1,1,1
1487,47,46,"Male",15,"5 - Very Unexpected","2 - Yes, a bit inconvenient but manageable","0 - adventurous",2,1,"0 - Low","1 - Present",3,5,2,0,0,1,0
1488,47,46,"Male",16,"4 - Somewhat Unexpected","2 - Yes, a bit inconvenient but manageable","0 - adventurous",7,2,"0 - Low","1 - Present",3,4,2,0,0,1,0
1489,47,46,"Male",17,"4 - Somewhat Unexpected","1 - Absolutely Yes","0 - adventurous",5,1,"0 - Low","1 - Present",3,4,1,0,0,1,0
1490,47,46,"Male",18,"2 - Somewhat Expected","3 - Yes, but would not be feel nice","0 - adventurous",13,1,"0 - Low","0 - None",1,2,3,0,0,0,0
1491,47,46,"Male",19,"2 - Somewhat Expected","1 - Absolutely Yes","0 - adventurous",1,2,"0 - Low","0 - None",1,2,1,0,0,0,0
1492,47,46,"Male",20,"4 - Somewhat Unexpected","2 - Yes, a bit inconvenient but manageable","0 - adventurous",3,1,"1 - High","1 - Present",4,4,2,0,1,1,1
1493,47,46,"Male",21,"2 - Somewhat Expected","1 - Absolutely Yes","0 - adventurous",4,2,"0 - Low","0 - None",1,2,1,0,0,0,0
1494,47,46,"Male",22,"2 - Somewhat Expected","2 - Yes, a bit inconvenient but manageable","0 - adventurous",14,1,"1 - High","0 - None",2,2,2,0,1,0,0
1495,47,46,"Male",23,"4 - Somewhat Unexpected","2 - Yes, a bit inconvenient but manageable","0 - adventurous",14,2,"1 - High","1 - Present",4,4,2,0,1,1,1
1496,47,46,"Male",24,"3 - Indifferent / Can't Decide","3 - Yes, but would not be feel nice","0 - adventurous",13,2,"0 - Low","0 - None",1,3,3,0,0,0,0
1497,47,46,"Male",25,"2 - Somewhat Expected","3 - Yes, but would not be feel nice","0 - adventurous",3,2,"0 - Low","0 - None",1,2,3,0,0,0,0
1498,47,46,"Male",26,"2 - Somewhat Expected","1 - Absolutely Yes","0 - adventurous",5,2,"0 - Low","0 - None",1,2,1,0,0,0,0
1499,47,46,"Male",27,"4 - Somewhat Unexpected","2 - Yes, a bit inconvenient but manageable","0 - adventurous",15,2,"1 - High","0 - None",2,4,2,0,1,0,0
1500,47,46,"Male",28,"2 - Somewhat Expected","3 - Yes, but would not be feel nice","0 - adventurous",2,2,"1 - High","0 - None",2,2,3,0,1,0,0
1501,47,46,"Male",29,"4 - Somewhat Unexpected","1 - Absolutely Yes","0 - adventurous",10,1,"0 - Low","1 - Present",3,4,1,0,0,1,0
1502,47,46,"Male",30,"3 - Indifferent / Can't Decide","2 - Yes, a bit inconvenient but manageable","0 - adventurous",8,2,"1 - High","1 - Present",4,3,2,0,1,1,1
1503,47,46,"Male",31,"2 - Somewhat Expected","3 - Yes, but would not be feel nice","0 - adventurous",10,2,"1 - High","0 - None",2,2,3,0,1,0,0
1504,47,46,"Male",32,"2 - Somewhat Expected","2 - Yes, a bit inconvenient but manageable","0 - adventurous",12,2,"1 - High","0 - None",2,2,2,0,1,0,0
1505,48,34,"Male",1,"5 - Very Unexpected","4 - Certainly Not","0 - adventurous",1,1,"1 - High","1 - Present",4,5,4,0,1,1,1
1506,48,34,"Male",2,"4 - Somewhat Unexpected","1 - Absolutely Yes","0 - adventurous",9,1,"0 - Low","1 - Present",3,4,1,0,0,1,0
1507,48,34,"Male",3,"5 - Very Unexpected","1 - Absolutely Yes","0 - adventurous",3,1,"1 - High","1 - Present",4,5,1,0,1,1,1
1508,48,34,"Male",4,"5 - Very Unexpected","4 - Certainly Not","0 - adventurous",6,1,"1 - High","1 - Present",4,5,4,0,1,1,1
1509,48,34,"Male",5,"1 - Completely Expected","1 - Absolutely Yes","0 - adventurous",13,1,"0 - Low","0 - None",1,1,1,0,0,0,0
1510,48,34,"Male",6,"2 - Somewhat Expected","1 - Absolutely Yes","0 - adventurous",5,1,"1 - High","0 - None",2,2,1,0,1,0,0
1511,48,34,"Male",7,"1 - Completely Expected","1 - Absolutely Yes","0 - adventurous",12,1,"1 - High","0 - None",2,1,1,0,1,0,0
1512,48,34,"Male",8,"5 - Very Unexpected","3 - Yes, but would not be feel nice","0 - adventurous",2,1,"1 - High","1 - Present",4,5,3,0,1,1,1
1513,48,34,"Male",9,"5 - Very Unexpected","2 - Yes, a bit inconvenient but manageable","0 - adventurous",15,1,"0 - Low","1 - Present",3,5,2,0,0,1,0
1514,48,34,"Male",10,"4 - Somewhat Unexpected","1 - Absolutely Yes","0 - adventurous",7,1,"1 - High","1 - Present",4,4,1,0,1,1,1
1515,48,34,"Male",11,"3 - Indifferent / Can't Decide","1 - Absolutely Yes","0 - adventurous",8,1,"0 - Low","1 - Present",3,3,1,0,0,1,0
1516,48,34,"Male",12,"4 - Somewhat Unexpected","1 - Absolutely Yes","0 - adventurous",4,1,"0 - Low","0 - None",1,4,1,0,0,0,0
1517,48,34,"Male",13,"5 - Very Unexpected","1 - Absolutely Yes","0 - adventurous",13,2,"0 - Low","1 - Present",3,5,1,0,0,1,0
1518,48,34,"Male",14,"5 - Very Unexpected","1 - Absolutely Yes","0 - adventurous",16,1,"0 - Low","1 - Present",3,5,1,0,0,1,0
1519,48,34,"Male",15,"1 - Completely Expected","3 - Yes, but would not be feel nice","0 - adventurous",1,2,"1 - High","0 - None",2,1,3,0,1,0,0
1520,48,34,"Male",16,"1 - Completely Expected","1 - Absolutely Yes","0 - adventurous",6,2,"1 - High","0 - None",2,1,1,0,1,0,0
1521,48,34,"Male",17,"1 - Completely Expected","3 - Yes, but would not be feel nice","0 - adventurous",15,2,"0 - Low","0 - None",1,1,3,0,0,0,0
1522,48,34,"Male",18,"1 - Completely Expected","2 - Yes, a bit inconvenient but manageable","0 - adventurous",10,1,"1 - High","0 - None",2,1,2,0,1,0,0
1523,48,34,"Male",19,"5 - Very Unexpected","2 - Yes, a bit inconvenient but manageable","0 - adventurous",11,1,"0 - Low","1 - Present",3,5,2,0,0,1,0
1524,48,34,"Male",20,"5 - Very Unexpected","3 - Yes, but would not be feel nice","0 - adventurous",2,2,"1 - High","1 - Present",4,5,3,0,1,1,1
1525,48,34,"Male",21,"1 - Completely Expected","2 - Yes, a bit inconvenient but manageable","0 - adventurous",11,2,"1 - High","0 - None",2,1,2,0,1,0,0
1526,48,34,"Male",22,"1 - Completely Expected","1 - Absolutely Yes","0 - adventurous",14,1,"0 - Low","0 - None",1,1,1,0,0,0,0
1527,48,34,"Male",23,"1 - Completely Expected","1 - Absolutely Yes","0 - adventurous",12,2,"1 - High","0 - None",2,1,1,0,1,0,0
1528,48,34,"Male",24,"4 - Somewhat Unexpected","1 - Absolutely Yes","0 - adventurous",4,2,"0 - Low","0 - None",1,4,1,0,0,0,0
1529,48,34,"Male",25,"1 - Completely Expected","2 - Yes, a bit inconvenient but manageable","0 - adventurous",14,2,"1 - High","0 - None",2,1,2,0,1,0,0
1530,48,34,"Male",26,"5 - Very Unexpected","1 - Absolutely Yes","0 - adventurous",16,2,"0 - Low","1 - Present",3,5,1,0,0,1,0
1531,48,34,"Male",27,"4 - Somewhat Unexpected","2 - Yes, a bit inconvenient but manageable","0 - adventurous",9,2,"0 - Low","1 - Present",3,4,2,0,0,1,0
1532,48,34,"Male",28,"1 - Completely Expected","1 - Absolutely Yes","0 - adventurous",8,2,"0 - Low","0 - None",1,1,1,0,0,0,0
1533,48,34,"Male",29,"1 - Completely Expected","1 - Absolutely Yes","0 - adventurous",10,2,"0 - Low","0 - None",1,1,1,0,0,0,0
1534,48,34,"Male",30,"5 - Very Unexpected","1 - Absolutely Yes","0 - adventurous",3,2,"1 - High","1 - Present",4,5,1,0,1,1,1
1535,48,34,"Male",31,"1 - Completely Expected","1 - Absolutely Yes","0 - adventurous",7,2,"0 - Low","0 - None",1,1,1,0,0,0,0
1536,48,34,"Male",32,"5 - Very Unexpected","1 - Absolutely Yes","0 - adventurous",5,2,"1 - High","1 - Present",4,5,1,0,1,1,1
1537,49,44,"Male",1,"1 - Completely Expected","1 - Absolutely Yes","0 - adventurous",2,1,"1 - High","0 - None",2,1,1,0,1,0,0
1538,49,44,"Male",2,"2 - Somewhat Expected","2 - Yes, a bit inconvenient but manageable","0 - adventurous",13,1,"1 - High","0 - None",2,2,2,0,1,0,0
1539,49,44,"Male",3,"2 - Somewhat Expected","3 - Yes, but would not be feel nice","0 - adventurous",15,1,"0 - Low","0 - None",1,2,3,0,0,0,0
1540,49,44,"Male",4,"5 - Very Unexpected","1 - Absolutely Yes","0 - adventurous",10,1,"0 - Low","1 - Present",3,5,1,0,0,1,0
1541,49,44,"Male",5,"1 - Completely Expected","1 - Absolutely Yes","0 - adventurous",4,1,"1 - High","0 - None",2,1,1,0,1,0,0
1542,49,44,"Male",6,"1 - Completely Expected","1 - Absolutely Yes","0 - adventurous",7,1,"1 - High","0 - None",2,1,1,0,1,0,0
1543,49,44,"Male",7,"5 - Very Unexpected","3 - Yes, but would not be feel nice","0 - adventurous",2,2,"0 - Low","1 - Present",3,5,3,0,0,1,0
1544,49,44,"Male",8,"2 - Somewhat Expected","3 - Yes, but would not be feel nice","0 - adventurous",13,2,"0 - Low","0 - None",1,2,3,0,0,0,0
1545,49,44,"Male",9,"5 - Very Unexpected","2 - Yes, a bit inconvenient but manageable","0 - adventurous",15,2,"1 - High","1 - Present",4,5,2,0,1,1,1
1546,49,44,"Male",10,"5 - Very Unexpected","3 - Yes, but would not be feel nice","0 - adventurous",10,2,"1 - High","1 - Present",4,5,3,0,1,1,1
1547,49,44,"Male",11,"4 - Somewhat Unexpected","1 - Absolutely Yes","0 - adventurous",8,1,"1 - High","1 - Present",4,4,1,0,1,1,1
1548,49,44,"Male",12,"5 - Very Unexpected","2 - Yes, a bit inconvenient but manageable","0 - adventurous",9,1,"0 - Low","1 - Present",3,5,2,0,0,1,0
1549,49,44,"Male",13,"1 - Completely Expected","1 - Absolutely Yes","0 - adventurous",16,1,"0 - Low","0 - None",1,1,1,0,0,0,0
1550,49,44,"Male",14,"5 - Very Unexpected","3 - Yes, but would not be feel nice","0 - adventurous",1,1,"1 - High","1 - Present",4,5,3,0,1,1,1
1551,49,44,"Male",15,"5 - Very Unexpected","3 - Yes, but would not be feel nice","0 - adventurous",14,1,"1 - High","1 - Present",4,5,3,0,1,1,1
1552,49,44,"Male",16,"1 - Completely Expected","1 - Absolutely Yes","0 - adventurous",12,1,"0 - Low","0 - None",1,1,1,0,0,0,0
1553,49,44,"Male",17,"5 - Very Unexpected","4 - Certainly Not","0 - adventurous",6,1,"1 - High","1 - Present",4,5,4,0,1,1,1
1554,49,44,"Male",18,"5 - Very Unexpected","1 - Absolutely Yes","0 - adventurous",3,1,"0 - Low","1 - Present",3,5,1,0,0,1,0
1555,49,44,"Male",19,"5 - Very Unexpected","3 - Yes, but would not be feel nice","0 - adventurous",12,2,"1 - High","1 - Present",4,5,3,0,1,1,1
1556,49,44,"Male",20,"1 - Completely Expected","1 - Absolutely Yes","0 - adventurous",6,2,"1 - High","0 - None",2,1,1,0,1,0,0
1557,49,44,"Male",21,"5 - Very Unexpected","2 - Yes, a bit inconvenient but manageable","0 - adventurous",3,2,"0 - Low","1 - Present",3,5,2,0,0,1,0
1558,49,44,"Male",22,"1 - Completely Expected","1 - Absolutely Yes","0 - adventurous",5,1,"0 - Low","0 - None",1,1,1,0,0,0,0
1559,49,44,"Male",23,"1 - Completely Expected","1 - Absolutely Yes","0 - adventurous",1,2,"1 - High","0 - None",2,1,1,0,1,0,0
1560,49,44,"Male",24,"1 - Completely Expected","1 - Absolutely Yes","0 - adventurous",5,2,"1 - High","0 - None",2,1,1,0,1,0,0
1561,49,44,"Male",25,"1 - Completely Expected","1 - Absolutely Yes","0 - adventurous",9,2,"0 - Low","0 - None",1,1,1,0,0,0,0
1562,49,44,"Male",26,"1 - Completely Expected","1 - Absolutely Yes","0 - adventurous",7,2,"1 - High","0 - None",2,1,1,0,1,0,0
1563,49,44,"Male",27,"4 - Somewhat Unexpected","1 - Absolutely Yes","0 - adventurous",11,1,"0 - Low","0 - None",1,4,1,0,0,0,0
1564,49,44,"Male",28,"5 - Very Unexpected","3 - Yes, but would not be feel nice","0 - adventurous",11,2,"0 - Low","1 - Present",3,5,3,0,0,1,0
1565,49,44,"Male",29,"4 - Somewhat Unexpected","2 - Yes, a bit inconvenient but manageable","0 - adventurous",4,2,"1 - High","1 - Present",4,4,2,0,1,1,1
1566,49,44,"Male",30,"5 - Very Unexpected","1 - Absolutely Yes","0 - adventurous",8,2,"0 - Low","1 - Present",3,5,1,0,0,1,0
1567,49,44,"Male",31,"1 - Completely Expected","1 - Absolutely Yes","0 - adventurous",16,2,"0 - Low","0 - None",1,1,1,0,0,0,0
1568,49,44,"Male",32,"5 - Very Unexpected","2 - Yes, a bit inconvenient but manageable","0 - adventurous",14,2,"0 - Low","1 - Present",3,5,2,0,0,1,0
1569,50,30,"Female",1,"1 - Completely Expected","2 - Yes, a bit inconvenient but manageable","1 - cautious",2,1,"1 - High","0 - None",2,1,2,1,1,0,0
1570,50,30,"Female",2,"5 - Very Unexpected","3 - Yes, but would not be feel nice","1 - cautious",5,1,"0 - Low","1 - Present",3,5,3,1,0,1,0
1571,50,30,"Female",3,"1 - Completely Expected","4 - Certainly Not","1 - cautious",7,1,"1 - High","0 - None",2,1,4,1,1,0,0
1572,50,30,"Female",4,"5 - Very Unexpected","3 - Yes, but would not be feel nice","1 - cautious",6,1,"0 - Low","1 - Present",3,5,3,1,0,1,0
1573,50,30,"Female",5,"5 - Very Unexpected","2 - Yes, a bit inconvenient but manageable","1 - cautious",16,1,"1 - High","1 - Present",4,5,2,1,1,1,1
1574,50,30,"Female",6,"1 - Completely Expected","2 - Yes, a bit inconvenient but manageable","1 - cautious",14,1,"1 - High","0 - None",2,1,2,1,1,0,0
1575,50,30,"Female",7,"4 - Somewhat Unexpected","4 - Certainly Not","1 - cautious",11,1,"1 - High","0 - None",2,4,4,1,1,0,0
1576,50,30,"Female",8,"5 - Very Unexpected","4 - Certainly Not","1 - cautious",12,1,"0 - Low","1 - Present",3,5,4,1,0,1,0
1577,50,30,"Female",9,"1 - Completely Expected","1 - Absolutely Yes","1 - cautious",16,2,"0 - Low","0 - None",1,1,1,1,0,0,0
1578,50,30,"Female",10,"5 - Very Unexpected","4 - Certainly Not","1 - cautious",6,2,"1 - High","1 - Present",4,5,4,1,1,1,1
1579,50,30,"Female",11,"4 - Somewhat Unexpected","2 - Yes, a bit inconvenient but manageable","1 - cautious",8,1,"1 - High","1 - Present",4,4,2,1,1,1,1
1580,50,30,"Female",12,"1 - Completely Expected","1 - Absolutely Yes","1 - cautious",9,1,"0 - Low","0 - None",1,1,1,1,0,0,0
1581,50,30,"Female",13,"5 - Very Unexpected","4 - Certainly Not","1 - cautious",12,2,"0 - Low","1 - Present",3,5,4,1,0,1,0
1582,50,30,"Female",14,"5 - Very Unexpected","2 - Yes, a bit inconvenient but manageable","1 - cautious",1,1,"1 - High","1 - Present",4,5,2,1,1,1,1
1583,50,30,"Female",15,"2 - Somewhat Expected","2 - Yes, a bit inconvenient but manageable","1 - cautious",8,2,"0 - Low","1 - Present",3,2,2,1,0,1,0
1584,50,30,"Female",16,"5 - Very Unexpected","3 - Yes, but would not be feel nice","1 - cautious",10,1,"0 - Low","1 - Present",3,5,3,1,0,1,0
1585,50,30,"Female",17,"1 - Completely Expected","3 - Yes, but would not be feel nice","1 - cautious",3,1,"1 - High","0 - None",2,1,3,1,1,0,0
1586,50,30,"Female",18,"3 - Indifferent / Can't Decide","2 - Yes, a bit inconvenient but manageable","1 - cautious",4,1,"0 - Low","0 - None",1,3,2,1,0,0,0
1587,50,30,"Female",19,"5 - Very Unexpected","4 - Certainly Not","1 - cautious",11,2,"0 - Low","1 - Present",3,5,4,1,0,1,0
1588,50,30,"Female",20,"1 - Completely Expected","1 - Absolutely Yes","1 - cautious",13,1,"0 - Low","0 - None",1,1,1,1,0,0,0
1589,50,30,"Female",21,"1 - Completely Expected","2 - Yes, a bit inconvenient but manageable","1 - cautious",15,1,"1 - High","0 - None",2,1,2,1,1,0,0
1590,50,30,"Female",22,"1 - Completely Expected","2 - Yes, a bit inconvenient but manageable","1 - cautious",5,2,"0 - Low","0 - None",1,1,2,1,0,0,0
1591,50,30,"Female",23,"5 - Very Unexpected","2 - Yes, a bit inconvenient but manageable","1 - cautious",1,2,"1 - High","1 - Present",4,5,2,1,1,1,1
1592,50,30,"Female",24,"1 - Completely Expected","2 - Yes, a bit inconvenient but manageable","1 - cautious",7,2,"0 - Low","0 - None",1,1,2,1,0,0,0
1593,50,30,"Female",25,"5 - Very Unexpected","4 - Certainly Not","1 - cautious",15,2,"1 - High","1 - Present",4,5,4,1,1,1,1
1594,50,30,"Female",26,"5 - Very Unexpected","2 - Yes, a bit inconvenient but manageable","1 - cautious",2,2,"0 - Low","1 - Present",3,5,2,1,0,1,0
1595,50,30,"Female",27,"5 - Very Unexpected","2 - Yes, a bit inconvenient but manageable","1 - cautious",13,2,"1 - High","1 - Present",4,5,2,1,1,1,1
1596,50,30,"Female",28,"1 - Completely Expected","3 - Yes, but would not be feel nice","1 - cautious",3,2,"1 - High","0 - None",2,1,3,1,1,0,0
1597,50,30,"Female",29,"1 - Completely Expected","3 - Yes, but would not be feel nice","1 - cautious",4,2,"1 - High","0 - None",2,1,3,1,1,0,0
1598,50,30,"Female",30,"1 - Completely Expected","2 - Yes, a bit inconvenient but manageable","1 - cautious",9,2,"0 - Low","0 - None",1,1,2,1,0,0,0
1599,50,30,"Female",31,"1 - Completely Expected","1 - Absolutely Yes","1 - cautious",10,2,"0 - Low","0 - None",1,1,1,1,0,0,0
1600,50,30,"Female",32,"5 - Very Unexpected","4 - Certainly Not","1 - cautious",14,2,"1 - High","1 - Present",4,5,4,1,1,1,1
1601,51,36,"Female",1,"5 - Very Unexpected","1 - Absolutely Yes","1 - cautious",5,1,"1 - High","1 - Present",4,5,1,1,1,1,1
1602,51,36,"Female",2,"4 - Somewhat Unexpected","2 - Yes, a bit inconvenient but manageable","1 - cautious",6,1,"0 - Low","1 - Present",3,4,2,1,0,1,0
1603,51,36,"Female",3,"5 - Very Unexpected","4 - Certainly Not","1 - cautious",16,1,"0 - Low","1 - Present",3,5,4,1,0,1,0
1604,51,36,"Female",4,"4 - Somewhat Unexpected","2 - Yes, a bit inconvenient but manageable","1 - cautious",4,1,"1 - High","1 - Present",4,4,2,1,1,1,1
1605,51,36,"Female",5,"4 - Somewhat Unexpected","1 - Absolutely Yes","1 - cautious",3,1,"0 - Low","0 - None",1,4,1,1,0,0,0
1606,51,36,"Female",6,"5 - Very Unexpected","4 - Certainly Not","1 - cautious",13,1,"1 - High","1 - Present",4,5,4,1,1,1,1
1607,51,36,"Female",7,"2 - Somewhat Expected","3 - Yes, but would not be feel nice","1 - cautious",16,2,"1 - High","0 - None",2,2,3,1,1,0,0
1608,51,36,"Female",8,"2 - Somewhat Expected","2 - Yes, a bit inconvenient but manageable","1 - cautious",9,1,"1 - High","0 - None",2,2,2,1,1,0,0
1609,51,36,"Female",9,"5 - Very Unexpected","3 - Yes, but would not be feel nice","1 - cautious",14,1,"1 - High","1 - Present",4,5,3,1,1,1,1
1610,51,36,"Female",10,"1 - Completely Expected","1 - Absolutely Yes","1 - cautious",12,1,"0 - Low","0 - None",1,1,1,1,0,0,0
1611,51,36,"Female",11,"5 - Very Unexpected","4 - Certainly Not","1 - cautious",11,1,"1 - High","0 - None",2,5,4,1,1,0,0
1612,51,36,"Female",12,"1 - Completely Expected","1 - Absolutely Yes","1 - cautious",10,1,"0 - Low","0 - None",1,1,1,1,0,0,0
1613,51,36,"Female",13,"5 - Very Unexpected","4 - Certainly Not","1 - cautious",1,1,"1 - High","1 - Present",4,5,4,1,1,1,1
1614,51,36,"Female",14,"1 - Completely Expected","1 - Absolutely Yes","1 - cautious",14,2,"1 - High","0 - None",2,1,1,1,1,0,0
1615,51,36,"Female",15,"1 - Completely Expected","1 - Absolutely Yes","1 - cautious",6,2,"0 - Low","0 - None",1,1,1,1,0,0,0
1616,51,36,"Female",16,"1 - Completely Expected","2 - Yes, a bit inconvenient but manageable","1 - cautious",13,2,"0 - Low","0 - None",1,1,2,1,0,0,0
1617,51,36,"Female",17,"1 - Completely Expected","1 - Absolutely Yes","1 - cautious",2,1,"1 - High","0 - None",2,1,1,1,1,0,0
1618,51,36,"Female",18,"5 - Very Unexpected","4 - Certainly Not","1 - cautious",15,1,"0 - Low","1 - Present",3,5,4,1,0,1,0
1619,51,36,"Female",19,"1 - Completely Expected","1 - Absolutely Yes","1 - cautious",7,1,"1 - High","0 - None",2,1,1,1,1,0,0
1620,51,36,"Female",20,"5 - Very Unexpected","4 - Certainly Not","1 - cautious",11,2,"1 - High","1 - Present",4,5,4,1,1,1,1
1621,51,36,"Female",21,"5 - Very Unexpected","4 - Certainly Not","1 - cautious",12,2,"0 - Low","1 - Present",3,5,4,1,0,1,0
1622,51,36,"Female",22,"1 - Completely Expected","1 - Absolutely Yes","1 - cautious",8,1,"1 - High","0 - None",2,1,1,1,1,0,0
1623,51,36,"Female",23,"5 - Very Unexpected","4 - Certainly Not","1 - cautious",15,2,"0 - Low","1 - Present",3,5,4,1,0,1,0
1624,51,36,"Female",24,"2 - Somewhat Expected","2 - Yes, a bit inconvenient but manageable","1 - cautious",3,2,"0 - Low","0 - None",1,2,2,1,0,0,0
1625,51,36,"Female",25,"2 - Somewhat Expected","1 - Absolutely Yes","1 - cautious",9,2,"0 - Low","0 - None",1,2,1,1,0,0,0
1626,51,36,"Female",26,"4 - Somewhat Unexpected","4 - Certainly Not","1 - cautious",1,2,"0 - Low","1 - Present",3,4,4,1,0,1,0
1627,51,36,"Female",27,"5 - Very Unexpected","3 - Yes, but would not be feel nice","1 - cautious",10,2,"1 - High","1 - Present",4,5,3,1,1,1,1
1628,51,36,"Female",28,"2 - Somewhat Expected","2 - Yes, a bit inconvenient but manageable","1 - cautious",4,2,"0 - Low","0 - None",1,2,2,1,0,0,0
1629,51,36,"Female",29,"1 - Completely Expected","1 - Absolutely Yes","1 - cautious",8,2,"1 - High","0 - None",2,1,1,1,1,0,0
1630,51,36,"Female",30,"1 - Completely Expected","1 - Absolutely Yes","1 - cautious",2,2,"0 - Low","1 - Present",3,1,1,1,0,1,0
1631,51,36,"Female",31,"1 - Completely Expected","1 - Absolutely Yes","1 - cautious",7,2,"0 - Low","1 - Present",3,1,1,1,0,1,0
1632,51,36,"Female",32,"5 - Very Unexpected","1 - Absolutely Yes","1 - cautious",5,2,"1 - High","1 - Present",4,5,1,1,1,1,1
1633,52,46,"Female",1,"2 - Somewhat Expected","4 - Certainly Not","1 - cautious",11,1,"0 - Low","0 - None",1,2,4,1,0,0,0
1634,52,46,"Female",2,"1 - Completely Expected","1 - Absolutely Yes","1 - cautious",8,1,"1 - High","0 - None",2,1,1,1,1,0,0
1635,52,46,"Female",3,"1 - Completely Expected","1 - Absolutely Yes","1 - cautious",14,1,"1 - High","0 - None",2,1,1,1,1,0,0
1636,52,46,"Female",4,"2 - Somewhat Expected","3 - Yes, but would not be feel nice","1 - cautious",15,1,"0 - Low","0 - None",1,2,3,1,0,0,0
1637,52,46,"Female",5,"5 - Very Unexpected","3 - Yes, but would not be feel nice","1 - cautious",13,1,"1 - High","1 - Present",4,5,3,1,1,1,1
1638,52,46,"Female",6,"2 - Somewhat Expected","1 - Absolutely Yes","1 - cautious",14,2,"1 - High","1 - Present",4,2,1,1,1,1,1
1639,52,46,"Female",7,"5 - Very Unexpected","4 - Certainly Not","1 - cautious",16,1,"1 - High","1 - Present",4,5,4,1,1,1,1
1640,52,46,"Female",8,"2 - Somewhat Expected","4 - Certainly Not","1 - cautious",11,2,"0 - Low","0 - None",1,2,4,1,0,0,0
1641,52,46,"Female",9,"1 - Completely Expected","1 - Absolutely Yes","1 - cautious",3,1,"0 - Low","0 - None",1,1,1,1,0,0,0
1642,52,46,"Female",10,"4 - Somewhat Unexpected","1 - Absolutely Yes","1 - cautious",7,1,"0 - Low","1 - Present",3,4,1,1,0,1,0
1643,52,46,"Female",11,"4 - Somewhat Unexpected","1 - Absolutely Yes","1 - cautious",4,1,"0 - Low","1 - Present",3,4,1,1,0,1,0
1644,52,46,"Female",12,"1 - Completely Expected","1 - Absolutely Yes","1 - cautious",12,1,"1 - High","0 - None",2,1,1,1,1,0,0
1645,52,46,"Female",13,"5 - Very Unexpected","1 - Absolutely Yes","1 - cautious",10,1,"0 - Low","1 - Present",3,5,1,1,0,1,0
1646,52,46,"Female",14,"5 - Very Unexpected","3 - Yes, but would not be feel nice","1 - cautious",1,1,"1 - High","1 - Present",4,5,3,1,1,1,1
1647,52,46,"Female",15,"5 - Very Unexpected","2 - Yes, a bit inconvenient but manageable","1 - cautious",9,1,"1 - High","1 - Present",4,5,2,1,1,1,1
1648,52,46,"Female",16,"1 - Completely Expected","1 - Absolutely Yes","1 - cautious",6,1,"0 - Low","0 - None",1,1,1,1,0,0,0
1649,52,46,"Female",17,"5 - Very Unexpected","1 - Absolutely Yes","1 - cautious",7,2,"1 - High","1 - Present",4,5,1,1,1,1,1
1650,52,46,"Female",18,"1 - Completely Expected","1 - Absolutely Yes","1 - cautious",8,2,"1 - High","0 - None",2,1,1,1,1,0,0
1651,52,46,"Female",19,"4 - Somewhat Unexpected","1 - Absolutely Yes","1 - cautious",13,2,"0 - Low","1 - Present",3,4,1,1,0,1,0
1652,52,46,"Female",20,"1 - Completely Expected","1 - Absolutely Yes","1 - cautious",5,1,"1 - High","0 - None",2,1,1,1,1,0,0
1653,52,46,"Female",21,"1 - Completely Expected","1 - Absolutely Yes","1 - cautious",10,2,"0 - Low","0 - None",1,1,1,1,0,0,0
1654,52,46,"Female",22,"1 - Completely Expected","1 - Absolutely Yes","1 - cautious",1,2,"1 - High","0 - None",2,1,1,1,1,0,0
1655,52,46,"Female",23,"1 - Completely Expected","2 - Yes, a bit inconvenient but manageable","1 - cautious",15,2,"1 - High","0 - None",2,1,2,1,1,0,0
1656,52,46,"Female",24,"4 - Somewhat Unexpected","3 - Yes, but would not be feel nice","1 - cautious",16,2,"0 - Low","1 - Present",3,4,3,1,0,1,0
1657,52,46,"Female",25,"1 - Completely Expected","1 - Absolutely Yes","1 - cautious",9,2,"0 - Low","0 - None",1,1,1,1,0,0,0
1658,52,46,"Female",26,"5 - Very Unexpected","1 - Absolutely Yes","1 - cautious",3,2,"0 - Low","1 - Present",3,5,1,1,0,1,0
1659,52,46,"Female",27,"1 - Completely Expected","1 - Absolutely Yes","1 - cautious",12,2,"0 - Low","0 - None",1,1,1,1,0,0,0
1660,52,46,"Female",28,"4 - Somewhat Unexpected","1 - Absolutely Yes","1 - cautious",5,2,"0 - Low","1 - Present",3,4,1,1,0,1,0
1661,52,46,"Female",29,"5 - Very Unexpected","1 - Absolutely Yes","1 - cautious",2,1,"0 - Low","1 - Present",3,5,1,1,0,1,0
1662,52,46,"Female",30,"5 - Very Unexpected","4 - Certainly Not","1 - cautious",6,2,"1 - High","1 - Present",4,5,4,1,1,1,1
1663,52,46,"Female",31,"1 - Completely Expected","1 - Absolutely Yes","1 - cautious",2,2,"1 - High","0 - None",2,1,1,1,1,0,0
1664,52,46,"Female",32,"4 - Somewhat Unexpected","1 - Absolutely Yes","1 - cautious",4,2,"1 - High","1 - Present",4,4,1,1,1,1,1
1665,53,29,"Male",1,"4 - Somewhat Unexpected","2 - Yes, a bit inconvenient but manageable","0 - adventurous",1,1,"1 - High","0 - None",2,4,2,0,1,0,0
1666,53,29,"Male",2,"4 - Somewhat Unexpected","2 - Yes, a bit inconvenient but manageable","0 - adventurous",9,1,"1 - High","0 - None",2,4,2,0,1,0,0
1667,53,29,"Male",3,"4 - Somewhat Unexpected","1 - Absolutely Yes","0 - adventurous",14,1,"1 - High","1 - Present",4,4,1,0,1,1,1
1668,53,29,"Male",4,"5 - Very Unexpected","1 - Absolutely Yes","0 - adventurous",1,2,"0 - Low","1 - Present",3,5,1,0,0,1,0
1669,53,29,"Male",5,"2 - Somewhat Expected","1 - Absolutely Yes","0 - adventurous",16,1,"1 - High","1 - Present",4,2,1,0,1,1,1
1670,53,29,"Male",6,"2 - Somewhat Expected","1 - Absolutely Yes","0 - adventurous",3,1,"0 - Low","0 - None",1,2,1,0,0,0,0
1671,53,29,"Male",7,"1 - Completely Expected","1 - Absolutely Yes","0 - adventurous",8,1,"0 - Low","0 - None",1,1,1,0,0,0,0
1672,53,29,"Male",8,"5 - Very Unexpected","1 - Absolutely Yes","0 - adventurous",5,1,"0 - Low","1 - Present",3,5,1,0,0,1,0
1673,53,29,"Male",9,"2 - Somewhat Expected","2 - Yes, a bit inconvenient but manageable","0 - adventurous",11,1,"1 - High","0 - None",2,2,2,0,1,0,0
1674,53,29,"Male",10,"2 - Somewhat Expected","2 - Yes, a bit inconvenient but manageable","0 - adventurous",11,2,"1 - High","0 - None",2,2,2,0,1,0,0
1675,53,29,"Male",11,"5 - Very Unexpected","1 - Absolutely Yes","0 - adventurous",13,1,"0 - Low","1 - Present",3,5,1,0,0,1,0
1676,53,29,"Male",12,"4 - Somewhat Unexpected","3 - Yes, but would not be feel nice","0 - adventurous",7,1,"1 - High","1 - Present",4,4,3,0,1,1,1
1677,53,29,"Male",13,"5 - Very Unexpected","2 - Yes, a bit inconvenient but manageable","0 - adventurous",12,1,"1 - High","1 - Present",4,5,2,0,1,1,1
1678,53,29,"Male",14,"1 - Completely Expected","2 - Yes, a bit inconvenient but manageable","0 - adventurous",9,2,"0 - Low","0 - None",1,1,2,0,0,0,0
1679,53,29,"Male",15,"2 - Somewhat Expected","2 - Yes, a bit inconvenient but manageable","0 - adventurous",10,1,"1 - High","0 - None",2,2,2,0,1,0,0
1680,53,29,"Male",16,"5 - Very Unexpected","1 - Absolutely Yes","0 - adventurous",5,2,"0 - Low","1 - Present",3,5,1,0,0,1,0
1681,53,29,"Male",17,"5 - Very Unexpected","2 - Yes, a bit inconvenient but manageable","0 - adventurous",3,2,"1 - High","1 - Present",4,5,2,0,1,1,1
1682,53,29,"Male",18,"2 - Somewhat Expected","1 - Absolutely Yes","0 - adventurous",4,1,"0 - Low","0 - None",1,2,1,0,0,0,0
1683,53,29,"Male",19,"2 - Somewhat Expected","2 - Yes, a bit inconvenient but manageable","0 - adventurous",8,2,"1 - High","1 - Present",4,2,2,0,1,1,1
1684,53,29,"Male",20,"4 - Somewhat Unexpected","1 - Absolutely Yes","0 - adventurous",16,2,"0 - Low","1 - Present",3,4,1,0,0,1,0
1685,53,29,"Male",21,"1 - Completely Expected","2 - Yes, a bit inconvenient but manageable","0 - adventurous",6,1,"1 - High","0 - None",2,1,2,0,1,0,0
1686,53,29,"Male",22,"4 - Somewhat Unexpected","1 - Absolutely Yes","0 - adventurous",14,2,"1 - High","1 - Present",4,4,1,0,1,1,1
1687,53,29,"Male",23,"4 - Somewhat Unexpected","4 - Certainly Not","0 - adventurous",15,1,"0 - Low","1 - Present",3,4,4,0,0,1,0
1688,53,29,"Male",24,"2 - Somewhat Expected","2 - Yes, a bit inconvenient but manageable","0 - adventurous",7,2,"0 - Low","0 - None",1,2,2,0,0,0,0
1689,53,29,"Male",25,"2 - Somewhat Expected","1 - Absolutely Yes","0 - adventurous",12,2,"0 - Low","0 - None",1,2,1,0,0,0,0
1690,53,29,"Male",26,"4 - Somewhat Unexpected","4 - Certainly Not","0 - adventurous",15,2,"0 - Low","1 - Present",3,4,4,0,0,1,0
1691,53,29,"Male",27,"2 - Somewhat Expected","2 - Yes, a bit inconvenient but manageable","0 - adventurous",10,2,"0 - Low","0 - None",1,2,2,0,0,0,0
1692,53,29,"Male",28,"2 - Somewhat Expected","2 - Yes, a bit inconvenient but manageable","0 - adventurous",4,2,"1 - High","0 - None",2,2,2,0,1,0,0
1693,53,29,"Male",29,"5 - Very Unexpected","1 - Absolutely Yes","0 - adventurous",13,2,"0 - Low","1 - Present",3,5,1,0,0,1,0
1694,53,29,"Male",30,"2 - Somewhat Expected","2 - Yes, a bit inconvenient but manageable","0 - adventurous",6,2,"1 - High","0 - None",2,2,2,0,1,0,0
1695,53,29,"Male",31,"1 - Completely Expected","1 - Absolutely Yes","0 - adventurous",2,1,"0 - Low","0 - None",1,1,1,0,0,0,0
1696,53,29,"Male",32,"5 - Very Unexpected","2 - Yes, a bit inconvenient but manageable","0 - adventurous",2,2,"1 - High","1 - Present",4,5,2,0,1,1,1
1697,54,18,"Male",1,"2 - Somewhat Expected","1 - Absolutely Yes","1 - cautious",4,1,"1 - High","1 - Present",4,2,1,1,1,1,1
1698,54,18,"Male",2,"5 - Very Unexpected","4 - Certainly Not","1 - cautious",11,1,"0 - Low","1 - Present",3,5,4,1,0,1,0
1699,54,18,"Male",3,"2 - Somewhat Expected","2 - Yes, a bit inconvenient but manageable","1 - cautious",13,1,"0 - Low","0 - None",1,2,2,1,0,0,0
1700,54,18,"Male",4,"1 - Completely Expected","3 - Yes, but would not be feel nice","1 - cautious",6,1,"1 - High","0 - None",2,1,3,1,1,0,0
1701,54,18,"Male",5,"5 - Very Unexpected","3 - Yes, but would not be feel nice","1 - cautious",16,1,"1 - High","1 - Present",4,5,3,1,1,1,1
1702,54,18,"Male",6,"2 - Somewhat Expected","2 - Yes, a bit inconvenient but manageable","1 - cautious",13,2,"1 - High","0 - None",2,2,2,1,1,0,0
1703,54,18,"Male",7,"5 - Very Unexpected","2 - Yes, a bit inconvenient but manageable","1 - cautious",9,1,"1 - High","1 - Present",4,5,2,1,1,1,1
1704,54,18,"Male",8,"1 - Completely Expected","1 - Absolutely Yes","1 - cautious",14,1,"0 - Low","0 - None",1,1,1,1,0,0,0
1705,54,18,"Male",9,"1 - Completely Expected","2 - Yes, a bit inconvenient but manageable","1 - cautious",12,1,"1 - High","0 - None",2,1,2,1,1,0,0
1706,54,18,"Male",10,"1 - Completely Expected","1 - Absolutely Yes","1 - cautious",5,1,"0 - Low","0 - None",1,1,1,1,0,0,0
1707,54,18,"Male",11,"3 - Indifferent / Can't Decide","3 - Yes, but would not be feel nice","1 - cautious",7,1,"0 - Low","1 - Present",3,3,3,1,0,1,0
1708,54,18,"Male",12,"1 - Completely Expected","1 - Absolutely Yes","1 - cautious",5,2,"0 - Low","0 - None",1,1,1,1,0,0,0
1709,54,18,"Male",13,"4 - Somewhat Unexpected","2 - Yes, a bit inconvenient but manageable","1 - cautious",6,2,"0 - Low","1 - Present",3,4,2,1,0,1,0
1710,54,18,"Male",14,"1 - Completely Expected","2 - Yes, a bit inconvenient but manageable","1 - cautious",12,2,"1 - High","0 - None",2,1,2,1,1,0,0
1711,54,18,"Male",15,"1 - Completely Expected","1 - Absolutely Yes","1 - cautious",3,1,"0 - Low","0 - None",1,1,1,1,0,0,0
1712,54,18,"Male",16,"1 - Completely Expected","3 - Yes, but would not be feel nice","1 - cautious",1,1,"1 - High","0 - None",2,1,3,1,1,0,0
1713,54,18,"Male",17,"5 - Very Unexpected","4 - Certainly Not","1 - cautious",1,2,"1 - High","1 - Present",4,5,4,1,1,1,1
1714,54,18,"Male",18,"1 - Completely Expected","2 - Yes, a bit inconvenient but manageable","1 - cautious",2,1,"1 - High","0 - None",2,1,2,1,1,0,0
1715,54,18,"Male",19,"1 - Completely Expected","1 - Absolutely Yes","1 - cautious",14,2,"0 - Low","0 - None",1,1,1,1,0,0,0
1716,54,18,"Male",20,"5 - Very Unexpected","4 - Certainly Not","1 - cautious",15,1,"0 - Low","1 - Present",3,5,4,1,0,1,0
1717,54,18,"Male",21,"4 - Somewhat Unexpected","3 - Yes, but would not be feel nice","1 - cautious",8,1,"0 - Low","1 - Present",3,4,3,1,0,1,0
1718,54,18,"Male",22,"1 - Completely Expected","1 - Absolutely Yes","1 - cautious",16,2,"1 - High","0 - None",2,1,1,1,1,0,0
1719,54,18,"Male",23,"5 - Very Unexpected","3 - Yes, but would not be feel nice","1 - cautious",9,2,"1 - High","1 - Present",4,5,3,1,1,1,1
1720,54,18,"Male",24,"4 - Somewhat Unexpected","2 - Yes, a bit inconvenient but manageable","1 - cautious",10,1,"0 - Low","1 - Present",3,4,2,1,0,1,0
1721,54,18,"Male",25,"1 - Completely Expected","3 - Yes, but would not be feel nice","1 - cautious",15,2,"1 - High","0 - None",2,1,3,1,1,0,0
1722,54,18,"Male",26,"5 - Very Unexpected","4 - Certainly Not","1 - cautious",11,2,"1 - High","1 - Present",4,5,4,1,1,1,1
1723,54,18,"Male",27,"1 - Completely Expected","3 - Yes, but would not be feel nice","1 - cautious",7,2,"1 - High","1 - Present",4,1,3,1,1,1,1
1724,54,18,"Male",28,"5 - Very Unexpected","4 - Certainly Not","1 - cautious",2,2,"0 - Low","1 - Present",3,5,4,1,0,1,0
1725,54,18,"Male",29,"1 - Completely Expected","1 - Absolutely Yes","1 - cautious",4,2,"0 - Low","0 - None",1,1,1,1,0,0,0
1726,54,18,"Male",30,"5 - Very Unexpected","4 - Certainly Not","1 - cautious",10,2,"1 - High","1 - Present",4,5,4,1,1,1,1
1727,54,18,"Male",31,"5 - Very Unexpected","3 - Yes, but would not be feel nice","1 - cautious",3,2,"0 - Low","1 - Present",3,5,3,1,0,1,0
1728,54,18,"Male",32,"1 - Completely Expected","1 - Absolutely Yes","1 - cautious",8,2,"0 - Low","0 - None",1,1,1,1,0,0,0
1729,55,46,"Male",1,"4 - Somewhat Unexpected","1 - Absolutely Yes","0 - adventurous",16,1,"0 - Low","1 - Present",3,4,1,0,0,1,0
1730,55,46,"Male",2,"5 - Very Unexpected","3 - Yes, but would not be feel nice","0 - adventurous",15,1,"0 - Low","1 - Present",3,5,3,0,0,1,0
1731,55,46,"Male",3,"5 - Very Unexpected","1 - Absolutely Yes","0 - adventurous",7,1,"1 - High","1 - Present",4,5,1,0,1,1,1
1732,55,46,"Male",4,"5 - Very Unexpected","3 - Yes, but would not be feel nice","0 - adventurous",1,1,"1 - High","1 - Present",4,5,3,0,1,1,1
1733,55,46,"Male",5,"1 - Completely Expected","1 - Absolutely Yes","0 - adventurous",13,1,"0 - Low","0 - None",1,1,1,0,0,0,0
1734,55,46,"Male",6,"4 - Somewhat Unexpected","1 - Absolutely Yes","0 - adventurous",14,1,"1 - High","1 - Present",4,4,1,0,1,1,1
1735,55,46,"Male",7,"5 - Very Unexpected","1 - Absolutely Yes","0 - adventurous",11,1,"0 - Low","1 - Present",3,5,1,0,0,1,0
1736,55,46,"Male",8,"5 - Very Unexpected","1 - Absolutely Yes","0 - adventurous",5,1,"1 - High","1 - Present",4,5,1,0,1,1,1
1737,55,46,"Male",9,"4 - Somewhat Unexpected","3 - Yes, but would not be feel nice","0 - adventurous",2,1,"0 - Low","1 - Present",3,4,3,0,0,1,0
1738,55,46,"Male",10,"4 - Somewhat Unexpected","1 - Absolutely Yes","0 - adventurous",8,1,"0 - Low","1 - Present",3,4,1,0,0,1,0
1739,55,46,"Male",11,"1 - Completely Expected","1 - Absolutely Yes","0 - adventurous",12,1,"0 - Low","0 - None",1,1,1,0,0,0,0
1740,55,46,"Male",12,"1 - Completely Expected","1 - Absolutely Yes","0 - adventurous",6,1,"1 - High","0 - None",2,1,1,0,1,0,0
1741,55,46,"Male",13,"5 - Very Unexpected","3 - Yes, but would not be feel nice","0 - adventurous",15,2,"1 - High","1 - Present",4,5,3,0,1,1,1
1742,55,46,"Male",14,"4 - Somewhat Unexpected","1 - Absolutely Yes","0 - adventurous",8,2,"1 - High","1 - Present",4,4,1,0,1,1,1
1743,55,46,"Male",15,"1 - Completely Expected","1 - Absolutely Yes","0 - adventurous",7,2,"1 - High","0 - None",2,1,1,0,1,0,0
1744,55,46,"Male",16,"5 - Very Unexpected","4 - Certainly Not","0 - adventurous",6,2,"1 - High","1 - Present",4,5,4,0,1,1,1
1745,55,46,"Male",17,"1 - Completely Expected","1 - Absolutely Yes","0 - adventurous",2,2,"1 - High","0 - None",2,1,1,0,1,0,0
1746,55,46,"Male",18,"5 - Very Unexpected","4 - Certainly Not","0 - adventurous",4,1,"0 - Low","1 - Present",3,5,4,0,0,1,0
1747,55,46,"Male",19,"1 - Completely Expected","1 - Absolutely Yes","0 - adventurous",16,2,"1 - High","0 - None",2,1,1,0,1,0,0
1748,55,46,"Male",20,"2 - Somewhat Expected","1 - Absolutely Yes","0 - adventurous",9,1,"0 - Low","0 - None",1,2,1,0,0,0,0
1749,55,46,"Male",21,"1 - Completely Expected","1 - Absolutely Yes","0 - adventurous",13,2,"0 - Low","0 - None",1,1,1,0,0,0,0
1750,55,46,"Male",22,"1 - Completely Expected","1 - Absolutely Yes","0 - adventurous",3,1,"0 - Low","0 - None",1,1,1,0,0,0,0
1751,55,46,"Male",23,"5 - Very Unexpected","1 - Absolutely Yes","0 - adventurous",10,1,"0 - Low","1 - Present",3,5,1,0,0,1,0
1752,55,46,"Male",24,"4 - Somewhat Unexpected","1 - Absolutely Yes","0 - adventurous",10,2,"1 - High","1 - Present",4,4,1,0,1,1,1
1753,55,46,"Male",25,"1 - Completely Expected","1 - Absolutely Yes","0 - adventurous",14,2,"1 - High","0 - None",2,1,1,0,1,0,0
1754,55,46,"Male",26,"1 - Completely Expected","1 - Absolutely Yes","0 - adventurous",5,2,"1 - High","0 - None",2,1,1,0,1,0,0
1755,55,46,"Male",27,"5 - Very Unexpected","1 - Absolutely Yes","0 - adventurous",3,2,"0 - Low","1 - Present",3,5,1,0,0,1,0
1756,55,46,"Male",28,"1 - Completely Expected","1 - Absolutely Yes","0 - adventurous",12,2,"0 - Low","0 - None",1,1,1,0,0,0,0
1757,55,46,"Male",29,"2 - Somewhat Expected","1 - Absolutely Yes","0 - adventurous",9,2,"1 - High","0 - None",2,2,1,0,1,0,0
1758,55,46,"Male",30,"1 - Completely Expected","1 - Absolutely Yes","0 - adventurous",4,2,"1 - High","0 - None",2,1,1,0,1,0,0
1759,55,46,"Male",31,"1 - Completely Expected","1 - Absolutely Yes","0 - adventurous",1,2,"0 - Low","0 - None",1,1,1,0,0,0,0
1760,55,46,"Male",32,"1 - Completely Expected","1 - Absolutely Yes","0 - adventurous",11,2,"0 - Low","0 - None",1,1,1,0,0,0,0
1761,56,26,"Male",1,"2 - Somewhat Expected","2 - Yes, a bit inconvenient but manageable","1 - cautious",1,1,"1 - High","0 - None",2,2,2,1,1,0,0
1762,56,26,"Male",2,"1 - Completely Expected","1 - Absolutely Yes","1 - cautious",12,1,"1 - High","0 - None",2,1,1,1,1,0,0
1763,56,26,"Male",3,"5 - Very Unexpected","2 - Yes, a bit inconvenient but manageable","1 - cautious",16,1,"1 - High","1 - Present",4,5,2,1,1,1,1
1764,56,26,"Male",4,"5 - Very Unexpected","3 - Yes, but would not be feel nice","1 - cautious",12,2,"1 - High","1 - Present",4,5,3,1,1,1,1
1765,56,26,"Male",5,"5 - Very Unexpected","1 - Absolutely Yes","1 - cautious",5,1,"0 - Low","1 - Present",3,5,1,1,0,1,0
1766,56,26,"Male",6,"4 - Somewhat Unexpected","2 - Yes, a bit inconvenient but manageable","1 - cautious",15,1,"1 - High","1 - Present",4,4,2,1,1,1,1
1767,56,26,"Male",7,"1 - Completely Expected","1 - Absolutely Yes","1 - cautious",6,1,"0 - Low","0 - None",1,1,1,1,0,0,0
1768,56,26,"Male",8,"1 - Completely Expected","1 - Absolutely Yes","1 - cautious",4,1,"1 - High","0 - None",2,1,1,1,1,0,0
1769,56,26,"Male",9,"4 - Somewhat Unexpected","3 - Yes, but would not be feel nice","1 - cautious",14,1,"0 - Low","1 - Present",3,4,3,1,0,1,0
1770,56,26,"Male",10,"2 - Somewhat Expected","1 - Absolutely Yes","1 - cautious",3,1,"0 - Low","0 - None",1,2,1,1,0,0,0
1771,56,26,"Male",11,"2 - Somewhat Expected","2 - Yes, a bit inconvenient but manageable","1 - cautious",8,1,"1 - High","1 - Present",4,2,2,1,1,1,1
1772,56,26,"Male",12,"1 - Completely Expected","2 - Yes, a bit inconvenient but manageable","1 - cautious",10,1,"1 - High","0 - None",2,1,2,1,1,0,0
1773,56,26,"Male",13,"1 - Completely Expected","1 - Absolutely Yes","1 - cautious",5,2,"1 - High","0 - None",2,1,1,1,1,0,0
1774,56,26,"Male",14,"2 - Somewhat Expected","2 - Yes, a bit inconvenient but manageable","1 - cautious",7,1,"0 - Low","1 - Present",3,2,2,1,0,1,0
1775,56,26,"Male",15,"4 - Somewhat Unexpected","2 - Yes, a bit inconvenient but manageable","1 - cautious",11,1,"0 - Low","1 - Present",3,4,2,1,0,1,0
1776,56,26,"Male",16,"4 - Somewhat Unexpected","2 - Yes, a bit inconvenient but manageable","1 - cautious",15,2,"0 - Low","1 - Present",3,4,2,1,0,1,0
1777,56,26,"Male",17,"1 - Completely Expected","1 - Absolutely Yes","1 - cautious",16,2,"0 - Low","0 - None",1,1,1,1,0,0,0
1778,56,26,"Male",18,"2 - Somewhat Expected","2 - Yes, a bit inconvenient but manageable","1 - cautious",8,2,"1 - High","1 - Present",4,2,2,1,1,1,1
1779,56,26,"Male",19,"5 - Very Unexpected","3 - Yes, but would not be feel nice","1 - cautious",9,1,"1 - High","1 - Present",4,5,3,1,1,1,1
1780,56,26,"Male",20,"1 - Completely Expected","1 - Absolutely Yes","1 - cautious",1,2,"1 - High","0 - None",2,1,1,1,1,0,0
1781,56,26,"Male",21,"4 - Somewhat Unexpected","3 - Yes, but would not be feel nice","1 - cautious",14,2,"0 - Low","1 - Present",3,4,3,1,0,1,0
1782,56,26,"Male",22,"5 - Very Unexpected","4 - Certainly Not","1 - cautious",6,2,"1 - High","1 - Present",4,5,4,1,1,1,1
1783,56,26,"Male",23,"4 - Somewhat Unexpected","1 - Absolutely Yes","1 - cautious",3,2,"0 - Low","1 - Present",3,4,1,1,0,1,0
1784,56,26,"Male",24,"1 - Completely Expected","2 - Yes, a bit inconvenient but manageable","1 - cautious",2,1,"0 - Low","0 - None",1,1,2,1,0,0,0
1785,56,26,"Male",25,"1 - Completely Expected","1 - Absolutely Yes","1 - cautious",4,2,"0 - Low","0 - None",1,1,1,1,0,0,0
1786,56,26,"Male",26,"1 - Completely Expected","4 - Certainly Not","1 - cautious",11,2,"1 - High","0 - None",2,1,4,1,1,0,0
1787,56,26,"Male",27,"1 - Completely Expected","2 - Yes, a bit inconvenient but manageable","1 - cautious",2,2,"1 - High","0 - None",2,1,2,1,1,0,0
1788,56,26,"Male",28,"2 - Somewhat Expected","1 - Absolutely Yes","1 - cautious",7,2,"0 - Low","0 - None",1,2,1,1,0,0,0
1789,56,26,"Male",29,"1 - Completely Expected","1 - Absolutely Yes","1 - cautious",9,2,"0 - Low","0 - None",1,1,1,1,0,0,0
1790,56,26,"Male",30,"2 - Somewhat Expected","1 - Absolutely Yes","1 - cautious",13,1,"0 - Low","0 - None",1,2,1,1,0,0,0
1791,56,26,"Male",31,"5 - Very Unexpected","2 - Yes, a bit inconvenient but manageable","1 - cautious",13,2,"0 - Low","1 - Present",3,5,2,1,0,1,0
1792,56,26,"Male",32,"4 - Somewhat Unexpected","2 - Yes, a bit inconvenient but manageable","1 - cautious",10,2,"1 - High","1 - Present",4,4,2,1,1,1,1
1793,57,19,"Male",1,"2 - Somewhat Expected","2 - Yes, a bit inconvenient but manageable","1 - cautious",14,1,"1 - High","1 - Present",4,2,2,1,1,1,1
1794,57,19,"Male",2,"1 - Completely Expected","1 - Absolutely Yes","1 - cautious",9,1,"1 - High","1 - Present",4,1,1,1,1,1,1
1795,57,19,"Male",3,"4 - Somewhat Unexpected","3 - Yes, but would not be feel nice","1 - cautious",6,1,"1 - High","0 - None",2,4,3,1,1,0,0
1796,57,19,"Male",4,"2 - Somewhat Expected","2 - Yes, a bit inconvenient but manageable","1 - cautious",10,1,"1 - High","0 - None",2,2,2,1,1,0,0
1797,57,19,"Male",5,"4 - Somewhat Unexpected","4 - Certainly Not","1 - cautious",4,1,"0 - Low","0 - None",1,4,4,1,0,0,0
1798,57,19,"Male",6,"4 - Somewhat Unexpected","3 - Yes, but would not be feel nice","1 - cautious",7,1,"0 - Low","0 - None",1,4,3,1,0,0,0
1799,57,19,"Male",7,"2 - Somewhat Expected","2 - Yes, a bit inconvenient but manageable","1 - cautious",2,1,"1 - High","0 - None",2,2,2,1,1,0,0
1800,57,19,"Male",8,"1 - Completely Expected","1 - Absolutely Yes","1 - cautious",12,1,"1 - High","0 - None",2,1,1,1,1,0,0
1801,57,19,"Male",9,"2 - Somewhat Expected","2 - Yes, a bit inconvenient but manageable","1 - cautious",7,2,"0 - Low","0 - None",1,2,2,1,0,0,0
1802,57,19,"Male",10,"1 - Completely Expected","3 - Yes, but would not be feel nice","1 - cautious",15,1,"0 - Low","0 - None",1,1,3,1,0,0,0
1803,57,19,"Male",11,"5 - Very Unexpected","4 - Certainly Not","1 - cautious",11,1,"1 - High","1 - Present",4,5,4,1,1,1,1
1804,57,19,"Male",12,"2 - Somewhat Expected","1 - Absolutely Yes","1 - cautious",9,2,"1 - High","0 - None",2,2,1,1,1,0,0
1805,57,19,"Male",13,"4 - Somewhat Unexpected","3 - Yes, but would not be feel nice","1 - cautious",3,1,"1 - High","1 - Present",4,4,3,1,1,1,1
1806,57,19,"Male",14,"4 - Somewhat Unexpected","2 - Yes, a bit inconvenient but manageable","1 - cautious",13,1,"1 - High","1 - Present",4,4,2,1,1,1,1
1807,57,19,"Male",15,"2 - Somewhat Expected","1 - Absolutely Yes","1 - cautious",10,2,"0 - Low","0 - None",1,2,1,1,0,0,0
1808,57,19,"Male",16,"2 - Somewhat Expected","2 - Yes, a bit inconvenient but manageable","1 - cautious",12,2,"0 - Low","1 - Present",3,2,2,1,0,1,0
1809,57,19,"Male",17,"5 - Very Unexpected","4 - Certainly Not","1 - cautious",16,1,"0 - Low","1 - Present",3,5,4,1,0,1,0
1810,57,19,"Male",18,"2 - Somewhat Expected","2 - Yes, a bit inconvenient but manageable","1 - cautious",2,2,"0 - Low","0 - None",1,2,2,1,0,0,0
1811,57,19,"Male",19,"5 - Very Unexpected","4 - Certainly Not","1 - cautious",8,1,"0 - Low","1 - Present",3,5,4,1,0,1,0
1812,57,19,"Male",20,"4 - Somewhat Unexpected","3 - Yes, but would not be feel nice","1 - cautious",5,1,"1 - High","0 - None",2,4,3,1,1,0,0
1813,57,19,"Male",21,"5 - Very Unexpected","4 - Certainly Not","1 - cautious",11,2,"1 - High","1 - Present",4,5,4,1,1,1,1
1814,57,19,"Male",22,"4 - Somewhat Unexpected","3 - Yes, but would not be feel nice","1 - cautious",14,2,"0 - Low","1 - Present",3,4,3,1,0,1,0
1815,57,19,"Male",23,"4 - Somewhat Unexpected","3 - Yes, but would not be feel nice","1 - cautious",3,2,"0 - Low","0 - None",1,4,3,1,0,0,0
1816,57,19,"Male",24,"5 - Very Unexpected","4 - Certainly Not","1 - cautious",4,2,"0 - Low","1 - Present",3,5,4,1,0,1,0
1817,57,19,"Male",25,"5 - Very Unexpected","4 - Certainly Not","1 - cautious",1,1,"0 - Low","1 - Present",3,5,4,1,0,1,0
1818,57,19,"Male",26,"5 - Very Unexpected","3 - Yes, but would not be feel nice","1 - cautious",13,2,"0 - Low","1 - Present",3,5,3,1,0,1,0
1819,57,19,"Male",27,"1 - Completely Expected","1 - Absolutely Yes","1 - cautious",15,2,"1 - High","0 - None",2,1,1,1,1,0,0
1820,57,19,"Male",28,"4 - Somewhat Unexpected","3 - Yes, but would not be feel nice","1 - cautious",16,2,"0 - Low","1 - Present",3,4,3,1,0,1,0
1821,57,19,"Male",29,"4 - Somewhat Unexpected","3 - Yes, but would not be feel nice","1 - cautious",6,2,"0 - Low","0 - None",1,4,3,1,0,0,0
1822,57,19,"Male",30,"5 - Very Unexpected","4 - Certainly Not","1 - cautious",8,2,"1 - High","1 - Present",4,5,4,1,1,1,1
1823,57,19,"Male",31,"4 - Somewhat Unexpected","3 - Yes, but would not be feel nice","1 - cautious",5,2,"1 - High","0 - None",2,4,3,1,1,0,0
1824,57,19,"Male",32,"5 - Very Unexpected","4 - Certainly Not","1 - cautious",1,2,"1 - High","1 - Present",4,5,4,1,1,1,1
1825,58,65,"Female",1,"4 - Somewhat Unexpected","1 - Absolutely Yes","0 - adventurous",8,1,"0 - Low","0 - None",1,4,1,0,0,0,0
1826,58,65,"Female",2,"2 - Somewhat Expected","3 - Yes, but would not be feel nice","0 - adventurous",16,1,"0 - Low","0 - None",1,2,3,0,0,0,0
1827,58,65,"Female",3,"5 - Very Unexpected","4 - Certainly Not","0 - adventurous",12,1,"1 - High","1 - Present",4,5,4,0,1,1,1
1828,58,65,"Female",4,"5 - Very Unexpected","4 - Certainly Not","0 - adventurous",5,1,"1 - High","1 - Present",4,5,4,0,1,1,1
1829,58,65,"Female",5,"1 - Completely Expected","1 - Absolutely Yes","0 - adventurous",5,2,"0 - Low","0 - None",1,1,1,0,0,0,0
1830,58,65,"Female",6,"5 - Very Unexpected","2 - Yes, a bit inconvenient but manageable","0 - adventurous",9,1,"0 - Low","1 - Present",3,5,2,0,0,1,0
1831,58,65,"Female",7,"1 - Completely Expected","1 - Absolutely Yes","0 - adventurous",9,2,"0 - Low","0 - None",1,1,1,0,0,0,0
1832,58,65,"Female",8,"1 - Completely Expected","1 - Absolutely Yes","0 - adventurous",14,1,"1 - High","0 - None",2,1,1,0,1,0,0
1833,58,65,"Female",9,"4 - Somewhat Unexpected","2 - Yes, a bit inconvenient but manageable","0 - adventurous",1,1,"0 - Low","1 - Present",3,4,2,0,0,1,0
1834,58,65,"Female",10,"1 - Completely Expected","1 - Absolutely Yes","0 - adventurous",4,1,"1 - High","0 - None",2,1,1,0,1,0,0
1835,58,65,"Female",11,"1 - Completely Expected","4 - Certainly Not","0 - adventurous",16,2,"0 - Low","1 - Present",3,1,4,0,0,1,0
1836,58,65,"Female",12,"1 - Completely Expected","1 - Absolutely Yes","0 - adventurous",14,2,"1 - High","0 - None",2,1,1,0,1,0,0
1837,58,65,"Female",13,"4 - Somewhat Unexpected","2 - Yes, a bit inconvenient but manageable","0 - adventurous",7,1,"1 - High","1 - Present",4,4,2,0,1,1,1
1838,58,65,"Female",14,"5 - Very Unexpected","4 - Certainly Not","0 - adventurous",2,1,"0 - Low","1 - Present",3,5,4,0,0,1,0
1839,58,65,"Female",15,"5 - Very Unexpected","4 - Certainly Not","0 - adventurous",11,1,"0 - Low","1 - Present",3,5,4,0,0,1,0
1840,58,65,"Female",16,"1 - Completely Expected","2 - Yes, a bit inconvenient but manageable","0 - adventurous",7,2,"0 - Low","0 - None",1,1,2,0,0,0,0
1841,58,65,"Female",17,"5 - Very Unexpected","2 - Yes, a bit inconvenient but manageable","0 - adventurous",13,1,"1 - High","1 - Present",4,5,2,0,1,1,1
1842,58,65,"Female",18,"1 - Completely Expected","1 - Absolutely Yes","0 - adventurous",10,1,"1 - High","0 - None",2,1,1,0,1,0,0
1843,58,65,"Female",19,"5 - Very Unexpected","4 - Certainly Not","0 - adventurous",11,2,"1 - High","1 - Present",4,5,4,0,1,1,1
1844,58,65,"Female",20,"1 - Completely Expected","1 - Absolutely Yes","0 - adventurous",1,2,"1 - High","0 - None",2,1,1,0,1,0,0
1845,58,65,"Female",21,"1 - Completely Expected","1 - Absolutely Yes","0 - adventurous",3,1,"0 - Low","0 - None",1,1,1,0,0,0,0
1846,58,65,"Female",22,"1 - Completely Expected","1 - Absolutely Yes","0 - adventurous",12,2,"1 - High","0 - None",2,1,1,0,1,0,0
1847,58,65,"Female",23,"5 - Very Unexpected","4 - Certainly Not","0 - adventurous",6,1,"1 - High","1 - Present",4,5,4,0,1,1,1
1848,58,65,"Female",24,"5 - Very Unexpected","2 - Yes, a bit inconvenient but manageable","0 - adventurous",6,2,"0 - Low","1 - Present",3,5,2,0,0,1,0
1849,58,65,"Female",25,"5 - Very Unexpected","4 - Certainly Not","0 - adventurous",15,1,"0 - Low","1 - Present",3,5,4,0,0,1,0
1850,58,65,"Female",26,"1 - Completely Expected","1 - Absolutely Yes","0 - adventurous",4,2,"1 - High","0 - None",2,1,1,0,1,0,0
1851,58,65,"Female",27,"4 - Somewhat Unexpected","3 - Yes, but would not be feel nice","0 - adventurous",8,2,"0 - Low","0 - None",1,4,3,0,0,0,0
1852,58,65,"Female",28,"1 - Completely Expected","1 - Absolutely Yes","0 - adventurous",2,2,"1 - High","0 - None",2,1,1,0,1,0,0
1853,58,65,"Female",29,"5 - Very Unexpected","2 - Yes, a bit inconvenient but manageable","0 - adventurous",3,2,"0 - Low","1 - Present",3,5,2,0,0,1,0
1854,58,65,"Female",30,"5 - Very Unexpected","4 - Certainly Not","0 - adventurous",10,2,"1 - High","1 - Present",4,5,4,0,1,1,1
1855,58,65,"Female",31,"5 - Very Unexpected","4 - Certainly Not","0 - adventurous",15,2,"1 - High","1 - Present",4,5,4,0,1,1,1
1856,58,65,"Female",32,"1 - Completely Expected","1 - Absolutely Yes","0 - adventurous",13,2,"0 - Low","0 - None",1,1,1,0,0,0,0
1857,59,55,"Male",1,"4 - Somewhat Unexpected","3 - Yes, but would not be feel nice","1 - cautious",9,1,"1 - High","0 - None",2,4,3,1,1,0,0
1858,59,55,"Male",2,"4 - Somewhat Unexpected","3 - Yes, but would not be feel nice","1 - cautious",11,1,"0 - Low","0 - None",1,4,3,1,0,0,0
1859,59,55,"Male",3,"5 - Very Unexpected","4 - Certainly Not","1 - cautious",14,1,"0 - Low","1 - Present",3,5,4,1,0,1,0
1860,59,55,"Male",4,"5 - Very Unexpected","4 - Certainly Not","1 - cautious",1,1,"1 - High","1 - Present",4,5,4,1,1,1,1
1861,59,55,"Male",5,"4 - Somewhat Unexpected","3 - Yes, but would not be feel nice","1 - cautious",9,2,"1 - High","1 - Present",4,4,3,1,1,1,1
1862,59,55,"Male",6,"4 - Somewhat Unexpected","3 - Yes, but would not be feel nice","1 - cautious",8,1,"0 - Low","1 - Present",3,4,3,1,0,1,0
1863,59,55,"Male",7,"5 - Very Unexpected","3 - Yes, but would not be feel nice","1 - cautious",16,1,"1 - High","1 - Present",4,5,3,1,1,1,1
1864,59,55,"Male",8,"4 - Somewhat Unexpected","3 - Yes, but would not be feel nice","1 - cautious",13,1,"1 - High","1 - Present",4,4,3,1,1,1,1
1865,59,55,"Male",9,"5 - Very Unexpected","3 - Yes, but would not be feel nice","1 - cautious",5,1,"1 - High","1 - Present",4,5,3,1,1,1,1
1866,59,55,"Male",10,"2 - Somewhat Expected","3 - Yes, but would not be feel nice","1 - cautious",15,1,"0 - Low","0 - None",1,2,3,1,0,0,0
1867,59,55,"Male",11,"2 - Somewhat Expected","2 - Yes, a bit inconvenient but manageable","1 - cautious",8,2,"0 - Low","0 - None",1,2,2,1,0,0,0
1868,59,55,"Male",12,"2 - Somewhat Expected","2 - Yes, a bit inconvenient but manageable","1 - cautious",6,1,"1 - High","0 - None",2,2,2,1,1,0,0
1869,59,55,"Male",13,"4 - Somewhat Unexpected","3 - Yes, but would not be feel nice","1 - cautious",2,1,"0 - Low","1 - Present",3,4,3,1,0,1,0
1870,59,55,"Male",14,"4 - Somewhat Unexpected","3 - Yes, but would not be feel nice","1 - cautious",13,2,"1 - High","1 - Present",4,4,3,1,1,1,1
1871,59,55,"Male",15,"4 - Somewhat Unexpected","2 - Yes, a bit inconvenient but manageable","1 - cautious",4,1,"0 - Low","1 - Present",3,4,2,1,0,1,0
1872,59,55,"Male",16,"2 - Somewhat Expected","3 - Yes, but would not be feel nice","1 - cautious",15,2,"0 - Low","0 - None",1,2,3,1,0,0,0
1873,59,55,"Male",17,"2 - Somewhat Expected","2 - Yes, a bit inconvenient but manageable","1 - cautious",12,1,"0 - Low","0 - None",1,2,2,1,0,0,0
1874,59,55,"Male",18,"2 - Somewhat Expected","2 - Yes, a bit inconvenient but manageable","1 - cautious",7,1,"1 - High","0 - None",2,2,2,1,1,0,0
1875,59,55,"Male",19,"5 - Very Unexpected","2 - Yes, a bit inconvenient but manageable","1 - cautious",3,1,"0 - Low","1 - Present",3,5,2,1,0,1,0
1876,59,55,"Male",20,"2 - Somewhat Expected","2 - Yes, a bit inconvenient but manageable","1 - cautious",10,1,"0 - Low","0 - None",1,2,2,1,0,0,0
1877,59,55,"Male",21,"2 - Somewhat Expected","2 - Yes, a bit inconvenient but manageable","1 - cautious",6,2,"0 - Low","0 - None",1,2,2,1,0,0,0
1878,59,55,"Male",22,"5 - Very Unexpected","4 - Certainly Not","1 - cautious",12,2,"1 - High","1 - Present",4,5,4,1,1,1,1
1879,59,55,"Male",23,"2 - Somewhat Expected","1 - Absolutely Yes","1 - cautious",1,2,"0 - Low","0 - None",1,2,1,1,0,0,0
1880,59,55,"Male",24,"4 - Somewhat Unexpected","3 - Yes, but would not be feel nice","1 - cautious",2,2,"0 - Low","1 - Present",3,4,3,1,0,1,0
1881,59,55,"Male",25,"4 - Somewhat Unexpected","3 - Yes, but would not be feel nice","1 - cautious",11,2,"1 - High","0 - None",2,4,3,1,1,0,0
1882,59,55,"Male",26,"4 - Somewhat Unexpected","2 - Yes, a bit inconvenient but manageable","1 - cautious",4,2,"0 - Low","1 - Present",3,4,2,1,0,1,0
1883,59,55,"Male",27,"4 - Somewhat Unexpected","4 - Certainly Not","1 - cautious",14,2,"0 - Low","1 - Present",3,4,4,1,0,1,0
1884,59,55,"Male",28,"2 - Somewhat Expected","2 - Yes, a bit inconvenient but manageable","1 - cautious",10,2,"1 - High","0 - None",2,2,2,1,1,0,0
1885,59,55,"Male",29,"2 - Somewhat Expected","2 - Yes, a bit inconvenient but manageable","1 - cautious",5,2,"1 - High","0 - None",2,2,2,1,1,0,0
1886,59,55,"Male",30,"4 - Somewhat Unexpected","3 - Yes, but would not be feel nice","1 - cautious",16,2,"1 - High","0 - None",2,4,3,1,1,0,0
1887,59,55,"Male",31,"4 - Somewhat Unexpected","3 - Yes, but would not be feel nice","1 - cautious",3,2,"1 - High","1 - Present",4,4,3,1,1,1,1
1888,59,55,"Male",32,"1 - Completely Expected","2 - Yes, a bit inconvenient but manageable","1 - cautious",7,2,"1 - High","0 - None",2,1,2,1,1,0,0
1889,60,27,"Female",1,"4 - Somewhat Unexpected","2 - Yes, a bit inconvenient but manageable","0 - adventurous",9,1,"0 - Low","0 - None",1,4,2,0,0,0,0
1890,60,27,"Female",2,"3 - Indifferent / Can't Decide","2 - Yes, a bit inconvenient but manageable","0 - adventurous",10,1,"0 - Low","1 - Present",3,3,2,0,0,1,0
1891,60,27,"Female",3,"1 - Completely Expected","1 - Absolutely Yes","0 - adventurous",5,1,"1 - High","0 - None",2,1,1,0,1,0,0
1892,60,27,"Female",4,"5 - Very Unexpected","4 - Certainly Not","0 - adventurous",11,1,"1 - High","1 - Present",4,5,4,0,1,1,1
1893,60,27,"Female",5,"4 - Somewhat Unexpected","2 - Yes, a bit inconvenient but manageable","0 - adventurous",1,1,"0 - Low","1 - Present",3,4,2,0,0,1,0
1894,60,27,"Female",6,"1 - Completely Expected","1 - Absolutely Yes","0 - adventurous",3,1,"1 - High","0 - None",2,1,1,0,1,0,0
1895,60,27,"Female",7,"1 - Completely Expected","1 - Absolutely Yes","0 - adventurous",5,2,"0 - Low","0 - None",1,1,1,0,0,0,0
1896,60,27,"Female",8,"2 - Somewhat Expected","1 - Absolutely Yes","0 - adventurous",2,1,"0 - Low","0 - None",1,2,1,0,0,0,0
1897,60,27,"Female",9,"4 - Somewhat Unexpected","3 - Yes, but would not be feel nice","0 - adventurous",14,1,"1 - High","1 - Present",4,4,3,0,1,1,1
1898,60,27,"Female",10,"2 - Somewhat Expected","1 - Absolutely Yes","0 - adventurous",12,1,"1 - High","0 - None",2,2,1,0,1,0,0
1899,60,27,"Female",11,"4 - Somewhat Unexpected","3 - Yes, but would not be feel nice","0 - adventurous",7,1,"0 - Low","1 - Present",3,4,3,0,0,1,0
1900,60,27,"Female",12,"4 - Somewhat Unexpected","2 - Yes, a bit inconvenient but manageable","0 - adventurous",6,1,"0 - Low","1 - Present",3,4,2,0,0,1,0
1901,60,27,"Female",13,"4 - Somewhat Unexpected","2 - Yes, a bit inconvenient but manageable","0 - adventurous",4,1,"1 - High","1 - Present",4,4,2,0,1,1,1
1902,60,27,"Female",14,"2 - Somewhat Expected","1 - Absolutely Yes","0 - adventurous",4,2,"1 - High","0 - None",2,2,1,0,1,0,0
1903,60,27,"Female",15,"3 - Indifferent / Can't Decide","2 - Yes, a bit inconvenient but manageable","0 - adventurous",16,1,"1 - High","0 - None",2,3,2,0,1,0,0
1904,60,27,"Female",16,"2 - Somewhat Expected","3 - Yes, but would not be feel nice","0 - adventurous",14,2,"1 - High","0 - None",2,2,3,0,1,0,0
1905,60,27,"Female",17,"2 - Somewhat Expected","3 - Yes, but would not be feel nice","0 - adventurous",2,2,"1 - High","0 - None",2,2,3,0,1,0,0
1906,60,27,"Female",18,"1 - Completely Expected","1 - Absolutely Yes","0 - adventurous",6,2,"0 - Low","0 - None",1,1,1,0,0,0,0
1907,60,27,"Female",19,"2 - Somewhat Expected","3 - Yes, but would not be feel nice","0 - adventurous",15,1,"1 - High","0 - None",2,2,3,0,1,0,0
1908,60,27,"Female",20,"2 - Somewhat Expected","3 - Yes, but would not be feel nice","0 - adventurous",13,1,"0 - Low","0 - None",1,2,3,0,0,0,0
1909,60,27,"Female",21,"5 - Very Unexpected","4 - Certainly Not","0 - adventurous",9,2,"1 - High","1 - Present",4,5,4,0,1,1,1
1910,60,27,"Female",22,"4 - Somewhat Unexpected","3 - Yes, but would not be feel nice","0 - adventurous",3,2,"0 - Low","1 - Present",3,4,3,0,0,1,0
1911,60,27,"Female",23,"5 - Very Unexpected","4 - Certainly Not","0 - adventurous",12,2,"1 - High","1 - Present",4,5,4,0,1,1,1
1912,60,27,"Female",24,"3 - Indifferent / Can't Decide","1 - Absolutely Yes","0 - adventurous",11,2,"0 - Low","0 - None",1,3,1,0,0,0,0
1913,60,27,"Female",25,"3 - Indifferent / Can't Decide","2 - Yes, a bit inconvenient but manageable","0 - adventurous",8,1,"1 - High","1 - Present",4,3,2,0,1,1,1
1914,60,27,"Female",26,"5 - Very Unexpected","4 - Certainly Not","0 - adventurous",7,2,"1 - High","1 - Present",4,5,4,0,1,1,1
1915,60,27,"Female",27,"5 - Very Unexpected","4 - Certainly Not","0 - adventurous",13,2,"1 - High","1 - Present",4,5,4,0,1,1,1
1916,60,27,"Female",28,"3 - Indifferent / Can't Decide","1 - Absolutely Yes","0 - adventurous",8,2,"0 - Low","1 - Present",3,3,1,0,0,1,0
1917,60,27,"Female",29,"3 - Indifferent / Can't Decide","1 - Absolutely Yes","0 - adventurous",16,2,"0 - Low","1 - Present",3,3,1,0,0,1,0
1918,60,27,"Female",30,"2 - Somewhat Expected","1 - Absolutely Yes","0 - adventurous",10,2,"0 - Low","0 - None",1,2,1,0,0,0,0
1919,60,27,"Female",31,"1 - Completely Expected","1 - Absolutely Yes","0 - adventurous",1,2,"0 - Low","0 - None",1,1,1,0,0,0,0
1920,60,27,"Female",32,"4 - Somewhat Unexpected","3 - Yes, but would not be feel nice","0 - adventurous",15,2,"0 - Low","1 - Present",3,4,3,0,0,1,0
1921,61,61,"Male",1,"4 - Somewhat Unexpected","2 - Yes, a bit inconvenient but manageable","0 - adventurous",9,1,"0 - Low","1 - Present",3,4,2,0,0,1,0
1922,61,61,"Male",2,"1 - Completely Expected","1 - Absolutely Yes","0 - adventurous",11,1,"1 - High","0 - None",2,1,1,0,1,0,0
1923,61,61,"Male",3,"1 - Completely Expected","1 - Absolutely Yes","0 - adventurous",11,2,"1 - High","0 - None",2,1,1,0,1,0,0
1924,61,61,"Male",4,"1 - Completely Expected","1 - Absolutely Yes","0 - adventurous",7,1,"1 - High","0 - None",2,1,1,0,1,0,0
1925,61,61,"Male",5,"5 - Very Unexpected","3 - Yes, but would not be feel nice","0 - adventurous",2,1,"0 - Low","1 - Present",3,5,3,0,0,1,0
1926,61,61,"Male",6,"1 - Completely Expected","1 - Absolutely Yes","0 - adventurous",14,1,"1 - High","0 - None",2,1,1,0,1,0,0
1927,61,61,"Male",7,"1 - Completely Expected","1 - Absolutely Yes","0 - adventurous",5,1,"0 - Low","0 - None",1,1,1,0,0,0,0
1928,61,61,"Male",8,"4 - Somewhat Unexpected","2 - Yes, a bit inconvenient but manageable","0 - adventurous",9,2,"0 - Low","1 - Present",3,4,2,0,0,1,0
1929,61,61,"Male",9,"1 - Completely Expected","1 - Absolutely Yes","0 - adventurous",1,1,"0 - Low","0 - None",1,1,1,0,0,0,0
1930,61,61,"Male",10,"4 - Somewhat Unexpected","1 - Absolutely Yes","0 - adventurous",4,1,"1 - High","1 - Present",4,4,1,0,1,1,1
1931,61,61,"Male",11,"1 - Completely Expected","1 - Absolutely Yes","0 - adventurous",16,1,"0 - Low","0 - None",1,1,1,0,0,0,0
1932,61,61,"Male",12,"5 - Very Unexpected","1 - Absolutely Yes","0 - adventurous",3,1,"1 - High","1 - Present",4,5,1,0,1,1,1
1933,61,61,"Male",13,"1 - Completely Expected","1 - Absolutely Yes","0 - adventurous",10,1,"0 - Low","0 - None",1,1,1,0,0,0,0
1934,61,61,"Male",14,"4 - Somewhat Unexpected","1 - Absolutely Yes","0 - adventurous",8,1,"0 - Low","1 - Present",3,4,1,0,0,1,0
1935,61,61,"Male",15,"4 - Somewhat Unexpected","1 - Absolutely Yes","0 - adventurous",6,1,"1 - High","1 - Present",4,4,1,0,1,1,1
1936,61,61,"Male",16,"4 - Somewhat Unexpected","1 - Absolutely Yes","0 - adventurous",5,2,"0 - Low","1 - Present",3,4,1,0,0,1,0
1937,61,61,"Male",17,"4 - Somewhat Unexpected","1 - Absolutely Yes","0 - adventurous",10,2,"1 - High","1 - Present",4,4,1,0,1,1,1
1938,61,61,"Male",18,"5 - Very Unexpected","1 - Absolutely Yes","0 - adventurous",12,1,"0 - Low","1 - Present",3,5,1,0,0,1,0
1939,61,61,"Male",19,"4 - Somewhat Unexpected","1 - Absolutely Yes","0 - adventurous",7,2,"1 - High","1 - Present",4,4,1,0,1,1,1
1940,61,61,"Male",20,"4 - Somewhat Unexpected","1 - Absolutely Yes","0 - adventurous",16,2,"0 - Low","1 - Present",3,4,1,0,0,1,0
1941,61,61,"Male",21,"1 - Completely Expected","1 - Absolutely Yes","0 - adventurous",1,2,"1 - High","0 - None",2,1,1,0,1,0,0
1942,61,61,"Male",22,"1 - Completely Expected","1 - Absolutely Yes","0 - adventurous",6,2,"0 - Low","0 - None",1,1,1,0,0,0,0
1943,61,61,"Male",23,"2 - Somewhat Expected","2 - Yes, a bit inconvenient but manageable","0 - adventurous",15,1,"0 - Low","0 - None",1,2,2,0,0,0,0
1944,61,61,"Male",24,"4 - Somewhat Unexpected","1 - Absolutely Yes","0 - adventurous",13,1,"1 - High","1 - Present",4,4,1,0,1,1,1
1945,61,61,"Male",25,"1 - Completely Expected","2 - Yes, a bit inconvenient but manageable","0 - adventurous",15,2,"1 - High","0 - None",2,1,2,0,1,0,0
1946,61,61,"Male",26,"4 - Somewhat Unexpected","1 - Absolutely Yes","0 - adventurous",14,2,"0 - Low","1 - Present",3,4,1,0,0,1,0
1947,61,61,"Male",27,"1 - Completely Expected","1 - Absolutely Yes","0 - adventurous",12,2,"1 - High","0 - None",2,1,1,0,1,0,0
1948,61,61,"Male",28,"5 - Very Unexpected","1 - Absolutely Yes","0 - adventurous",3,2,"1 - High","1 - Present",4,5,1,0,1,1,1
1949,61,61,"Male",29,"1 - Completely Expected","1 - Absolutely Yes","0 - adventurous",8,2,"0 - Low","0 - None",1,1,1,0,0,0,0
1950,61,61,"Male",30,"4 - Somewhat Unexpected","1 - Absolutely Yes","0 - adventurous",13,2,"1 - High","1 - Present",4,4,1,0,1,1,1
1951,61,61,"Male",31,"1 - Completely Expected","1 - Absolutely Yes","0 - adventurous",4,2,"1 - High","0 - None",2,1,1,0,1,0,0
1952,61,61,"Male",32,"1 - Completely Expected","1 - Absolutely Yes","0 - adventurous",2,2,"0 - Low","0 - None",1,1,1,0,0,0,0
1953,62,48,"Male",1,"1 - Completely Expected","1 - Absolutely Yes","0 - adventurous",10,1,"0 - Low","0 - None",1,1,1,0,0,0,0
1954,62,48,"Male",2,"1 - Completely Expected","1 - Absolutely Yes","0 - adventurous",16,1,"1 - High","0 - None",2,1,1,0,1,0,0
1955,62,48,"Male",3,"1 - Completely Expected","1 - Absolutely Yes","0 - adventurous",4,1,"1 - High","0 - None",2,1,1,0,1,0,0
1956,62,48,"Male",4,"1 - Completely Expected","1 - Absolutely Yes","0 - adventurous",8,1,"1 - High","1 - Present",4,1,1,0,1,1,1
1957,62,48,"Male",5,"5 - Very Unexpected","3 - Yes, but would not be feel nice","0 - adventurous",9,1,"0 - Low","1 - Present",3,5,3,0,0,1,0
1958,62,48,"Male",6,"5 - Very Unexpected","1 - Absolutely Yes","0 - adventurous",12,1,"0 - Low","1 - Present",3,5,1,0,0,1,0
1959,62,48,"Male",7,"5 - Very Unexpected","3 - Yes, but would not be feel nice","0 - adventurous",15,1,"0 - Low","1 - Present",3,5,3,0,0,1,0
1960,62,48,"Male",8,"1 - Completely Expected","1 - Absolutely Yes","0 - adventurous",14,1,"0 - Low","0 - None",1,1,1,0,0,0,0
1961,62,48,"Male",9,"1 - Completely Expected","1 - Absolutely Yes","0 - adventurous",4,2,"1 - High","1 - Present",4,1,1,0,1,1,1
1962,62,48,"Male",10,"1 - Completely Expected","2 - Yes, a bit inconvenient but manageable","0 - adventurous",6,1,"1 - High","0 - None",2,1,2,0,1,0,0
1963,62,48,"Male",11,"1 - Completely Expected","1 - Absolutely Yes","0 - adventurous",13,1,"0 - Low","0 - None",1,1,1,0,0,0,0
1964,62,48,"Male",12,"1 - Completely Expected","3 - Yes, but would not be feel nice","0 - adventurous",7,1,"0 - Low","0 - None",1,1,3,0,0,0,0
1965,62,48,"Male",13,"5 - Very Unexpected","1 - Absolutely Yes","0 - adventurous",3,1,"1 - High","1 - Present",4,5,1,0,1,1,1
1966,62,48,"Male",14,"1 - Completely Expected","1 - Absolutely Yes","0 - adventurous",15,2,"0 - Low","0 - None",1,1,1,0,0,0,0
1967,62,48,"Male",15,"1 - Completely Expected","1 - Absolutely Yes","0 - adventurous",3,2,"0 - Low","0 - None",1,1,1,0,0,0,0
1968,62,48,"Male",16,"1 - Completely Expected","1 - Absolutely Yes","0 - adventurous",16,2,"1 - High","0 - None",2,1,1,0,1,0,0
1969,62,48,"Male",17,"5 - Very Unexpected","1 - Absolutely Yes","0 - adventurous",2,1,"1 - High","1 - Present",4,5,1,0,1,1,1
1970,62,48,"Male",18,"5 - Very Unexpected","4 - Certainly Not","0 - adventurous",11,1,"0 - Low","1 - Present",3,5,4,0,0,1,0
1971,62,48,"Male",19,"5 - Very Unexpected","1 - Absolutely Yes","0 - adventurous",6,2,"1 - High","1 - Present",4,5,1,0,1,1,1
1972,62,48,"Male",20,"5 - Very Unexpected","1 - Absolutely Yes","0 - adventurous",2,2,"1 - High","1 - Present",4,5,1,0,1,1,1
1973,62,48,"Male",21,"1 - Completely Expected","3 - Yes, but would not be feel nice","0 - adventurous",11,2,"1 - High","0 - None",2,1,3,0,1,0,0
1974,62,48,"Male",22,"1 - Completely Expected","1 - Absolutely Yes","0 - adventurous",8,2,"1 - High","0 - None",2,1,1,0,1,0,0
1975,62,48,"Male",23,"5 - Very Unexpected","2 - Yes, a bit inconvenient but manageable","0 - adventurous",9,2,"0 - Low","1 - Present",3,5,2,0,0,1,0
1976,62,48,"Male",24,"4 - Somewhat Unexpected","4 - Certainly Not","0 - adventurous",5,1,"1 - High","1 - Present",4,4,4,0,1,1,1
1977,62,48,"Male",25,"1 - Completely Expected","1 - Absolutely Yes","0 - adventurous",12,2,"0 - Low","0 - None",1,1,1,0,0,0,0
1978,62,48,"Male",26,"5 - Very Unexpected","1 - Absolutely Yes","0 - adventurous",13,2,"0 - Low","1 - Present",3,5,1,0,0,1,0
1979,62,48,"Male",27,"1 - Completely Expected","1 - Absolutely Yes","0 - adventurous",14,2,"1 - High","0 - None",2,1,1,0,1,0,0
1980,62,48,"Male",28,"5 - Very Unexpected","1 - Absolutely Yes","0 - adventurous",10,2,"1 - High","1 - Present",4,5,1,0,1,1,1
1981,62,48,"Male",29,"1 - Completely Expected","3 - Yes, but would not be feel nice","0 - adventurous",7,2,"0 - Low","0 - None",1,1,3,0,0,0,0
1982,62,48,"Male",30,"5 - Very Unexpected","1 - Absolutely Yes","0 - adventurous",1,1,"0 - Low","1 - Present",3,5,1,0,0,1,0
1983,62,48,"Male",31,"5 - Very Unexpected","1 - Absolutely Yes","0 - adventurous",1,2,"0 - Low","1 - Present",3,5,1,0,0,1,0
1984,62,48,"Male",32,"1 - Completely Expected","1 - Absolutely Yes","0 - adventurous",5,2,"1 - High","0 - None",2,1,1,0,1,0,0
1985,63,42,"Female",1,"2 - Somewhat Expected","3 - Yes, but would not be feel nice","1 - cautious",2,1,"1 - High","0 - None",2,2,3,1,1,0,0
1986,63,42,"Female",2,"4 - Somewhat Unexpected","1 - Absolutely Yes","1 - cautious",14,1,"0 - Low","1 - Present",3,4,1,1,0,1,0
1987,63,42,"Female",3,"1 - Completely Expected","1 - Absolutely Yes","1 - cautious",13,1,"0 - Low","0 - None",1,1,1,1,0,0,0
1988,63,42,"Female",4,"1 - Completely Expected","1 - Absolutely Yes","1 - cautious",14,2,"0 - Low","0 - None",1,1,1,1,0,0,0
1989,63,42,"Female",5,"1 - Completely Expected","1 - Absolutely Yes","1 - cautious",9,1,"0 - Low","0 - None",1,1,1,1,0,0,0
1990,63,42,"Female",6,"5 - Very Unexpected","2 - Yes, a bit inconvenient but manageable","1 - cautious",9,2,"0 - Low","1 - Present",3,5,2,1,0,1,0
1991,63,42,"Female",7,"5 - Very Unexpected","4 - Certainly Not","1 - cautious",2,2,"1 - High","1 - Present",4,5,4,1,1,1,1
1992,63,42,"Female",8,"5 - Very Unexpected","2 - Yes, a bit inconvenient but manageable","1 - cautious",8,1,"0 - Low","1 - Present",3,5,2,1,0,1,0
1993,63,42,"Female",9,"1 - Completely Expected","1 - Absolutely Yes","1 - cautious",15,1,"1 - High","0 - None",2,1,1,1,1,0,0
1994,63,42,"Female",10,"1 - Completely Expected","1 - Absolutely Yes","1 - cautious",3,1,"0 - Low","0 - None",1,1,1,1,0,0,0
1995,63,42,"Female",11,"1 - Completely Expected","1 - Absolutely Yes","1 - cautious",10,1,"0 - Low","0 - None",1,1,1,1,0,0,0
1996,63,42,"Female",12,"1 - Completely Expected","2 - Yes, a bit inconvenient but manageable","1 - cautious",6,1,"1 - High","0 - None",2,1,2,1,1,0,0
1997,63,42,"Female",13,"5 - Very Unexpected","2 - Yes, a bit inconvenient but manageable","1 - cautious",5,1,"1 - High","1 - Present",4,5,2,1,1,1,1
1998,63,42,"Female",14,"1 - Completely Expected","1 - Absolutely Yes","1 - cautious",7,1,"1 - High","1 - Present",4,1,1,1,1,1,1
1999,63,42,"Female",15,"5 - Very Unexpected","2 - Yes, a bit inconvenient but manageable","1 - cautious",16,1,"1 - High","1 - Present",4,5,2,1,1,1,1
2000,63,42,"Female",16,"1 - Completely Expected","2 - Yes, a bit inconvenient but manageable","1 - cautious",13,2,"1 - High","0 - None",2,1,2,1,1,0,0
2001,63,42,"Female",17,"5 - Very Unexpected","2 - Yes, a bit inconvenient but manageable","1 - cautious",8,2,"0 - Low","1 - Present",3,5,2,1,0,1,0
2002,63,42,"Female",18,"1 - Completely Expected","2 - Yes, a bit inconvenient but manageable","1 - cautious",4,1,"1 - High","0 - None",2,1,2,1,1,0,0
2003,63,42,"Female",19,"5 - Very Unexpected","1 - Absolutely Yes","1 - cautious",12,1,"0 - Low","1 - Present",3,5,1,1,0,1,0
2004,63,42,"Female",20,"1 - Completely Expected","2 - Yes, a bit inconvenient but manageable","1 - cautious",1,1,"1 - High","0 - None",2,1,2,1,1,0,0
2005,63,42,"Female",21,"1 - Completely Expected","1 - Absolutely Yes","1 - cautious",16,2,"0 - Low","0 - None",1,1,1,1,0,0,0
2006,63,42,"Female",22,"1 - Completely Expected","3 - Yes, but would not be feel nice","1 - cautious",10,2,"1 - High","0 - None",2,1,3,1,1,0,0
2007,63,42,"Female",23,"1 - Completely Expected","1 - Absolutely Yes","1 - cautious",4,2,"0 - Low","0 - None",1,1,1,1,0,0,0
2008,63,42,"Female",24,"1 - Completely Expected","1 - Absolutely Yes","1 - cautious",11,1,"0 - Low","0 - None",1,1,1,1,0,0,0
2009,63,42,"Female",25,"5 - Very Unexpected","1 - Absolutely Yes","1 - cautious",12,2,"0 - Low","1 - Present",3,5,1,1,0,1,0
2010,63,42,"Female",26,"5 - Very Unexpected","3 - Yes, but would not be feel nice","1 - cautious",15,2,"1 - High","1 - Present",4,5,3,1,1,1,1
2011,63,42,"Female",27,"4 - Somewhat Unexpected","2 - Yes, a bit inconvenient but manageable","1 - cautious",5,2,"0 - Low","1 - Present",3,4,2,1,0,1,0
2012,63,42,"Female",28,"5 - Very Unexpected","4 - Certainly Not","1 - cautious",6,2,"1 - High","1 - Present",4,5,4,1,1,1,1
2013,63,42,"Female",29,"5 - Very Unexpected","3 - Yes, but would not be feel nice","1 - cautious",1,2,"0 - Low","1 - Present",3,5,3,1,0,1,0
2014,63,42,"Female",30,"1 - Completely Expected","1 - Absolutely Yes","1 - cautious",7,2,"1 - High","0 - None",2,1,1,1,1,0,0
2015,63,42,"Female",31,"5 - Very Unexpected","3 - Yes, but would not be feel nice","1 - cautious",3,2,"1 - High","1 - Present",4,5,3,1,1,1,1
2016,63,42,"Female",32,"5 - Very Unexpected","4 - Certainly Not","1 - cautious",11,2,"1 - High","1 - Present",4,5,4,1,1,1,1
2017,64,54,"Male",1,"5 - Very Unexpected","4 - Certainly Not","1 - cautious",5,1,"1 - High","1 - Present",4,5,4,1,1,1,1
2018,64,54,"Male",2,"4 - Somewhat Unexpected","2 - Yes, a bit inconvenient but manageable","1 - cautious",6,1,"0 - Low","1 - Present",3,4,2,1,0,1,0
2019,64,54,"Male",3,"1 - Completely Expected","1 - Absolutely Yes","1 - cautious",16,1,"0 - Low","0 - None",1,1,1,1,0,0,0
2020,64,54,"Male",4,"5 - Very Unexpected","2 - Yes, a bit inconvenient but manageable","1 - cautious",13,1,"1 - High","1 - Present",4,5,2,1,1,1,1
2021,64,54,"Male",5,"4 - Somewhat Unexpected","2 - Yes, a bit inconvenient but manageable","1 - cautious",11,1,"0 - Low","1 - Present",3,4,2,1,0,1,0
2022,64,54,"Male",6,"5 - Very Unexpected","2 - Yes, a bit inconvenient but manageable","1 - cautious",2,1,"0 - Low","1 - Present",3,5,2,1,0,1,0
2023,64,54,"Male",7,"1 - Completely Expected","1 - Absolutely Yes","1 - cautious",2,2,"0 - Low","0 - None",1,1,1,1,0,0,0
2024,64,54,"Male",8,"4 - Somewhat Unexpected","2 - Yes, a bit inconvenient but manageable","1 - cautious",14,1,"1 - High","1 - Present",4,4,2,1,1,1,1
2025,64,54,"Male",9,"1 - Completely Expected","1 - Absolutely Yes","1 - cautious",15,1,"1 - High","0 - None",2,1,1,1,1,0,0
2026,64,54,"Male",10,"5 - Very Unexpected","4 - Certainly Not","1 - cautious",6,2,"1 - High","1 - Present",4,5,4,1,1,1,1
2027,64,54,"Male",11,"2 - Somewhat Expected","2 - Yes, a bit inconvenient but manageable","1 - cautious",9,1,"1 - High","0 - None",2,2,2,1,1,0,0
2028,64,54,"Male",12,"1 - Completely Expected","1 - Absolutely Yes","1 - cautious",8,1,"1 - High","0 - None",2,1,1,1,1,0,0
2029,64,54,"Male",13,"1 - Completely Expected","1 - Absolutely Yes","1 - cautious",3,1,"0 - Low","0 - None",1,1,1,1,0,0,0
2030,64,54,"Male",14,"1 - Completely Expected","2 - Yes, a bit inconvenient but manageable","1 - cautious",1,1,"1 - High","0 - None",2,1,2,1,1,0,0
2031,64,54,"Male",15,"1 - Completely Expected","1 - Absolutely Yes","1 - cautious",15,2,"1 - High","0 - None",2,1,1,1,1,0,0
2032,64,54,"Male",16,"1 - Completely Expected","1 - Absolutely Yes","1 - cautious",13,2,"0 - Low","0 - None",1,1,1,1,0,0,0
2033,64,54,"Male",17,"4 - Somewhat Unexpected","2 - Yes, a bit inconvenient but manageable","1 - cautious",7,1,"1 - High","1 - Present",4,4,2,1,1,1,1
2034,64,54,"Male",18,"1 - Completely Expected","1 - Absolutely Yes","1 - cautious",4,1,"1 - High","0 - None",2,1,1,1,1,0,0
2035,64,54,"Male",19,"1 - Completely Expected","1 - Absolutely Yes","1 - cautious",10,1,"0 - Low","0 - None",1,1,1,1,0,0,0
2036,64,54,"Male",20,"4 - Somewhat Unexpected","2 - Yes, a bit inconvenient but manageable","1 - cautious",4,2,"0 - Low","1 - Present",3,4,2,1,0,1,0
2037,64,54,"Male",21,"5 - Very Unexpected","2 - Yes, a bit inconvenient but manageable","1 - cautious",3,2,"1 - High","1 - Present",4,5,2,1,1,1,1
2038,64,54,"Male",22,"5 - Very Unexpected","2 - Yes, a bit inconvenient but manageable","1 - cautious",12,1,"1 - High","1 - Present",4,5,2,1,1,1,1
2039,64,54,"Male",23,"5 - Very Unexpected","2 - Yes, a bit inconvenient but manageable","1 - cautious",16,2,"0 - Low","1 - Present",3,5,2,1,0,1,0
2040,64,54,"Male",24,"5 - Very Unexpected","3 - Yes, but would not be feel nice","1 - cautious",1,2,"1 - High","1 - Present",4,5,3,1,1,1,1
2041,64,54,"Male",25,"5 - Very Unexpected","1 - Absolutely Yes","1 - cautious",10,2,"0 - Low","1 - Present",3,5,1,1,0,1,0
2042,64,54,"Male",26,"1 - Completely Expected","1 - Absolutely Yes","1 - cautious",11,2,"0 - Low","0 - None",1,1,1,1,0,0,0
2043,64,54,"Male",27,"1 - Completely Expected","1 - Absolutely Yes","1 - cautious",8,2,"1 - High","0 - None",2,1,1,1,1,0,0
2044,64,54,"Male",28,"1 - Completely Expected","2 - Yes, a bit inconvenient but manageable","1 - cautious",9,2,"1 - High","0 - None",2,1,2,1,1,0,0
2045,64,54,"Male",29,"5 - Very Unexpected","2 - Yes, a bit inconvenient but manageable","1 - cautious",12,2,"0 - Low","1 - Present",3,5,2,1,0,1,0
2046,64,54,"Male",30,"1 - Completely Expected","1 - Absolutely Yes","1 - cautious",14,2,"0 - Low","0 - None",1,1,1,1,0,0,0
2047,64,54,"Male",31,"4 - Somewhat Unexpected","2 - Yes, a bit inconvenient but manageable","1 - cautious",7,2,"0 - Low","1 - Present",3,4,2,1,0,1,0
2048,64,54,"Male",32,"1 - Completely Expected","1 - Absolutely Yes","1 - cautious",5,2,"0 - Low","0 - None",1,1,1,1,0,0,0
2049,65,42,"Female",1,"5 - Very Unexpected","2 - Yes, a bit inconvenient but manageable","1 - cautious",12,1,"1 - High","1 - Present",4,5,2,1,1,1,1
2050,65,42,"Female",2,"5 - Very Unexpected","2 - Yes, a bit inconvenient but manageable","1 - cautious",10,1,"1 - High","1 - Present",4,5,2,1,1,1,1
2051,65,42,"Female",3,"1 - Completely Expected","1 - Absolutely Yes","1 - cautious",16,1,"1 - High","0 - None",2,1,1,1,1,0,0
2052,65,42,"Female",4,"1 - Completely Expected","2 - Yes, a bit inconvenient but manageable","1 - cautious",15,1,"0 - Low","0 - None",1,1,2,1,0,0,0
2053,65,42,"Female",5,"1 - Completely Expected","1 - Absolutely Yes","1 - cautious",2,1,"0 - Low","0 - None",1,1,1,1,0,0,0
2054,65,42,"Female",6,"1 - Completely Expected","1 - Absolutely Yes","1 - cautious",8,1,"0 - Low","0 - None",1,1,1,1,0,0,0
2055,65,42,"Female",7,"1 - Completely Expected","2 - Yes, a bit inconvenient but manageable","1 - cautious",15,2,"0 - Low","0 - None",1,1,2,1,0,0,0
2056,65,42,"Female",8,"4 - Somewhat Unexpected","2 - Yes, a bit inconvenient but manageable","1 - cautious",5,1,"0 - Low","1 - Present",3,4,2,1,0,1,0
2057,65,42,"Female",9,"4 - Somewhat Unexpected","2 - Yes, a bit inconvenient but manageable","1 - cautious",4,1,"0 - Low","1 - Present",3,4,2,1,0,1,0
2058,65,42,"Female",10,"1 - Completely Expected","1 - Absolutely Yes","1 - cautious",1,1,"1 - High","0 - None",2,1,1,1,1,0,0
2059,65,42,"Female",11,"4 - Somewhat Unexpected","2 - Yes, a bit inconvenient but manageable","1 - cautious",14,1,"1 - High","1 - Present",4,4,2,1,1,1,1
2060,65,42,"Female",12,"4 - Somewhat Unexpected","2 - Yes, a bit inconvenient but manageable","1 - cautious",11,1,"0 - Low","0 - None",1,4,2,1,0,0,0
2061,65,42,"Female",13,"1 - Completely Expected","1 - Absolutely Yes","1 - cautious",16,2,"0 - Low","0 - None",1,1,1,1,0,0,0
2062,65,42,"Female",14,"1 - Completely Expected","1 - Absolutely Yes","1 - cautious",2,2,"1 - High","0 - None",2,1,1,1,1,0,0
2063,65,42,"Female",15,"4 - Somewhat Unexpected","2 - Yes, a bit inconvenient but manageable","1 - cautious",7,1,"1 - High","1 - Present",4,4,2,1,1,1,1
2064,65,42,"Female",16,"4 - Somewhat Unexpected","2 - Yes, a bit inconvenient but manageable","1 - cautious",4,2,"0 - Low","1 - Present",3,4,2,1,0,1,0
2065,65,42,"Female",17,"4 - Somewhat Unexpected","1 - Absolutely Yes","1 - cautious",13,1,"0 - Low","1 - Present",3,4,1,1,0,1,0
2066,65,42,"Female",18,"5 - Very Unexpected","4 - Certainly Not","1 - cautious",6,1,"1 - High","1 - Present",4,5,4,1,1,1,1
2067,65,42,"Female",19,"5 - Very Unexpected","3 - Yes, but would not be feel nice","1 - cautious",6,2,"0 - Low","1 - Present",3,5,3,1,0,1,0
2068,65,42,"Female",20,"1 - Completely Expected","1 - Absolutely Yes","1 - cautious",1,2,"1 - High","0 - None",2,1,1,1,1,0,0
2069,65,42,"Female",21,"1 - Completely Expected","1 - Absolutely Yes","1 - cautious",8,2,"0 - Low","0 - None",1,1,1,1,0,0,0
2070,65,42,"Female",22,"5 - Very Unexpected","2 - Yes, a bit inconvenient but manageable","1 - cautious",3,1,"1 - High","1 - Present",4,5,2,1,1,1,1
2071,65,42,"Female",23,"5 - Very Unexpected","2 - Yes, a bit inconvenient but manageable","1 - cautious",3,2,"0 - Low","1 - Present",3,5,2,1,0,1,0
2072,65,42,"Female",24,"4 - Somewhat Unexpected","2 - Yes, a bit inconvenient but manageable","1 - cautious",9,1,"0 - Low","1 - Present",3,4,2,1,0,1,0
2073,65,42,"Female",25,"4 - Somewhat Unexpected","1 - Absolutely Yes","1 - cautious",13,2,"0 - Low","1 - Present",3,4,1,1,0,1,0
2074,65,42,"Female",26,"1 - Completely Expected","1 - Absolutely Yes","1 - cautious",5,2,"1 - High","0 - None",2,1,1,1,1,0,0
2075,65,42,"Female",27,"1 - Completely Expected","1 - Absolutely Yes","1 - cautious",12,2,"1 - High","0 - None",2,1,1,1,1,0,0
2076,65,42,"Female",28,"1 - Completely Expected","1 - Absolutely Yes","1 - cautious",7,2,"0 - Low","0 - None",1,1,1,1,0,0,0
2077,65,42,"Female",29,"2 - Somewhat Expected","1 - Absolutely Yes","1 - cautious",14,2,"1 - High","1 - Present",4,2,1,1,1,1,1
2078,65,42,"Female",30,"1 - Completely Expected","1 - Absolutely Yes","1 - cautious",10,2,"1 - High","0 - None",2,1,1,1,1,0,0
2079,65,42,"Female",31,"1 - Completely Expected","1 - Absolutely Yes","1 - cautious",9,2,"1 - High","0 - None",2,1,1,1,1,0,0
2080,65,42,"Female",32,"5 - Very Unexpected","3 - Yes, but would not be feel nice","1 - cautious",11,2,"1 - High","1 - Present",4,5,3,1,1,1,1
2081,66,44,"Male",1,"2 - Somewhat Expected","1 - Absolutely Yes","1 - cautious",14,1,"0 - Low","0 - None",1,2,1,1,0,0,0
2082,66,44,"Male",2,"1 - Completely Expected","1 - Absolutely Yes","1 - cautious",8,1,"1 - High","0 - None",2,1,1,1,1,0,0
2083,66,44,"Male",3,"2 - Somewhat Expected","2 - Yes, a bit inconvenient but manageable","1 - cautious",6,1,"0 - Low","0 - None",1,2,2,1,0,0,0
2084,66,44,"Male",4,"2 - Somewhat Expected","1 - Absolutely Yes","1 - cautious",8,2,"0 - Low","1 - Present",3,2,1,1,0,1,0
2085,66,44,"Male",5,"1 - Completely Expected","1 - Absolutely Yes","1 - cautious",2,1,"0 - Low","0 - None",1,1,1,1,0,0,0
2086,66,44,"Male",6,"4 - Somewhat Unexpected","3 - Yes, but would not be feel nice","1 - cautious",16,1,"0 - Low","0 - None",1,4,3,1,0,0,0
2087,66,44,"Male",7,"2 - Somewhat Expected","2 - Yes, a bit inconvenient but manageable","1 - cautious",14,2,"1 - High","1 - Present",4,2,2,1,1,1,1
2088,66,44,"Male",8,"4 - Somewhat Unexpected","3 - Yes, but would not be feel nice","1 - cautious",4,1,"1 - High","1 - Present",4,4,3,1,1,1,1
2089,66,44,"Male",9,"2 - Somewhat Expected","1 - Absolutely Yes","1 - cautious",10,1,"0 - Low","0 - None",1,2,1,1,0,0,0
2090,66,44,"Male",10,"4 - Somewhat Unexpected","3 - Yes, but would not be feel nice","1 - cautious",7,1,"1 - High","1 - Present",4,4,3,1,1,1,1
2091,66,44,"Male",11,"2 - Somewhat Expected","1 - Absolutely Yes","1 - cautious",10,2,"0 - Low","1 - Present",3,2,1,1,0,1,0
2092,66,44,"Male",12,"4 - Somewhat Unexpected","4 - Certainly Not","1 - cautious",3,1,"0 - Low","0 - None",1,4,4,1,0,0,0
2093,66,44,"Male",13,"5 - Very Unexpected","4 - Certainly Not","1 - cautious",4,2,"0 - Low","1 - Present",3,5,4,1,0,1,0
2094,66,44,"Male",14,"5 - Very Unexpected","4 - Certainly Not","1 - cautious",2,2,"0 - Low","1 - Present",3,5,4,1,0,1,0
2095,66,44,"Male",15,"4 - Somewhat Unexpected","4 - Certainly Not","1 - cautious",3,2,"0 - Low","1 - Present",3,4,4,1,0,1,0
2096,66,44,"Male",16,"2 - Somewhat Expected","2 - Yes, a bit inconvenient but manageable","1 - cautious",1,1,"1 - High","0 - None",2,2,2,1,1,0,0
2097,66,44,"Male",17,"2 - Somewhat Expected","2 - Yes, a bit inconvenient but manageable","1 - cautious",6,2,"1 - High","0 - None",2,2,2,1,1,0,0
2098,66,44,"Male",18,"5 - Very Unexpected","4 - Certainly Not","1 - cautious",1,2,"0 - Low","1 - Present",3,5,4,1,0,1,0
2099,66,44,"Male",19,"4 - Somewhat Unexpected","4 - Certainly Not","1 - cautious",11,1,"1 - High","0 - None",2,4,4,1,1,0,0
2100,66,44,"Male",20,"4 - Somewhat Unexpected","3 - Yes, but would not be feel nice","1 - cautious",16,2,"0 - Low","0 - None",1,4,3,1,0,0,0
2101,66,44,"Male",21,"5 - Very Unexpected","4 - Certainly Not","1 - cautious",15,1,"1 - High","1 - Present",4,5,4,1,1,1,1
2102,66,44,"Male",22,"4 - Somewhat Unexpected","4 - Certainly Not","1 - cautious",5,1,"0 - Low","1 - Present",3,4,4,1,0,1,0
2103,66,44,"Male",23,"2 - Somewhat Expected","2 - Yes, a bit inconvenient but manageable","1 - cautious",9,1,"0 - Low","0 - None",1,2,2,1,0,0,0
2104,66,44,"Male",24,"2 - Somewhat Expected","3 - Yes, but would not be feel nice","1 - cautious",13,1,"0 - Low","1 - Present",3,2,3,1,0,1,0
2105,66,44,"Male",25,"2 - Somewhat Expected","3 - Yes, but would not be feel nice","1 - cautious",13,2,"1 - High","1 - Present",4,2,3,1,1,1,1
2106,66,44,"Male",26,"2 - Somewhat Expected","2 - Yes, a bit inconvenient but manageable","1 - cautious",9,2,"1 - High","1 - Present",4,2,2,1,1,1,1
2107,66,44,"Male",27,"2 - Somewhat Expected","3 - Yes, but would not be feel nice","1 - cautious",15,2,"1 - High","0 - None",2,2,3,1,1,0,0
2108,66,44,"Male",28,"1 - Completely Expected","1 - Absolutely Yes","1 - cautious",7,2,"1 - High","0 - None",2,1,1,1,1,0,0
2109,66,44,"Male",29,"4 - Somewhat Unexpected","3 - Yes, but would not be feel nice","1 - cautious",11,2,"1 - High","1 - Present",4,4,3,1,1,1,1
2110,66,44,"Male",30,"2 - Somewhat Expected","2 - Yes, a bit inconvenient but manageable","1 - cautious",12,1,"1 - High","0 - None",2,2,2,1,1,0,0
2111,66,44,"Male",31,"4 - Somewhat Unexpected","3 - Yes, but would not be feel nice","1 - cautious",5,2,"1 - High","1 - Present",4,4,3,1,1,1,1
2112,66,44,"Male",32,"2 - Somewhat Expected","2 - Yes, a bit inconvenient but manageable","1 - cautious",12,2,"1 - High","0 - None",2,2,2,1,1,0,0
2113,67,43,"Female",1,"2 - Somewhat Expected","3 - Yes, but would not be feel nice","1 - cautious",13,1,"1 - High","0 - None",2,2,3,1,1,0,0
2114,67,43,"Female",2,"5 - Very Unexpected","1 - Absolutely Yes","1 - cautious",9,1,"0 - Low","1 - Present",3,5,1,1,0,1,0
2115,67,43,"Female",3,"5 - Very Unexpected","1 - Absolutely Yes","1 - cautious",4,1,"0 - Low","1 - Present",3,5,1,1,0,1,0
2116,67,43,"Female",4,"1 - Completely Expected","1 - Absolutely Yes","1 - cautious",8,1,"1 - High","0 - None",2,1,1,1,1,0,0
2117,67,43,"Female",5,"1 - Completely Expected","1 - Absolutely Yes","1 - cautious",10,1,"0 - Low","0 - None",1,1,1,1,0,0,0
2118,67,43,"Female",6,"1 - Completely Expected","1 - Absolutely Yes","1 - cautious",2,1,"1 - High","0 - None",2,1,1,1,1,0,0
2119,67,43,"Female",7,"1 - Completely Expected","1 - Absolutely Yes","1 - cautious",6,1,"1 - High","0 - None",2,1,1,1,1,0,0
2120,67,43,"Female",8,"1 - Completely Expected","1 - Absolutely Yes","1 - cautious",1,1,"1 - High","0 - None",2,1,1,1,1,0,0
2121,67,43,"Female",9,"4 - Somewhat Unexpected","2 - Yes, a bit inconvenient but manageable","1 - cautious",2,2,"1 - High","1 - Present",4,4,2,1,1,1,1
2122,67,43,"Female",10,"5 - Very Unexpected","1 - Absolutely Yes","1 - cautious",11,1,"1 - High","1 - Present",4,5,1,1,1,1,1
2123,67,43,"Female",11,"5 - Very Unexpected","1 - Absolutely Yes","1 - cautious",12,1,"1 - High","1 - Present",4,5,1,1,1,1,1
2124,67,43,"Female",12,"4 - Somewhat Unexpected","1 - Absolutely Yes","1 - cautious",8,2,"0 - Low","1 - Present",3,4,1,1,0,1,0
2125,67,43,"Female",13,"5 - Very Unexpected","1 - Absolutely Yes","1 - cautious",14,1,"0 - Low","1 - Present",3,5,1,1,0,1,0
2126,67,43,"Female",14,"4 - Somewhat Unexpected","3 - Yes, but would not be feel nice","1 - cautious",15,1,"1 - High","1 - Present",4,4,3,1,1,1,1
2127,67,43,"Female",15,"5 - Very Unexpected","1 - Absolutely Yes","1 - cautious",13,2,"0 - Low","1 - Present",3,5,1,1,0,1,0
2128,67,43,"Female",16,"4 - Somewhat Unexpected","1 - Absolutely Yes","1 - cautious",14,2,"0 - Low","0 - None",1,4,1,1,0,0,0
2129,67,43,"Female",17,"5 - Very Unexpected","3 - Yes, but would not be feel nice","1 - cautious",16,1,"0 - Low","1 - Present",3,5,3,1,0,1,0
2130,67,43,"Female",18,"1 - Completely Expected","3 - Yes, but would not be feel nice","1 - cautious",16,2,"0 - Low","0 - None",1,1,3,1,0,0,0
2131,67,43,"Female",19,"5 - Very Unexpected","1 - Absolutely Yes","1 - cautious",11,2,"1 - High","1 - Present",4,5,1,1,1,1,1
2132,67,43,"Female",20,"5 - Very Unexpected","2 - Yes, a bit inconvenient but manageable","1 - cautious",3,1,"1 - High","1 - Present",4,5,2,1,1,1,1
2133,67,43,"Female",21,"4 - Somewhat Unexpected","1 - Absolutely Yes","1 - cautious",6,2,"0 - Low","1 - Present",3,4,1,1,0,1,0
2134,67,43,"Female",22,"2 - Somewhat Expected","3 - Yes, but would not be feel nice","1 - cautious",15,2,"0 - Low","0 - None",1,2,3,1,0,0,0
2135,67,43,"Female",23,"1 - Completely Expected","1 - Absolutely Yes","1 - cautious",1,2,"0 - Low","0 - None",1,1,1,1,0,0,0
2136,67,43,"Female",24,"1 - Completely Expected","1 - Absolutely Yes","1 - cautious",5,1,"0 - Low","0 - None",1,1,1,1,0,0,0
2137,67,43,"Female",25,"1 - Completely Expected","2 - Yes, a bit inconvenient but manageable","1 - cautious",5,2,"1 - High","0 - None",2,1,2,1,1,0,0
2138,67,43,"Female",26,"1 - Completely Expected","1 - Absolutely Yes","1 - cautious",12,2,"1 - High","0 - None",2,1,1,1,1,0,0
2139,67,43,"Female",27,"1 - Completely Expected","1 - Absolutely Yes","1 - cautious",3,2,"1 - High","0 - None",2,1,1,1,1,0,0
2140,67,43,"Female",28,"1 - Completely Expected","1 - Absolutely Yes","1 - cautious",9,2,"0 - Low","0 - None",1,1,1,1,0,0,0
2141,67,43,"Female",29,"4 - Somewhat Unexpected","2 - Yes, a bit inconvenient but manageable","1 - cautious",7,1,"1 - High","1 - Present",4,4,2,1,1,1,1
2142,67,43,"Female",30,"5 - Very Unexpected","1 - Absolutely Yes","1 - cautious",4,2,"0 - Low","1 - Present",3,5,1,1,0,1,0
2143,67,43,"Female",31,"4 - Somewhat Unexpected","1 - Absolutely Yes","1 - cautious",10,2,"1 - High","1 - Present",4,4,1,1,1,1,1
2144,67,43,"Female",32,"1 - Completely Expected","1 - Absolutely Yes","1 - cautious",7,2,"0 - Low","0 - None",1,1,1,1,0,0,0
2145,68,51,"Female",1,"2 - Somewhat Expected","2 - Yes, a bit inconvenient but manageable","0 - adventurous",3,1,"1 - High","0 - None",2,2,2,0,1,0,0
2146,68,51,"Female",2,"4 - Somewhat Unexpected","2 - Yes, a bit inconvenient but manageable","0 - adventurous",9,1,"0 - Low","1 - Present",3,4,2,0,0,1,0
2147,68,51,"Female",3,"2 - Somewhat Expected","1 - Absolutely Yes","0 - adventurous",11,1,"1 - High","0 - None",2,2,1,0,1,0,0
2148,68,51,"Female",4,"1 - Completely Expected","1 - Absolutely Yes","0 - adventurous",9,2,"0 - Low","0 - None",1,1,1,0,0,0,0
2149,68,51,"Female",5,"1 - Completely Expected","1 - Absolutely Yes","0 - adventurous",13,1,"1 - High","0 - None",2,1,1,0,1,0,0
2150,68,51,"Female",6,"1 - Completely Expected","1 - Absolutely Yes","0 - adventurous",6,1,"0 - Low","0 - None",1,1,1,0,0,0,0
2151,68,51,"Female",7,"1 - Completely Expected","2 - Yes, a bit inconvenient but manageable","0 - adventurous",16,1,"0 - Low","0 - None",1,1,2,0,0,0,0
2152,68,51,"Female",8,"5 - Very Unexpected","3 - Yes, but would not be feel nice","0 - adventurous",15,1,"1 - High","1 - Present",4,5,3,0,1,1,1
2153,68,51,"Female",9,"5 - Very Unexpected","2 - Yes, a bit inconvenient but manageable","0 - adventurous",10,1,"1 - High","1 - Present",4,5,2,0,1,1,1
2154,68,51,"Female",10,"4 - Somewhat Unexpected","1 - Absolutely Yes","0 - adventurous",7,1,"0 - Low","1 - Present",3,4,1,0,0,1,0
2155,68,51,"Female",11,"1 - Completely Expected","1 - Absolutely Yes","0 - adventurous",4,1,"0 - Low","0 - None",1,1,1,0,0,0,0
2156,68,51,"Female",12,"5 - Very Unexpected","3 - Yes, but would not be feel nice","0 - adventurous",1,1,"1 - High","1 - Present",4,5,3,0,1,1,1
2157,68,51,"Female",13,"4 - Somewhat Unexpected","1 - Absolutely Yes","0 - adventurous",3,2,"0 - Low","1 - Present",3,4,1,0,0,1,0
2158,68,51,"Female",14,"1 - Completely Expected","2 - Yes, a bit inconvenient but manageable","0 - adventurous",2,1,"1 - High","0 - None",2,1,2,0,1,0,0
2159,68,51,"Female",15,"1 - Completely Expected","2 - Yes, a bit inconvenient but manageable","0 - adventurous",7,2,"1 - High","0 - None",2,1,2,0,1,0,0
2160,68,51,"Female",16,"1 - Completely Expected","1 - Absolutely Yes","0 - adventurous",14,1,"0 - Low","0 - None",1,1,1,0,0,0,0
2161,68,51,"Female",17,"5 - Very Unexpected","1 - Absolutely Yes","0 - adventurous",16,2,"1 - High","1 - Present",4,5,1,0,1,1,1
2162,68,51,"Female",18,"5 - Very Unexpected","4 - Certainly Not","0 - adventurous",6,2,"1 - High","1 - Present",4,5,4,0,1,1,1
2163,68,51,"Female",19,"4 - Somewhat Unexpected","2 - Yes, a bit inconvenient but manageable","0 - adventurous",8,1,"1 - High","1 - Present",4,4,2,0,1,1,1
2164,68,51,"Female",20,"1 - Completely Expected","2 - Yes, a bit inconvenient but manageable","0 - adventurous",2,2,"1 - High","0 - None",2,1,2,0,1,0,0
2165,68,51,"Female",21,"4 - Somewhat Unexpected","1 - Absolutely Yes","0 - adventurous",1,2,"0 - Low","1 - Present",3,4,1,0,0,1,0
2166,68,51,"Female",22,"4 - Somewhat Unexpected","1 - Absolutely Yes","0 - adventurous",5,1,"0 - Low","1 - Present",3,4,1,0,0,1,0
2167,68,51,"Female",23,"1 - Completely Expected","1 - Absolutely Yes","0 - adventurous",5,2,"0 - Low","0 - None",1,1,1,0,0,0,0
2168,68,51,"Female",24,"1 - Completely Expected","2 - Yes, a bit inconvenient but manageable","0 - adventurous",10,2,"1 - High","0 - None",2,1,2,0,1,0,0
2169,68,51,"Female",25,"3 - Indifferent / Can't Decide","2 - Yes, a bit inconvenient but manageable","0 - adventurous",8,2,"1 - High","1 - Present",4,3,2,0,1,1,1
2170,68,51,"Female",26,"1 - Completely Expected","1 - Absolutely Yes","0 - adventurous",4,2,"0 - Low","0 - None",1,1,1,0,0,0,0
2171,68,51,"Female",27,"5 - Very Unexpected","1 - Absolutely Yes","0 - adventurous",12,1,"1 - High","1 - Present",4,5,1,0,1,1,1
2172,68,51,"Female",28,"4 - Somewhat Unexpected","1 - Absolutely Yes","0 - adventurous",11,2,"0 - Low","1 - Present",3,4,1,0,0,1,0
2173,68,51,"Female",29,"5 - Very Unexpected","1 - Absolutely Yes","0 - adventurous",12,2,"0 - Low","1 - Present",3,5,1,0,0,1,0
2174,68,51,"Female",30,"1 - Completely Expected","2 - Yes, a bit inconvenient but manageable","0 - adventurous",14,2,"1 - High","0 - None",2,1,2,0,1,0,0
2175,68,51,"Female",31,"1 - Completely Expected","1 - Absolutely Yes","0 - adventurous",13,2,"0 - Low","0 - None",1,1,1,0,0,0,0
2176,68,51,"Female",32,"4 - Somewhat Unexpected","2 - Yes, a bit inconvenient but manageable","0 - adventurous",15,2,"0 - Low","1 - Present",3,4,2,0,0,1,0
2177,69,33,"Female",1,"2 - Somewhat Expected","3 - Yes, but would not be feel nice","0 - adventurous",14,1,"1 - High","0 - None",2,2,3,0,1,0,0
2178,69,33,"Female",2,"5 - Very Unexpected","1 - Absolutely Yes","0 - adventurous",3,1,"0 - Low","1 - Present",3,5,1,0,0,1,0
2179,69,33,"Female",3,"5 - Very Unexpected","4 - Certainly Not","0 - adventurous",11,1,"0 - Low","1 - Present",3,5,4,0,0,1,0
2180,69,33,"Female",4,"4 - Somewhat Unexpected","1 - Absolutely Yes","0 - adventurous",1,1,"0 - Low","1 - Present",3,4,1,0,0,1,0
2181,69,33,"Female",5,"5 - Very Unexpected","4 - Certainly Not","0 - adventurous",16,1,"1 - High","1 - Present",4,5,4,0,1,1,1
2182,69,33,"Female",6,"4 - Somewhat Unexpected","3 - Yes, but would not be feel nice","0 - adventurous",10,1,"1 - High","1 - Present",4,4,3,0,1,1,1
2183,69,33,"Female",7,"1 - Completely Expected","3 - Yes, but would not be feel nice","0 - adventurous",9,1,"1 - High","0 - None",2,1,3,0,1,0,0
2184,69,33,"Female",8,"5 - Very Unexpected","4 - Certainly Not","0 - adventurous",4,1,"0 - Low","1 - Present",3,5,4,0,0,1,0
2185,69,33,"Female",9,"5 - Very Unexpected","2 - Yes, a bit inconvenient but manageable","0 - adventurous",2,1,"1 - High","1 - Present",4,5,2,0,1,1,1
2186,69,33,"Female",10,"1 - Completely Expected","1 - Absolutely Yes","0 - adventurous",8,1,"0 - Low","0 - None",1,1,1,0,0,0,0
2187,69,33,"Female",11,"1 - Completely Expected","2 - Yes, a bit inconvenient but manageable","0 - adventurous",10,2,"1 - High","0 - None",2,1,2,0,1,0,0
2188,69,33,"Female",12,"5 - Very Unexpected","2 - Yes, a bit inconvenient but manageable","0 - adventurous",2,2,"0 - Low","1 - Present",3,5,2,0,0,1,0
2189,69,33,"Female",13,"2 - Somewhat Expected","2 - Yes, a bit inconvenient but manageable","0 - adventurous",11,2,"1 - High","0 - None",2,2,2,0,1,0,0
2190,69,33,"Female",14,"1 - Completely Expected","1 - Absolutely Yes","0 - adventurous",6,1,"0 - Low","0 - None",1,1,1,0,0,0,0
2191,69,33,"Female",15,"3 - Indifferent / Can't Decide","1 - Absolutely Yes","0 - adventurous",4,2,"0 - Low","0 - None",1,3,1,0,0,0,0
2192,69,33,"Female",16,"5 - Very Unexpected","4 - Certainly Not","0 - adventurous",15,1,"1 - High","1 - Present",4,5,4,0,1,1,1
2193,69,33,"Female",17,"5 - Very Unexpected","4 - Certainly Not","0 - adventurous",14,2,"1 - High","1 - Present",4,5,4,0,1,1,1
2194,69,33,"Female",18,"5 - Very Unexpected","2 - Yes, a bit inconvenient but manageable","0 - adventurous",12,1,"0 - Low","1 - Present",3,5,2,0,0,1,0
2195,69,33,"Female",19,"1 - Completely Expected","3 - Yes, but would not be feel nice","0 - adventurous",5,1,"0 - Low","0 - None",1,1,3,0,0,0,0
2196,69,33,"Female",20,"1 - Completely Expected","1 - Absolutely Yes","0 - adventurous",12,2,"1 - High","0 - None",2,1,1,0,1,0,0
2197,69,33,"Female",21,"3 - Indifferent / Can't Decide","2 - Yes, a bit inconvenient but manageable","0 - adventurous",9,2,"0 - Low","1 - Present",3,3,2,0,0,1,0
2198,69,33,"Female",22,"1 - Completely Expected","1 - Absolutely Yes","0 - adventurous",13,1,"0 - Low","0 - None",1,1,1,0,0,0,0
2199,69,33,"Female",23,"3 - Indifferent / Can't Decide","1 - Absolutely Yes","0 - adventurous",8,2,"0 - Low","1 - Present",3,3,1,0,0,1,0
2200,69,33,"Female",24,"4 - Somewhat Unexpected","2 - Yes, a bit inconvenient but manageable","0 - adventurous",7,1,"1 - High","1 - Present",4,4,2,0,1,1,1
2201,69,33,"Female",25,"1 - Completely Expected","1 - Absolutely Yes","0 - adventurous",6,2,"0 - Low","0 - None",1,1,1,0,0,0,0
2202,69,33,"Female",26,"1 - Completely Expected","2 - Yes, a bit inconvenient but manageable","0 - adventurous",3,2,"1 - High","0 - None",2,1,2,0,1,0,0
2203,69,33,"Female",27,"1 - Completely Expected","4 - Certainly Not","0 - adventurous",15,2,"0 - Low","0 - None",1,1,4,0,0,0,0
2204,69,33,"Female",28,"4 - Somewhat Unexpected","2 - Yes, a bit inconvenient but manageable","0 - adventurous",7,2,"1 - High","1 - Present",4,4,2,0,1,1,1
2205,69,33,"Female",29,"1 - Completely Expected","1 - Absolutely Yes","0 - adventurous",13,2,"0 - Low","0 - None",1,1,1,0,0,0,0
2206,69,33,"Female",30,"2 - Somewhat Expected","3 - Yes, but would not be feel nice","0 - adventurous",5,2,"1 - High","0 - None",2,2,3,0,1,0,0
2207,69,33,"Female",31,"5 - Very Unexpected","4 - Certainly Not","0 - adventurous",16,2,"1 - High","1 - Present",4,5,4,0,1,1,1
2208,69,33,"Female",32,"1 - Completely Expected","2 - Yes, a bit inconvenient but manageable","0 - adventurous",1,2,"1 - High","0 - None",2,1,2,0,1,0,0
2209,70,42,"Female",1,"2 - Somewhat Expected","3 - Yes, but would not be feel nice","0 - adventurous",5,1,"0 - Low","0 - None",1,2,3,0,0,0,0
2210,70,42,"Female",2,"3 - Indifferent / Can't Decide","3 - Yes, but would not be feel nice","0 - adventurous",5,2,"0 - Low","1 - Present",3,3,3,0,0,1,0
2211,70,42,"Female",3,"5 - Very Unexpected","4 - Certainly Not","0 - adventurous",14,1,"0 - Low","1 - Present",3,5,4,0,0,1,0
2212,70,42,"Female",4,"4 - Somewhat Unexpected","2 - Yes, a bit inconvenient but manageable","0 - adventurous",14,2,"1 - High","1 - Present",4,4,2,0,1,1,1
2213,70,42,"Female",5,"1 - Completely Expected","1 - Absolutely Yes","0 - adventurous",13,1,"1 - High","1 - Present",4,1,1,0,1,1,1
2214,70,42,"Female",6,"2 - Somewhat Expected","1 - Absolutely Yes","0 - adventurous",16,1,"0 - Low","1 - Present",3,2,1,0,0,1,0
2215,70,42,"Female",7,"1 - Completely Expected","2 - Yes, a bit inconvenient but manageable","0 - adventurous",1,1,"0 - Low","0 - None",1,1,2,0,0,0,0
2216,70,42,"Female",8,"2 - Somewhat Expected","2 - Yes, a bit inconvenient but manageable","0 - adventurous",7,1,"0 - Low","0 - None",1,2,2,0,0,0,0
2217,70,42,"Female",9,"1 - Completely Expected","2 - Yes, a bit inconvenient but manageable","0 - adventurous",9,1,"1 - High","1 - Present",4,1,2,0,1,1,1
2218,70,42,"Female",10,"3 - Indifferent / Can't Decide","2 - Yes, a bit inconvenient but manageable","0 - adventurous",10,1,"0 - Low","0 - None",1,3,2,0,0,0,0
2219,70,42,"Female",11,"1 - Completely Expected","1 - Absolutely Yes","0 - adventurous",3,1,"0 - Low","1 - Present",3,1,1,0,0,1,0
2220,70,42,"Female",12,"2 - Somewhat Expected","1 - Absolutely Yes","0 - adventurous",6,1,"0 - Low","0 - None",1,2,1,0,0,0,0
2221,70,42,"Female",13,"5 - Very Unexpected","4 - Certainly Not","0 - adventurous",11,1,"1 - High","0 - None",2,5,4,0,1,0,0
2222,70,42,"Female",14,"3 - Indifferent / Can't Decide","3 - Yes, but would not be feel nice","0 - adventurous",2,1,"1 - High","1 - Present",4,3,3,0,1,1,1
2223,70,42,"Female",15,"5 - Very Unexpected","4 - Certainly Not","0 - adventurous",11,2,"1 - High","0 - None",2,5,4,0,1,0,0
2224,70,42,"Female",16,"4 - Somewhat Unexpected","3 - Yes, but would not be feel nice","0 - adventurous",15,1,"0 - Low","1 - Present",3,4,3,0,0,1,0
2225,70,42,"Female",17,"2 - Somewhat Expected","2 - Yes, a bit inconvenient but manageable","0 - adventurous",7,2,"0 - Low","1 - Present",3,2,2,0,0,1,0
2226,70,42,"Female",18,"3 - Indifferent / Can't Decide","3 - Yes, but would not be feel nice","0 - adventurous",9,2,"0 - Low","1 - Present",3,3,3,0,0,1,0
2227,70,42,"Female",19,"2 - Somewhat Expected","1 - Absolutely Yes","0 - adventurous",15,2,"1 - High","0 - None",2,2,1,0,1,0,0
2228,70,42,"Female",20,"2 - Somewhat Expected","1 - Absolutely Yes","0 - adventurous",3,2,"0 - Low","0 - None",1,2,1,0,0,0,0
2229,70,42,"Female",21,"4 - Somewhat Unexpected","3 - Yes, but would not be feel nice","0 - adventurous",1,2,"0 - Low","1 - Present",3,4,3,0,0,1,0
2230,70,42,"Female",22,"2 - Somewhat Expected","1 - Absolutely Yes","0 - adventurous",4,1,"1 - High","0 - None",2,2,1,0,1,0,0
2231,70,42,"Female",23,"4 - Somewhat Unexpected","3 - Yes, but would not be feel nice","0 - adventurous",8,1,"1 - High","1 - Present",4,4,3,0,1,1,1
2232,70,42,"Female",24,"3 - Indifferent / Can't Decide","1 - Absolutely Yes","0 - adventurous",12,1,"1 - High","0 - None",2,3,1,0,1,0,0
2233,70,42,"Female",25,"2 - Somewhat Expected","2 - Yes, a bit inconvenient but manageable","0 - adventurous",13,2,"1 - High","0 - None",2,2,2,0,1,0,0
2234,70,42,"Female",26,"3 - Indifferent / Can't Decide","2 - Yes, a bit inconvenient but manageable","0 - adventurous",2,2,"0 - Low","0 - None",1,3,2,0,0,0,0
2235,70,42,"Female",27,"2 - Somewhat Expected","2 - Yes, a bit inconvenient but manageable","0 - adventurous",4,2,"1 - High","0 - None",2,2,2,0,1,0,0
2236,70,42,"Female",28,"3 - Indifferent / Can't Decide","3 - Yes, but would not be feel nice","0 - adventurous",6,2,"1 - High","0 - None",2,3,3,0,1,0,0
2237,70,42,"Female",29,"3 - Indifferent / Can't Decide","3 - Yes, but would not be feel nice","0 - adventurous",16,2,"1 - High","1 - Present",4,3,3,0,1,1,1
2238,70,42,"Female",30,"4 - Somewhat Unexpected","2 - Yes, a bit inconvenient but manageable","0 - adventurous",12,2,"0 - Low","0 - None",1,4,2,0,0,0,0
2239,70,42,"Female",31,"2 - Somewhat Expected","1 - Absolutely Yes","0 - adventurous",10,2,"1 - High","1 - Present",4,2,1,0,1,1,1
2240,70,42,"Female",32,"3 - Indifferent / Can't Decide","3 - Yes, but would not be feel nice","0 - adventurous",8,2,"1 - High","1 - Present",4,3,3,0,1,1,1
2241,71,33,"Male",1,"5 - Very Unexpected","2 - Yes, a bit inconvenient but manageable","1 - cautious",12,1,"1 - High","1 - Present",4,5,2,1,1,1,1
2242,71,33,"Male",2,"5 - Very Unexpected","4 - Certainly Not","1 - cautious",1,1,"1 - High","1 - Present",4,5,4,1,1,1,1
2243,71,33,"Male",3,"5 - Very Unexpected","2 - Yes, a bit inconvenient but manageable","1 - cautious",4,1,"0 - Low","1 - Present",3,5,2,1,0,1,0
2244,71,33,"Male",4,"1 - Completely Expected","2 - Yes, a bit inconvenient but manageable","1 - cautious",14,1,"1 - High","0 - None",2,1,2,1,1,0,0
2245,71,33,"Male",5,"1 - Completely Expected","1 - Absolutely Yes","1 - cautious",4,2,"0 - Low","0 - None",1,1,1,1,0,0,0
2246,71,33,"Male",6,"1 - Completely Expected","1 - Absolutely Yes","1 - cautious",7,1,"0 - Low","0 - None",1,1,1,1,0,0,0
2247,71,33,"Male",7,"1 - Completely Expected","2 - Yes, a bit inconvenient but manageable","1 - cautious",13,1,"1 - High","0 - None",2,1,2,1,1,0,0
2248,71,33,"Male",8,"5 - Very Unexpected","2 - Yes, a bit inconvenient but manageable","1 - cautious",5,1,"0 - Low","1 - Present",3,5,2,1,0,1,0
2249,71,33,"Male",9,"5 - Very Unexpected","2 - Yes, a bit inconvenient but manageable","1 - cautious",8,1,"0 - Low","1 - Present",3,5,2,1,0,1,0
2250,71,33,"Male",10,"2 - Somewhat Expected","3 - Yes, but would not be feel nice","1 - cautious",15,1,"1 - High","0 - None",2,2,3,1,1,0,0
2251,71,33,"Male",11,"1 - Completely Expected","4 - Certainly Not","1 - cautious",11,1,"1 - High","0 - None",2,1,4,1,1,0,0
2252,71,33,"Male",12,"4 - Somewhat Unexpected","2 - Yes, a bit inconvenient but manageable","1 - cautious",9,1,"0 - Low","1 - Present",3,4,2,1,0,1,0
2253,71,33,"Male",13,"2 - Somewhat Expected","4 - Certainly Not","1 - cautious",11,2,"0 - Low","0 - None",1,2,4,1,0,0,0
2254,71,33,"Male",14,"1 - Completely Expected","1 - Absolutely Yes","1 - cautious",16,1,"0 - Low","0 - None",1,1,1,1,0,0,0
2255,71,33,"Male",15,"5 - Very Unexpected","2 - Yes, a bit inconvenient but manageable","1 - cautious",12,2,"1 - High","1 - Present",4,5,2,1,1,1,1
2256,71,33,"Male",16,"2 - Somewhat Expected","1 - Absolutely Yes","1 - cautious",3,1,"0 - Low","0 - None",1,2,1,1,0,0,0
2257,71,33,"Male",17,"1 - Completely Expected","2 - Yes, a bit inconvenient but manageable","1 - cautious",2,1,"1 - High","0 - None",2,1,2,1,1,0,0
2258,71,33,"Male",18,"5 - Very Unexpected","1 - Absolutely Yes","1 - cautious",10,1,"0 - Low","1 - Present",3,5,1,1,0,1,0
2259,71,33,"Male",19,"5 - Very Unexpected","1 - Absolutely Yes","1 - cautious",3,2,"0 - Low","1 - Present",3,5,1,1,0,1,0
2260,71,33,"Male",20,"2 - Somewhat Expected","3 - Yes, but would not be feel nice","1 - cautious",15,2,"0 - Low","0 - None",1,2,3,1,0,0,0
2261,71,33,"Male",21,"5 - Very Unexpected","1 - Absolutely Yes","1 - cautious",16,2,"1 - High","1 - Present",4,5,1,1,1,1,1
2262,71,33,"Male",22,"5 - Very Unexpected","3 - Yes, but would not be feel nice","1 - cautious",5,2,"1 - High","1 - Present",4,5,3,1,1,1,1
2263,71,33,"Male",23,"5 - Very Unexpected","2 - Yes, a bit inconvenient but manageable","1 - cautious",7,2,"0 - Low","1 - Present",3,5,2,1,0,1,0
2264,71,33,"Male",24,"1 - Completely Expected","1 - Absolutely Yes","1 - cautious",9,2,"1 - High","0 - None",2,1,1,1,1,0,0
2265,71,33,"Male",25,"5 - Very Unexpected","4 - Certainly Not","1 - cautious",10,2,"1 - High","1 - Present",4,5,4,1,1,1,1
2266,71,33,"Male",26,"1 - Completely Expected","2 - Yes, a bit inconvenient but manageable","1 - cautious",14,2,"1 - High","0 - None",2,1,2,1,1,0,0
2267,71,33,"Male",27,"1 - Completely Expected","1 - Absolutely Yes","1 - cautious",6,1,"0 - Low","0 - None",1,1,1,1,0,0,0
2268,71,33,"Male",28,"5 - Very Unexpected","4 - Certainly Not","1 - cautious",6,2,"1 - High","1 - Present",4,5,4,1,1,1,1
2269,71,33,"Male",29,"5 - Very Unexpected","4 - Certainly Not","1 - cautious",8,2,"1 - High","1 - Present",4,5,4,1,1,1,1
2270,71,33,"Male",30,"1 - Completely Expected","2 - Yes, a bit inconvenient but manageable","1 - cautious",13,2,"1 - High","0 - None",2,1,2,1,1,0,0
2271,71,33,"Male",31,"5 - Very Unexpected","4 - Certainly Not","1 - cautious",1,2,"0 - Low","1 - Present",3,5,4,1,0,1,0
2272,71,33,"Male",32,"2 - Somewhat Expected","1 - Absolutely Yes","1 - cautious",2,2,"0 - Low","0 - None",1,2,1,1,0,0,0
2273,72,30,"Female",1,"4 - Somewhat Unexpected","2 - Yes, a bit inconvenient but manageable","1 - cautious",1,1,"0 - Low","1 - Present",3,4,2,1,0,1,0
2274,72,30,"Female",2,"4 - Somewhat Unexpected","4 - Certainly Not","1 - cautious",12,1,"0 - Low","0 - None",1,4,4,1,0,0,0
2275,72,30,"Female",3,"4 - Somewhat Unexpected","4 - Certainly Not","1 - cautious",3,1,"1 - High","0 - None",2,4,4,1,1,0,0
2276,72,30,"Female",4,"3 - Indifferent / Can't Decide","3 - Yes, but would not be feel nice","1 - cautious",6,1,"1 - High","1 - Present",4,3,3,1,1,1,1
2277,72,30,"Female",5,"4 - Somewhat Unexpected","3 - Yes, but would not be feel nice","1 - cautious",9,1,"0 - Low","0 - None",1,4,3,1,0,0,0
2278,72,30,"Female",6,"3 - Indifferent / Can't Decide","2 - Yes, a bit inconvenient but manageable","1 - cautious",14,1,"1 - High","0 - None",2,3,2,1,1,0,0
2279,72,30,"Female",7,"4 - Somewhat Unexpected","4 - Certainly Not","1 - cautious",15,1,"1 - High","1 - Present",4,4,4,1,1,1,1
2280,72,30,"Female",8,"3 - Indifferent / Can't Decide","3 - Yes, but would not be feel nice","1 - cautious",1,2,"0 - Low","0 - None",1,3,3,1,0,0,0
2281,72,30,"Female",9,"4 - Somewhat Unexpected","4 - Certainly Not","1 - cautious",6,2,"1 - High","0 - None",2,4,4,1,1,0,0
2282,72,30,"Female",10,"3 - Indifferent / Can't Decide","3 - Yes, but would not be feel nice","1 - cautious",7,1,"1 - High","1 - Present",4,3,3,1,1,1,1
2283,72,30,"Female",11,"3 - Indifferent / Can't Decide","3 - Yes, but would not be feel nice","1 - cautious",10,1,"0 - Low","1 - Present",3,3,3,1,0,1,0
2284,72,30,"Female",12,"3 - Indifferent / Can't Decide","3 - Yes, but would not be feel nice","1 - cautious",13,1,"0 - Low","1 - Present",3,3,3,1,0,1,0
2285,72,30,"Female",13,"4 - Somewhat Unexpected","4 - Certainly Not","1 - cautious",3,2,"0 - Low","1 - Present",3,4,4,1,0,1,0
2286,72,30,"Female",14,"4 - Somewhat Unexpected","2 - Yes, a bit inconvenient but manageable","1 - cautious",8,1,"1 - High","1 - Present",4,4,2,1,1,1,1
2287,72,30,"Female",15,"4 - Somewhat Unexpected","3 - Yes, but would not be feel nice","1 - cautious",16,1,"0 - Low","0 - None",1,4,3,1,0,0,0
2288,72,30,"Female",16,"3 - Indifferent / Can't Decide","2 - Yes, a bit inconvenient but manageable","1 - cautious",2,1,"1 - High","0 - None",2,3,2,1,1,0,0
2289,72,30,"Female",17,"4 - Somewhat Unexpected","3 - Yes, but would not be feel nice","1 - cautious",5,1,"1 - High","0 - None",2,4,3,1,1,0,0
2290,72,30,"Female",18,"3 - Indifferent / Can't Decide","3 - Yes, but would not be feel nice","1 - cautious",4,1,"1 - High","1 - Present",4,3,3,1,1,1,1
2291,72,30,"Female",19,"4 - Somewhat Unexpected","3 - Yes, but would not be feel nice","1 - cautious",16,2,"0 - Low","1 - Present",3,4,3,1,0,1,0
2292,72,30,"Female",20,"4 - Somewhat Unexpected","3 - Yes, but would not be feel nice","1 - cautious",9,2,"1 - High","1 - Present",4,4,3,1,1,1,1
2293,72,30,"Female",21,"4 - Somewhat Unexpected","3 - Yes, but would not be feel nice","1 - cautious",15,2,"1 - High","1 - Present",4,4,3,1,1,1,1
2294,72,30,"Female",22,"3 - Indifferent / Can't Decide","3 - Yes, but would not be feel nice","1 - cautious",11,1,"0 - Low","0 - None",1,3,3,1,0,0,0
2295,72,30,"Female",23,"4 - Somewhat Unexpected","3 - Yes, but would not be feel nice","1 - cautious",8,2,"1 - High","0 - None",2,4,3,1,1,0,0
2296,72,30,"Female",24,"3 - Indifferent / Can't Decide","2 - Yes, a bit inconvenient but manageable","1 - cautious",5,2,"1 - High","0 - None",2,3,2,1,1,0,0
2297,72,30,"Female",25,"4 - Somewhat Unexpected","3 - Yes, but would not be feel nice","1 - cautious",2,2,"1 - High","1 - Present",4,4,3,1,1,1,1
2298,72,30,"Female",26,"3 - Indifferent / Can't Decide","2 - Yes, a bit inconvenient but manageable","1 - cautious",7,2,"0 - Low","1 - Present",3,3,2,1,0,1,0
2299,72,30,"Female",27,"4 - Somewhat Unexpected","3 - Yes, but would not be feel nice","1 - cautious",14,2,"0 - Low","0 - None",1,4,3,1,0,0,0
2300,72,30,"Female",28,"2 - Somewhat Expected","3 - Yes, but would not be feel nice","1 - cautious",13,2,"0 - Low","0 - None",1,2,3,1,0,0,0
2301,72,30,"Female",29,"4 - Somewhat Unexpected","3 - Yes, but would not be feel nice","1 - cautious",10,2,"1 - High","0 - None",2,4,3,1,1,0,0
2302,72,30,"Female",30,"4 - Somewhat Unexpected","3 - Yes, but would not be feel nice","1 - cautious",12,2,"0 - Low","1 - Present",3,4,3,1,0,1,0
2303,72,30,"Female",31,"4 - Somewhat Unexpected","3 - Yes, but would not be feel nice","1 - cautious",4,2,"0 - Low","0 - None",1,4,3,1,0,0,0
2304,72,30,"Female",32,"4 - Somewhat Unexpected","3 - Yes, but would not be feel nice","1 - cautious",11,2,"0 - Low","1 - Present",3,4,3,1,0,1,0
2305,73,65,"Male",1,"2 - Somewhat Expected","1 - Absolutely Yes","0 - adventurous",13,1,"1 - High","0 - None",2,2,1,0,1,0,0
2306,73,65,"Male",2,"4 - Somewhat Unexpected","3 - Yes, but would not be feel nice","0 - adventurous",16,1,"1 - High","1 - Present",4,4,3,0,1,1,1
2307,73,65,"Male",3,"2 - Somewhat Expected","2 - Yes, a bit inconvenient but manageable","0 - adventurous",12,1,"1 - High","1 - Present",4,2,2,0,1,1,1
2308,73,65,"Male",4,"5 - Very Unexpected","3 - Yes, but would not be feel nice","0 - adventurous",6,1,"1 - High","1 - Present",4,5,3,0,1,1,1
2309,73,65,"Male",5,"1 - Completely Expected","3 - Yes, but would not be feel nice","0 - adventurous",11,1,"1 - High","0 - None",2,1,3,0,1,0,0
2310,73,65,"Male",6,"1 - Completely Expected","2 - Yes, a bit inconvenient but manageable","0 - adventurous",3,1,"0 - Low","0 - None",1,1,2,0,0,0,0
2311,73,65,"Male",7,"4 - Somewhat Unexpected","3 - Yes, but would not be feel nice","0 - adventurous",15,1,"0 - Low","1 - Present",3,4,3,0,0,1,0
2312,73,65,"Male",8,"1 - Completely Expected","1 - Absolutely Yes","0 - adventurous",8,1,"1 - High","0 - None",2,1,1,0,1,0,0
2313,73,65,"Male",9,"1 - Completely Expected","2 - Yes, a bit inconvenient but manageable","0 - adventurous",3,2,"1 - High","0 - None",2,1,2,0,1,0,0
2314,73,65,"Male",10,"4 - Somewhat Unexpected","1 - Absolutely Yes","0 - adventurous",5,1,"0 - Low","1 - Present",3,4,1,0,0,1,0
2315,73,65,"Male",11,"4 - Somewhat Unexpected","2 - Yes, a bit inconvenient but manageable","0 - adventurous",7,1,"0 - Low","1 - Present",3,4,2,0,0,1,0
2316,73,65,"Male",12,"1 - Completely Expected","1 - Absolutely Yes","0 - adventurous",4,1,"0 - Low","0 - None",1,1,1,0,0,0,0
2317,73,65,"Male",13,"5 - Very Unexpected","2 - Yes, a bit inconvenient but manageable","0 - adventurous",4,2,"1 - High","1 - Present",4,5,2,0,1,1,1
2318,73,65,"Male",14,"1 - Completely Expected","3 - Yes, but would not be feel nice","0 - adventurous",10,1,"0 - Low","0 - None",1,1,3,0,0,0,0
2319,73,65,"Male",15,"2 - Somewhat Expected","3 - Yes, but would not be feel nice","0 - adventurous",2,1,"1 - High","0 - None",2,2,3,0,1,0,0
2320,73,65,"Male",16,"4 - Somewhat Unexpected","2 - Yes, a bit inconvenient but manageable","0 - adventurous",9,1,"0 - Low","1 - Present",3,4,2,0,0,1,0
2321,73,65,"Male",17,"1 - Completely Expected","2 - Yes, a bit inconvenient but manageable","0 - adventurous",14,1,"0 - Low","0 - None",1,1,2,0,0,0,0
2322,73,65,"Male",18,"1 - Completely Expected","1 - Absolutely Yes","0 - adventurous",6,2,"0 - Low","0 - None",1,1,1,0,0,0,0
2323,73,65,"Male",19,"1 - Completely Expected","2 - Yes, a bit inconvenient but manageable","0 - adventurous",12,2,"1 - High","0 - None",2,1,2,0,1,0,0
2324,73,65,"Male",20,"5 - Very Unexpected","2 - Yes, a bit inconvenient but manageable","0 - adventurous",5,2,"1 - High","1 - Present",4,5,2,0,1,1,1
2325,73,65,"Male",21,"1 - Completely Expected","2 - Yes, a bit inconvenient but manageable","0 - adventurous",16,2,"0 - Low","0 - None",1,1,2,0,0,0,0
2326,73,65,"Male",22,"2 - Somewhat Expected","2 - Yes, a bit inconvenient but manageable","0 - adventurous",11,2,"0 - Low","0 - None",1,2,2,0,0,0,0
2327,73,65,"Male",23,"1 - Completely Expected","2 - Yes, a bit inconvenient but manageable","0 - adventurous",7,2,"1 - High","0 - None",2,1,2,0,1,0,0
2328,73,65,"Male",24,"4 - Somewhat Unexpected","2 - Yes, a bit inconvenient but manageable","0 - adventurous",1,1,"0 - Low","1 - Present",3,4,2,0,0,1,0
2329,73,65,"Male",25,"1 - Completely Expected","1 - Absolutely Yes","0 - adventurous",1,2,"1 - High","0 - None",2,1,1,0,1,0,0
2330,73,65,"Male",26,"2 - Somewhat Expected","2 - Yes, a bit inconvenient but manageable","0 - adventurous",8,2,"0 - Low","0 - None",1,2,2,0,0,0,0
2331,73,65,"Male",27,"4 - Somewhat Unexpected","1 - Absolutely Yes","0 - adventurous",13,2,"0 - Low","1 - Present",3,4,1,0,0,1,0
2332,73,65,"Male",28,"5 - Very Unexpected","2 - Yes, a bit inconvenient but manageable","0 - adventurous",2,2,"0 - Low","1 - Present",3,5,2,0,0,1,0
2333,73,65,"Male",29,"4 - Somewhat Unexpected","2 - Yes, a bit inconvenient but manageable","0 - adventurous",10,2,"0 - Low","1 - Present",3,4,2,0,0,1,0
2334,73,65,"Male",30,"4 - Somewhat Unexpected","2 - Yes, a bit inconvenient but manageable","0 - adventurous",9,2,"1 - High","1 - Present",4,4,2,0,1,1,1
2335,73,65,"Male",31,"4 - Somewhat Unexpected","3 - Yes, but would not be feel nice","0 - adventurous",15,2,"1 - High","1 - Present",4,4,3,0,1,1,1
2336,73,65,"Male",32,"4 - Somewhat Unexpected","2 - Yes, a bit inconvenient but manageable","0 - adventurous",14,2,"1 - High","1 - Present",4,4,2,0,1,1,1
2337,74,68,"Female",1,"5 - Very Unexpected","1 - Absolutely Yes","0 - adventurous",12,1,"0 - Low","1 - Present",3,5,1,0,0,1,0
2338,74,68,"Female",2,"1 - Completely Expected","1 - Absolutely Yes","0 - adventurous",7,1,"1 - High","0 - None",2,1,1,0,1,0,0
2339,74,68,"Female",3,"1 - Completely Expected","1 - Absolutely Yes","0 - adventurous",9,1,"0 - Low","0 - None",1,1,1,0,0,0,0
2340,74,68,"Female",4,"5 - Very Unexpected","2 - Yes, a bit inconvenient but manageable","0 - adventurous",6,1,"0 - Low","1 - Present",3,5,2,0,0,1,0
2341,74,68,"Female",5,"1 - Completely Expected","1 - Absolutely Yes","0 - adventurous",9,2,"1 - High","0 - None",2,1,1,0,1,0,0
2342,74,68,"Female",6,"5 - Very Unexpected","1 - Absolutely Yes","0 - adventurous",10,1,"0 - Low","1 - Present",3,5,1,0,0,1,0
2343,74,68,"Female",7,"1 - Completely Expected","1 - Absolutely Yes","0 - adventurous",3,1,"0 - Low","0 - None",1,1,1,0,0,0,0
2344,74,68,"Female",8,"5 - Very Unexpected","1 - Absolutely Yes","0 - adventurous",16,1,"1 - High","1 - Present",4,5,1,0,1,1,1
2345,74,68,"Female",9,"5 - Very Unexpected","1 - Absolutely Yes","0 - adventurous",5,1,"1 - High","1 - Present",4,5,1,0,1,1,1
2346,74,68,"Female",10,"5 - Very Unexpected","1 - Absolutely Yes","0 - adventurous",11,1,"0 - Low","1 - Present",3,5,1,0,0,1,0
2347,74,68,"Female",11,"5 - Very Unexpected","2 - Yes, a bit inconvenient but manageable","0 - adventurous",10,2,"1 - High","1 - Present",4,5,2,0,1,1,1
2348,74,68,"Female",12,"3 - Indifferent / Can't Decide","1 - Absolutely Yes","0 - adventurous",8,1,"0 - Low","1 - Present",3,3,1,0,0,1,0
2349,74,68,"Female",13,"1 - Completely Expected","1 - Absolutely Yes","0 - adventurous",1,1,"1 - High","0 - None",2,1,1,0,1,0,0
2350,74,68,"Female",14,"5 - Very Unexpected","1 - Absolutely Yes","0 - adventurous",16,2,"1 - High","1 - Present",4,5,1,0,1,1,1
2351,74,68,"Female",15,"1 - Completely Expected","1 - Absolutely Yes","0 - adventurous",4,1,"1 - High","0 - None",2,1,1,0,1,0,0
2352,74,68,"Female",16,"5 - Very Unexpected","1 - Absolutely Yes","0 - adventurous",12,2,"1 - High","1 - Present",4,5,1,0,1,1,1
2353,74,68,"Female",17,"1 - Completely Expected","3 - Yes, but would not be feel nice","0 - adventurous",15,1,"0 - Low","0 - None",1,1,3,0,0,0,0
2354,74,68,"Female",18,"1 - Completely Expected","1 - Absolutely Yes","0 - adventurous",7,2,"0 - Low","0 - None",1,1,1,0,0,0,0
2355,74,68,"Female",19,"5 - Very Unexpected","1 - Absolutely Yes","0 - adventurous",5,2,"0 - Low","1 - Present",3,5,1,0,0,1,0
2356,74,68,"Female",20,"1 - Completely Expected","2 - Yes, a bit inconvenient but manageable","0 - adventurous",11,2,"1 - High","0 - None",2,1,2,0,1,0,0
2357,74,68,"Female",21,"5 - Very Unexpected","1 - Absolutely Yes","0 - adventurous",13,1,"1 - High","1 - Present",4,5,1,0,1,1,1
2358,74,68,"Female",22,"5 - Very Unexpected","2 - Yes, a bit inconvenient but manageable","0 - adventurous",3,2,"1 - High","1 - Present",4,5,2,0,1,1,1
2359,74,68,"Female",23,"1 - Completely Expected","1 - Absolutely Yes","0 - adventurous",4,2,"1 - High","0 - None",2,1,1,0,1,0,0
2360,74,68,"Female",24,"5 - Very Unexpected","2 - Yes, a bit inconvenient but manageable","0 - adventurous",2,1,"0 - Low","1 - Present",3,5,2,0,0,1,0
2361,74,68,"Female",25,"1 - Completely Expected","3 - Yes, but would not be feel nice","0 - adventurous",15,2,"0 - Low","0 - None",1,1,3,0,0,0,0
2362,74,68,"Female",26,"5 - Very Unexpected","2 - Yes, a bit inconvenient but manageable","0 - adventurous",1,2,"0 - Low","1 - Present",3,5,2,0,0,1,0
2363,74,68,"Female",27,"1 - Completely Expected","1 - Absolutely Yes","0 - adventurous",13,2,"0 - Low","0 - None",1,1,1,0,0,0,0
2364,74,68,"Female",28,"1 - Completely Expected","1 - Absolutely Yes","0 - adventurous",2,2,"0 - Low","0 - None",1,1,1,0,0,0,0
2365,74,68,"Female",29,"1 - Completely Expected","1 - Absolutely Yes","0 - adventurous",14,1,"1 - High","1 - Present",4,1,1,0,1,1,1
2366,74,68,"Female",30,"1 - Completely Expected","1 - Absolutely Yes","0 - adventurous",8,2,"1 - High","0 - None",2,1,1,0,1,0,0
2367,74,68,"Female",31,"1 - Completely Expected","2 - Yes, a bit inconvenient but manageable","0 - adventurous",14,2,"1 - High","0 - None",2,1,2,0,1,0,0
2368,74,68,"Female",32,"1 - Completely Expected","1 - Absolutely Yes","0 - adventurous",6,2,"0 - Low","0 - None",1,1,1,0,0,0,0
2369,75,25,"Male",1,"1 - Completely Expected","1 - Absolutely Yes","1 - cautious",12,1,"0 - Low","0 - None",1,1,1,1,0,0,0
2370,75,25,"Male",2,"1 - Completely Expected","1 - Absolutely Yes","1 - cautious",6,1,"0 - Low","0 - None",1,1,1,1,0,0,0
2371,75,25,"Male",3,"1 - Completely Expected","1 - Absolutely Yes","1 - cautious",3,1,"0 - Low","0 - None",1,1,1,1,0,0,0
2372,75,25,"Male",4,"4 - Somewhat Unexpected","2 - Yes, a bit inconvenient but manageable","1 - cautious",8,1,"0 - Low","1 - Present",3,4,2,1,0,1,0
2373,75,25,"Male",5,"4 - Somewhat Unexpected","2 - Yes, a bit inconvenient but manageable","1 - cautious",9,1,"0 - Low","1 - Present",3,4,2,1,0,1,0
2374,75,25,"Male",6,"2 - Somewhat Expected","1 - Absolutely Yes","1 - cautious",5,1,"1 - High","0 - None",2,2,1,1,1,0,0
2375,75,25,"Male",7,"5 - Very Unexpected","2 - Yes, a bit inconvenient but manageable","1 - cautious",7,1,"1 - High","1 - Present",4,5,2,1,1,1,1
2376,75,25,"Male",8,"5 - Very Unexpected","4 - Certainly Not","1 - cautious",12,2,"1 - High","1 - Present",4,5,4,1,1,1,1
2377,75,25,"Male",9,"5 - Very Unexpected","4 - Certainly Not","1 - cautious",10,1,"0 - Low","1 - Present",3,5,4,1,0,1,0
2378,75,25,"Male",10,"5 - Very Unexpected","3 - Yes, but would not be feel nice","1 - cautious",6,2,"0 - Low","1 - Present",3,5,3,1,0,1,0
2379,75,25,"Male",11,"3 - Indifferent / Can't Decide","2 - Yes, a bit inconvenient but manageable","1 - cautious",1,1,"1 - High","0 - None",2,3,2,1,1,0,0
2380,75,25,"Male",12,"2 - Somewhat Expected","1 - Absolutely Yes","1 - cautious",13,1,"1 - High","0 - None",2,2,1,1,1,0,0
2381,75,25,"Male",13,"5 - Very Unexpected","2 - Yes, a bit inconvenient but manageable","1 - cautious",5,2,"1 - High","1 - Present",4,5,2,1,1,1,1
2382,75,25,"Male",14,"4 - Somewhat Unexpected","3 - Yes, but would not be feel nice","1 - cautious",11,1,"1 - High","0 - None",2,4,3,1,1,0,0
2383,75,25,"Male",15,"2 - Somewhat Expected","2 - Yes, a bit inconvenient but manageable","1 - cautious",2,1,"1 - High","0 - None",2,2,2,1,1,0,0
2384,75,25,"Male",16,"5 - Very Unexpected","4 - Certainly Not","1 - cautious",4,1,"0 - Low","1 - Present",3,5,4,1,0,1,0
2385,75,25,"Male",17,"2 - Somewhat Expected","2 - Yes, a bit inconvenient but manageable","1 - cautious",2,2,"1 - High","0 - None",2,2,2,1,1,0,0
2386,75,25,"Male",18,"5 - Very Unexpected","4 - Certainly Not","1 - cautious",1,2,"1 - High","1 - Present",4,5,4,1,1,1,1
2387,75,25,"Male",19,"4 - Somewhat Unexpected","4 - Certainly Not","1 - cautious",16,1,"1 - High","1 - Present",4,4,4,1,1,1,1
2388,75,25,"Male",20,"1 - Completely Expected","1 - Absolutely Yes","1 - cautious",9,2,"0 - Low","0 - None",1,1,1,1,0,0,0
2389,75,25,"Male",21,"1 - Completely Expected","1 - Absolutely Yes","1 - cautious",4,2,"1 - High","0 - None",2,1,1,1,1,0,0
2390,75,25,"Male",22,"4 - Somewhat Unexpected","2 - Yes, a bit inconvenient but manageable","1 - cautious",14,1,"0 - Low","1 - Present",3,4,2,1,0,1,0
2391,75,25,"Male",23,"2 - Somewhat Expected","4 - Certainly Not","1 - cautious",15,1,"0 - Low","0 - None",1,2,4,1,0,0,0
2392,75,25,"Male",24,"4 - Somewhat Unexpected","4 - Certainly Not","1 - cautious",13,2,"1 - High","1 - Present",4,4,4,1,1,1,1
2393,75,25,"Male",25,"4 - Somewhat Unexpected","4 - Certainly Not","1 - cautious",16,2,"1 - High","1 - Present",4,4,4,1,1,1,1
2394,75,25,"Male",26,"2 - Somewhat Expected","2 - Yes, a bit inconvenient but manageable","1 - cautious",10,2,"1 - High","0 - None",2,2,2,1,1,0,0
2395,75,25,"Male",27,"1 - Completely Expected","1 - Absolutely Yes","1 - cautious",3,2,"0 - Low","0 - None",1,1,1,1,0,0,0
2396,75,25,"Male",28,"4 - Somewhat Unexpected","2 - Yes, a bit inconvenient but manageable","1 - cautious",14,2,"0 - Low","1 - Present",3,4,2,1,0,1,0
2397,75,25,"Male",29,"2 - Somewhat Expected","1 - Absolutely Yes","1 - cautious",8,2,"0 - Low","0 - None",1,2,1,1,0,0,0
2398,75,25,"Male",30,"2 - Somewhat Expected","4 - Certainly Not","1 - cautious",15,2,"0 - Low","0 - None",1,2,4,1,0,0,0
2399,75,25,"Male",31,"5 - Very Unexpected","4 - Certainly Not","1 - cautious",11,2,"0 - Low","1 - Present",3,5,4,1,0,1,0
2400,75,25,"Male",32,"5 - Very Unexpected","4 - Certainly Not","1 - cautious",7,2,"1 - High","1 - Present",4,5,4,1,1,1,1
2401,76,32,"Female",1,"2 - Somewhat Expected","1 - Absolutely Yes","0 - adventurous",6,1,"0 - Low","0 - None",1,2,1,0,0,0,0
2402,76,32,"Female",2,"4 - Somewhat Unexpected","3 - Yes, but would not be feel nice","0 - adventurous",13,1,"0 - Low","1 - Present",3,4,3,0,0,1,0
2403,76,32,"Female",3,"5 - Very Unexpected","3 - Yes, but would not be feel nice","0 - adventurous",7,1,"1 - High","1 - Present",4,5,3,0,1,1,1
2404,76,32,"Female",4,"5 - Very Unexpected","4 - Certainly Not","0 - adventurous",8,1,"0 - Low","1 - Present",3,5,4,0,0,1,0
2405,76,32,"Female",5,"1 - Completely Expected","1 - Absolutely Yes","0 - adventurous",2,1,"0 - Low","0 - None",1,1,1,0,0,0,0
2406,76,32,"Female",6,"1 - Completely Expected","1 - Absolutely Yes","0 - adventurous",1,1,"1 - High","0 - None",2,1,1,0,1,0,0
2407,76,32,"Female",7,"5 - Very Unexpected","4 - Certainly Not","0 - adventurous",14,1,"0 - Low","1 - Present",3,5,4,0,0,1,0
2408,76,32,"Female",8,"5 - Very Unexpected","4 - Certainly Not","0 - adventurous",11,1,"0 - Low","1 - Present",3,5,4,0,0,1,0
2409,76,32,"Female",9,"4 - Somewhat Unexpected","3 - Yes, but would not be feel nice","0 - adventurous",16,1,"0 - Low","1 - Present",3,4,3,0,0,1,0
2410,76,32,"Female",10,"1 - Completely Expected","1 - Absolutely Yes","0 - adventurous",4,1,"0 - Low","0 - None",1,1,1,0,0,0,0
2411,76,32,"Female",11,"5 - Very Unexpected","4 - Certainly Not","0 - adventurous",14,2,"1 - High","1 - Present",4,5,4,0,1,1,1
2412,76,32,"Female",12,"1 - Completely Expected","1 - Absolutely Yes","0 - adventurous",1,2,"1 - High","0 - None",2,1,1,0,1,0,0
2413,76,32,"Female",13,"5 - Very Unexpected","4 - Certainly Not","0 - adventurous",12,1,"1 - High","1 - Present",4,5,4,0,1,1,1
2414,76,32,"Female",14,"4 - Somewhat Unexpected","3 - Yes, but would not be feel nice","0 - adventurous",13,2,"0 - Low","1 - Present",3,4,3,0,0,1,0
2415,76,32,"Female",15,"1 - Completely Expected","1 - Absolutely Yes","0 - adventurous",11,2,"0 - Low","0 - None",1,1,1,0,0,0,0
2416,76,32,"Female",16,"4 - Somewhat Unexpected","2 - Yes, a bit inconvenient but manageable","0 - adventurous",8,2,"1 - High","1 - Present",4,4,2,0,1,1,1
2417,76,32,"Female",17,"1 - Completely Expected","2 - Yes, a bit inconvenient but manageable","0 - adventurous",7,2,"0 - Low","0 - None",1,1,2,0,0,0,0
2418,76,32,"Female",18,"1 - Completely Expected","2 - Yes, a bit inconvenient but manageable","0 - adventurous",2,2,"1 - High","0 - None",2,1,2,0,1,0,0
2419,76,32,"Female",19,"1 - Completely Expected","1 - Absolutely Yes","0 - adventurous",3,1,"1 - High","0 - None",2,1,1,0,1,0,0
2420,76,32,"Female",20,"1 - Completely Expected","1 - Absolutely Yes","0 - adventurous",5,1,"1 - High","0 - None",2,1,1,0,1,0,0
2421,76,32,"Female",21,"1 - Completely Expected","1 - Absolutely Yes","0 - adventurous",3,2,"1 - High","0 - None",2,1,1,0,1,0,0
2422,76,32,"Female",22,"5 - Very Unexpected","4 - Certainly Not","0 - adventurous",5,2,"1 - High","1 - Present",4,5,4,0,1,1,1
2423,76,32,"Female",23,"5 - Very Unexpected","4 - Certainly Not","0 - adventurous",15,1,"1 - High","1 - Present",4,5,4,0,1,1,1
2424,76,32,"Female",24,"1 - Completely Expected","1 - Absolutely Yes","0 - adventurous",9,1,"0 - Low","0 - None",1,1,1,0,0,0,0
2425,76,32,"Female",25,"5 - Very Unexpected","4 - Certainly Not","0 - adventurous",12,2,"0 - Low","1 - Present",3,5,4,0,0,1,0
2426,76,32,"Female",26,"5 - Very Unexpected","4 - Certainly Not","0 - adventurous",10,1,"1 - High","1 - Present",4,5,4,0,1,1,1
2427,76,32,"Female",27,"5 - Very Unexpected","4 - Certainly Not","0 - adventurous",10,2,"0 - Low","1 - Present",3,5,4,0,0,1,0
2428,76,32,"Female",28,"1 - Completely Expected","1 - Absolutely Yes","0 - adventurous",4,2,"0 - Low","0 - None",1,1,1,0,0,0,0
2429,76,32,"Female",29,"1 - Completely Expected","1 - Absolutely Yes","0 - adventurous",16,2,"1 - High","0 - None",2,1,1,0,1,0,0
2430,76,32,"Female",30,"1 - Completely Expected","1 - Absolutely Yes","0 - adventurous",6,2,"1 - High","0 - None",2,1,1,0,1,0,0
2431,76,32,"Female",31,"2 - Somewhat Expected","1 - Absolutely Yes","0 - adventurous",9,2,"1 - High","1 - Present",4,2,1,0,1,1,1
2432,76,32,"Female",32,"2 - Somewhat Expected","1 - Absolutely Yes","0 - adventurous",15,2,"0 - Low","0 - None",1,2,1,0,0,0,0
2433,77,29,"Male",1,"2 - Somewhat Expected","4 - Certainly Not","1 - cautious",15,1,"1 - High","1 - Present",4,2,4,1,1,1,1
2434,77,29,"Male",2,"1 - Completely Expected","1 - Absolutely Yes","1 - cautious",4,1,"1 - High","0 - None",2,1,1,1,1,0,0
2435,77,29,"Male",3,"1 - Completely Expected","1 - Absolutely Yes","1 - cautious",14,1,"1 - High","0 - None",2,1,1,1,1,0,0
2436,77,29,"Male",4,"1 - Completely Expected","3 - Yes, but would not be feel nice","1 - cautious",16,1,"0 - Low","0 - None",1,1,3,1,0,0,0
2437,77,29,"Male",5,"2 - Somewhat Expected","4 - Certainly Not","1 - cautious",15,2,"1 - High","1 - Present",4,2,4,1,1,1,1
2438,77,29,"Male",6,"5 - Very Unexpected","3 - Yes, but would not be feel nice","1 - cautious",10,1,"0 - Low","1 - Present",3,5,3,1,0,1,0
2439,77,29,"Male",7,"5 - Very Unexpected","3 - Yes, but would not be feel nice","1 - cautious",12,1,"1 - High","1 - Present",4,5,3,1,1,1,1
2440,77,29,"Male",8,"1 - Completely Expected","1 - Absolutely Yes","1 - cautious",7,1,"1 - High","0 - None",2,1,1,1,1,0,0
2441,77,29,"Male",9,"1 - Completely Expected","3 - Yes, but would not be feel nice","1 - cautious",3,1,"0 - Low","0 - None",1,1,3,1,0,0,0
2442,77,29,"Male",10,"1 - Completely Expected","2 - Yes, a bit inconvenient but manageable","1 - cautious",5,1,"0 - Low","0 - None",1,1,2,1,0,0,0
2443,77,29,"Male",11,"5 - Very Unexpected","3 - Yes, but would not be feel nice","1 - cautious",3,2,"0 - Low","1 - Present",3,5,3,1,0,1,0
2444,77,29,"Male",12,"5 - Very Unexpected","4 - Certainly Not","1 - cautious",9,1,"0 - Low","1 - Present",3,5,4,1,0,1,0
2445,77,29,"Male",13,"5 - Very Unexpected","4 - Certainly Not","1 - cautious",8,1,"0 - Low","1 - Present",3,5,4,1,0,1,0
2446,77,29,"Male",14,"5 - Very Unexpected","3 - Yes, but would not be feel nice","1 - cautious",5,2,"1 - High","1 - Present",4,5,3,1,1,1,1
2447,77,29,"Male",15,"1 - Completely Expected","3 - Yes, but would not be feel nice","1 - cautious",10,2,"1 - High","0 - None",2,1,3,1,1,0,0
2448,77,29,"Male",16,"5 - Very Unexpected","3 - Yes, but would not be feel nice","1 - cautious",11,1,"0 - Low","1 - Present",3,5,3,1,0,1,0
2449,77,29,"Male",17,"5 - Very Unexpected","4 - Certainly Not","1 - cautious",12,2,"0 - Low","1 - Present",3,5,4,1,0,1,0
2450,77,29,"Male",18,"1 - Completely Expected","1 - Absolutely Yes","1 - cautious",2,1,"0 - Low","0 - None",1,1,1,1,0,0,0
2451,77,29,"Male",19,"5 - Very Unexpected","3 - Yes, but would not be feel nice","1 - cautious",16,2,"0 - Low","1 - Present",3,5,3,1,0,1,0
2452,77,29,"Male",20,"5 - Very Unexpected","4 - Certainly Not","1 - cautious",9,2,"1 - High","1 - Present",4,5,4,1,1,1,1
2453,77,29,"Male",21,"5 - Very Unexpected","4 - Certainly Not","1 - cautious",6,1,"1 - High","1 - Present",4,5,4,1,1,1,1
2454,77,29,"Male",22,"5 - Very Unexpected","4 - Certainly Not","1 - cautious",6,2,"1 - High","1 - Present",4,5,4,1,1,1,1
2455,77,29,"Male",23,"1 - Completely Expected","3 - Yes, but would not be feel nice","1 - cautious",2,2,"1 - High","0 - None",2,1,3,1,1,0,0
2456,77,29,"Male",24,"1 - Completely Expected","2 - Yes, a bit inconvenient but manageable","1 - cautious",11,2,"0 - Low","0 - None",1,1,2,1,0,0,0
2457,77,29,"Male",25,"1 - Completely Expected","1 - Absolutely Yes","1 - cautious",7,2,"1 - High","0 - None",2,1,1,1,1,0,0
2458,77,29,"Male",26,"4 - Somewhat Unexpected","3 - Yes, but would not be feel nice","1 - cautious",8,2,"1 - High","1 - Present",4,4,3,1,1,1,1
2459,77,29,"Male",27,"1 - Completely Expected","2 - Yes, a bit inconvenient but manageable","1 - cautious",14,2,"1 - High","0 - None",2,1,2,1,1,0,0
2460,77,29,"Male",28,"1 - Completely Expected","3 - Yes, but would not be feel nice","1 - cautious",13,1,"0 - Low","0 - None",1,1,3,1,0,0,0
2461,77,29,"Male",29,"5 - Very Unexpected","4 - Certainly Not","1 - cautious",1,1,"0 - Low","1 - Present",3,5,4,1,0,1,0
2462,77,29,"Male",30,"1 - Completely Expected","1 - Absolutely Yes","1 - cautious",4,2,"0 - Low","0 - None",1,1,1,1,0,0,0
2463,77,29,"Male",31,"1 - Completely Expected","1 - Absolutely Yes","1 - cautious",1,2,"0 - Low","0 - None",1,1,1,1,0,0,0
2464,77,29,"Male",32,"1 - Completely Expected","3 - Yes, but would not be feel nice","1 - cautious",13,2,"1 - High","0 - None",2,1,3,1,1,0,0
2465,78,64,"Male",1,"2 - Somewhat Expected","1 - Absolutely Yes","1 - cautious",11,1,"0 - Low","0 - None",1,2,1,1,0,0,0
2466,78,64,"Male",2,"4 - Somewhat Unexpected","1 - Absolutely Yes","1 - cautious",7,1,"1 - High","1 - Present",4,4,1,1,1,1,1
2467,78,64,"Male",3,"4 - Somewhat Unexpected","2 - Yes, a bit inconvenient but manageable","1 - cautious",7,2,"0 - Low","1 - Present",3,4,2,1,0,1,0
2468,78,64,"Male",4,"2 - Somewhat Expected","4 - Certainly Not","1 - cautious",11,2,"1 - High","0 - None",2,2,4,1,1,0,0
2469,78,64,"Male",5,"4 - Somewhat Unexpected","4 - Certainly Not","1 - cautious",15,1,"1 - High","1 - Present",4,4,4,1,1,1,1
2470,78,64,"Male",6,"4 - Somewhat Unexpected","3 - Yes, but would not be feel nice","1 - cautious",14,1,"0 - Low","1 - Present",3,4,3,1,0,1,0
2471,78,64,"Male",7,"1 - Completely Expected","1 - Absolutely Yes","1 - cautious",4,1,"1 - High","0 - None",2,1,1,1,1,0,0
2472,78,64,"Male",8,"1 - Completely Expected","1 - Absolutely Yes","1 - cautious",3,1,"1 - High","0 - None",2,1,1,1,1,0,0
2473,78,64,"Male",9,"4 - Somewhat Unexpected","2 - Yes, a bit inconvenient but manageable","1 - cautious",5,1,"1 - High","1 - Present",4,4,2,1,1,1,1
2474,78,64,"Male",10,"1 - Completely Expected","1 - Absolutely Yes","1 - cautious",13,1,"0 - Low","0 - None",1,1,1,1,0,0,0
2475,78,64,"Male",11,"1 - Completely Expected","1 - Absolutely Yes","1 - cautious",16,1,"0 - Low","0 - None",1,1,1,1,0,0,0
2476,78,64,"Male",12,"1 - Completely Expected","1 - Absolutely Yes","1 - cautious",15,2,"1 - High","0 - None",2,1,1,1,1,0,0
2477,78,64,"Male",13,"5 - Very Unexpected","4 - Certainly Not","1 - cautious",14,2,"1 - High","1 - Present",4,5,4,1,1,1,1
2478,78,64,"Male",14,"5 - Very Unexpected","3 - Yes, but would not be feel nice","1 - cautious",2,1,"0 - Low","1 - Present",3,5,3,1,0,1,0
2479,78,64,"Male",15,"4 - Somewhat Unexpected","2 - Yes, a bit inconvenient but manageable","1 - cautious",10,1,"1 - High","1 - Present",4,4,2,1,1,1,1
2480,78,64,"Male",16,"4 - Somewhat Unexpected","2 - Yes, a bit inconvenient but manageable","1 - cautious",9,1,"1 - High","1 - Present",4,4,2,1,1,1,1
2481,78,64,"Male",17,"4 - Somewhat Unexpected","2 - Yes, a bit inconvenient but manageable","1 - cautious",8,1,"0 - Low","1 - Present",3,4,2,1,0,1,0
2482,78,64,"Male",18,"4 - Somewhat Unexpected","1 - Absolutely Yes","1 - cautious",12,1,"0 - Low","1 - Present",3,4,1,1,0,1,0
2483,78,64,"Male",19,"1 - Completely Expected","1 - Absolutely Yes","1 - cautious",1,1,"0 - Low","0 - None",1,1,1,1,0,0,0
2484,78,64,"Male",20,"1 - Completely Expected","1 - Absolutely Yes","1 - cautious",6,1,"0 - Low","0 - None",1,1,1,1,0,0,0
2485,78,64,"Male",21,"1 - Completely Expected","1 - Absolutely Yes","1 - cautious",1,2,"0 - Low","0 - None",1,1,1,1,0,0,0
2486,78,64,"Male",22,"1 - Completely Expected","1 - Absolutely Yes","1 - cautious",4,2,"1 - High","0 - None",2,1,1,1,1,0,0
2487,78,64,"Male",23,"4 - Somewhat Unexpected","1 - Absolutely Yes","1 - cautious",16,2,"1 - High","1 - Present",4,4,1,1,1,1,1
2488,78,64,"Male",24,"1 - Completely Expected","1 - Absolutely Yes","1 - cautious",13,2,"1 - High","0 - None",2,1,1,1,1,0,0
2489,78,64,"Male",25,"1 - Completely Expected","1 - Absolutely Yes","1 - cautious",6,2,"1 - High","0 - None",2,1,1,1,1,0,0
2490,78,64,"Male",26,"1 - Completely Expected","1 - Absolutely Yes","1 - cautious",12,2,"0 - Low","0 - None",1,1,1,1,0,0,0
2491,78,64,"Male",27,"1 - Completely Expected","1 - Absolutely Yes","1 - cautious",2,2,"1 - High","0 - None",2,1,1,1,1,0,0
2492,78,64,"Male",28,"4 - Somewhat Unexpected","2 - Yes, a bit inconvenient but manageable","1 - cautious",3,2,"0 - Low","1 - Present",3,4,2,1,0,1,0
2493,78,64,"Male",29,"4 - Somewhat Unexpected","2 - Yes, a bit inconvenient but manageable","1 - cautious",9,2,"1 - High","1 - Present",4,4,2,1,1,1,1
2494,78,64,"Male",30,"1 - Completely Expected","1 - Absolutely Yes","1 - cautious",8,2,"0 - Low","0 - None",1,1,1,1,0,0,0
2495,78,64,"Male",31,"4 - Somewhat Unexpected","1 - Absolutely Yes","1 - cautious",10,2,"0 - Low","1 - Present",3,4,1,1,0,1,0
2496,78,64,"Male",32,"4 - Somewhat Unexpected","1 - Absolutely Yes","1 - cautious",5,2,"0 - Low","1 - Present",3,4,1,1,0,1,0
2497,79,58,"Female",1,"4 - Somewhat Unexpected","1 - Absolutely Yes","0 - adventurous",15,1,"1 - High","1 - Present",4,4,1,0,1,1,1
2498,79,58,"Female",2,"1 - Completely Expected","1 - Absolutely Yes","0 - adventurous",2,1,"0 - Low","0 - None",1,1,1,0,0,0,0
2499,79,58,"Female",3,"1 - Completely Expected","1 - Absolutely Yes","0 - adventurous",13,1,"0 - Low","0 - None",1,1,1,0,0,0,0
2500,79,58,"Female",4,"5 - Very Unexpected","2 - Yes, a bit inconvenient but manageable","0 - adventurous",5,1,"0 - Low","1 - Present",3,5,2,0,0,1,0
2501,79,58,"Female",5,"1 - Completely Expected","1 - Absolutely Yes","0 - adventurous",16,1,"1 - High","0 - None",2,1,1,0,1,0,0
2502,79,58,"Female",6,"5 - Very Unexpected","3 - Yes, but would not be feel nice","0 - adventurous",4,1,"1 - High","1 - Present",4,5,3,0,1,1,1
2503,79,58,"Female",7,"5 - Very Unexpected","2 - Yes, a bit inconvenient but manageable","0 - adventurous",13,2,"0 - Low","1 - Present",3,5,2,0,0,1,0
2504,79,58,"Female",8,"1 - Completely Expected","1 - Absolutely Yes","0 - adventurous",6,1,"1 - High","0 - None",2,1,1,0,1,0,0
2505,79,58,"Female",9,"2 - Somewhat Expected","1 - Absolutely Yes","0 - adventurous",11,1,"1 - High","0 - None",2,2,1,0,1,0,0
2506,79,58,"Female",10,"5 - Very Unexpected","2 - Yes, a bit inconvenient but manageable","0 - adventurous",5,2,"1 - High","1 - Present",4,5,2,0,1,1,1
2507,79,58,"Female",11,"5 - Very Unexpected","1 - Absolutely Yes","0 - adventurous",3,1,"0 - Low","1 - Present",3,5,1,0,0,1,0
2508,79,58,"Female",12,"1 - Completely Expected","3 - Yes, but would not be feel nice","0 - adventurous",7,1,"0 - Low","0 - None",1,1,3,0,0,0,0
2509,79,58,"Female",13,"2 - Somewhat Expected","1 - Absolutely Yes","0 - adventurous",1,1,"0 - Low","0 - None",1,2,1,0,0,0,0
2510,79,58,"Female",14,"1 - Completely Expected","3 - Yes, but would not be feel nice","0 - adventurous",8,1,"1 - High","0 - None",2,1,3,0,1,0,0
2511,79,58,"Female",15,"1 - Completely Expected","1 - Absolutely Yes","0 - adventurous",9,1,"0 - Low","0 - None",1,1,1,0,0,0,0
2512,79,58,"Female",16,"5 - Very Unexpected","4 - Certainly Not","0 - adventurous",14,1,"0 - Low","1 - Present",3,5,4,0,0,1,0
2513,79,58,"Female",17,"1 - Completely Expected","1 - Absolutely Yes","0 - adventurous",15,2,"1 - High","0 - None",2,1,1,0,1,0,0
2514,79,58,"Female",18,"5 - Very Unexpected","2 - Yes, a bit inconvenient but manageable","0 - adventurous",12,1,"1 - High","1 - Present",4,5,2,0,1,1,1
2515,79,58,"Female",19,"5 - Very Unexpected","1 - Absolutely Yes","0 - adventurous",3,2,"0 - Low","1 - Present",3,5,1,0,0,1,0
2516,79,58,"Female",20,"4 - Somewhat Unexpected","1 - Absolutely Yes","0 - adventurous",9,2,"1 - High","1 - Present",4,4,1,0,1,1,1
2517,79,58,"Female",21,"2 - Somewhat Expected","1 - Absolutely Yes","0 - adventurous",1,2,"1 - High","0 - None",2,2,1,0,1,0,0
2518,79,58,"Female",22,"1 - Completely Expected","4 - Certainly Not","0 - adventurous",7,2,"0 - Low","0 - None",1,1,4,0,0,0,0
2519,79,58,"Female",23,"2 - Somewhat Expected","1 - Absolutely Yes","0 - adventurous",11,2,"0 - Low","0 - None",1,2,1,0,0,0,0
2520,79,58,"Female",24,"5 - Very Unexpected","2 - Yes, a bit inconvenient but manageable","0 - adventurous",12,2,"1 - High","1 - Present",4,5,2,0,1,1,1
2521,79,58,"Female",25,"5 - Very Unexpected","4 - Certainly Not","0 - adventurous",2,2,"0 - Low","1 - Present",3,5,4,0,0,1,0
2522,79,58,"Female",26,"1 - Completely Expected","4 - Certainly Not","0 - adventurous",14,2,"1 - High","0 - None",2,1,4,0,1,0,0
2523,79,58,"Female",27,"5 - Very Unexpected","1 - Absolutely Yes","0 - adventurous",10,1,"0 - Low","1 - Present",3,5,1,0,0,1,0
2524,79,58,"Female",28,"5 - Very Unexpected","1 - Absolutely Yes","0 - adventurous",6,2,"0 - Low","1 - Present",3,5,1,0,0,1,0
2525,79,58,"Female",29,"5 - Very Unexpected","4 - Certainly Not","0 - adventurous",16,2,"1 - High","1 - Present",4,5,4,0,1,1,1
2526,79,58,"Female",30,"4 - Somewhat Unexpected","4 - Certainly Not","0 - adventurous",8,2,"1 - High","1 - Present",4,4,4,0,1,1,1
2527,79,58,"Female",31,"1 - Completely Expected","1 - Absolutely Yes","0 - adventurous",10,2,"0 - Low","0 - None",1,1,1,0,0,0,0
2528,79,58,"Female",32,"1 - Completely Expected","1 - Absolutely Yes","0 - adventurous",4,2,"1 - High","0 - None",2,1,1,0,1,0,0
2529,80,45,"Female",1,"5 - Very Unexpected","4 - Certainly Not","1 - cautious",1,1,"1 - High","1 - Present",4,5,4,1,1,1,1
2530,80,45,"Female",2,"4 - Somewhat Unexpected","2 - Yes, a bit inconvenient but manageable","1 - cautious",9,1,"1 - High","1 - Present",4,4,2,1,1,1,1
2531,80,45,"Female",3,"3 - Indifferent / Can't Decide","1 - Absolutely Yes","1 - cautious",7,1,"1 - High","1 - Present",4,3,1,1,1,1,1
2532,80,45,"Female",4,"1 - Completely Expected","3 - Yes, but would not be feel nice","1 - cautious",15,1,"0 - Low","0 - None",1,1,3,1,0,0,0
2533,80,45,"Female",5,"4 - Somewhat Unexpected","4 - Certainly Not","1 - cautious",6,1,"0 - Low","1 - Present",3,4,4,1,0,1,0
2534,80,45,"Female",6,"1 - Completely Expected","1 - Absolutely Yes","1 - cautious",1,2,"0 - Low","0 - None",1,1,1,1,0,0,0
2535,80,45,"Female",7,"5 - Very Unexpected","4 - Certainly Not","1 - cautious",2,1,"1 - High","1 - Present",4,5,4,1,1,1,1
2536,80,45,"Female",8,"4 - Somewhat Unexpected","2 - Yes, a bit inconvenient but manageable","1 - cautious",4,1,"1 - High","0 - None",2,4,2,1,1,0,0
2537,80,45,"Female",9,"1 - Completely Expected","1 - Absolutely Yes","1 - cautious",13,1,"1 - High","0 - None",2,1,1,1,1,0,0
2538,80,45,"Female",10,"1 - Completely Expected","1 - Absolutely Yes","1 - cautious",8,1,"0 - Low","0 - None",1,1,1,1,0,0,0
2539,80,45,"Female",11,"4 - Somewhat Unexpected","2 - Yes, a bit inconvenient but manageable","1 - cautious",5,1,"0 - Low","1 - Present",3,4,2,1,0,1,0
2540,80,45,"Female",12,"1 - Completely Expected","1 - Absolutely Yes","1 - cautious",3,1,"0 - Low","0 - None",1,1,1,1,0,0,0
2541,80,45,"Female",13,"1 - Completely Expected","1 - Absolutely Yes","1 - cautious",10,1,"0 - Low","0 - None",1,1,1,1,0,0,0
2542,80,45,"Female",14,"1 - Completely Expected","1 - Absolutely Yes","1 - cautious",16,1,"1 - High","0 - None",2,1,1,1,1,0,0
2543,80,45,"Female",15,"1 - Completely Expected","1 - Absolutely Yes","1 - cautious",7,2,"1 - High","0 - None",2,1,1,1,1,0,0
2544,80,45,"Female",16,"4 - Somewhat Unexpected","2 - Yes, a bit inconvenient but manageable","1 - cautious",11,1,"0 - Low","1 - Present",3,4,2,1,0,1,0
2545,80,45,"Female",17,"5 - Very Unexpected","4 - Certainly Not","1 - cautious",14,1,"0 - Low","1 - Present",3,5,4,1,0,1,0
2546,80,45,"Female",18,"4 - Somewhat Unexpected","2 - Yes, a bit inconvenient but manageable","1 - cautious",4,2,"1 - High","1 - Present",4,4,2,1,1,1,1
2547,80,45,"Female",19,"1 - Completely Expected","1 - Absolutely Yes","1 - cautious",2,2,"1 - High","0 - None",2,1,1,1,1,0,0
2548,80,45,"Female",20,"1 - Completely Expected","1 - Absolutely Yes","1 - cautious",10,2,"0 - Low","0 - None",1,1,1,1,0,0,0
2549,80,45,"Female",21,"5 - Very Unexpected","3 - Yes, but would not be feel nice","1 - cautious",12,1,"1 - High","1 - Present",4,5,3,1,1,1,1
2550,80,45,"Female",22,"1 - Completely Expected","1 - Absolutely Yes","1 - cautious",16,2,"1 - High","0 - None",2,1,1,1,1,0,0
2551,80,45,"Female",23,"4 - Somewhat Unexpected","2 - Yes, a bit inconvenient but manageable","1 - cautious",11,2,"0 - Low","1 - Present",3,4,2,1,0,1,0
2552,80,45,"Female",24,"5 - Very Unexpected","3 - Yes, but would not be feel nice","1 - cautious",3,2,"1 - High","1 - Present",4,5,3,1,1,1,1
2553,80,45,"Female",25,"4 - Somewhat Unexpected","2 - Yes, a bit inconvenient but manageable","1 - cautious",5,2,"0 - Low","1 - Present",3,4,2,1,0,1,0
2554,80,45,"Female",26,"5 - Very Unexpected","4 - Certainly Not","1 - cautious",15,2,"0 - Low","1 - Present",3,5,4,1,0,1,0
2555,80,45,"Female",27,"1 - Completely Expected","1 - Absolutely Yes","1 - cautious",8,2,"0 - Low","0 - None",1,1,1,1,0,0,0
2556,80,45,"Female",28,"2 - Somewhat Expected","2 - Yes, a bit inconvenient but manageable","1 - cautious",14,2,"0 - Low","0 - None",1,2,2,1,0,0,0
2557,80,45,"Female",29,"4 - Somewhat Unexpected","2 - Yes, a bit inconvenient but manageable","1 - cautious",13,2,"1 - High","1 - Present",4,4,2,1,1,1,1
2558,80,45,"Female",30,"5 - Very Unexpected","3 - Yes, but would not be feel nice","1 - cautious",9,2,"0 - Low","1 - Present",3,5,3,1,0,1,0
2559,80,45,"Female",31,"1 - Completely Expected","1 - Absolutely Yes","1 - cautious",6,2,"1 - High","0 - None",2,1,1,1,1,0,0
2560,80,45,"Female",32,"1 - Completely Expected","1 - Absolutely Yes","1 - cautious",12,2,"1 - High","0 - None",2,1,1,1,1,0,0
2561,81,29,"Female",1,"4 - Somewhat Unexpected","3 - Yes, but would not be feel nice","0 - adventurous",1,1,"1 - High","0 - None",2,4,3,0,1,0,0
2562,81,29,"Female",2,"2 - Somewhat Expected","1 - Absolutely Yes","0 - adventurous",14,1,"0 - Low","0 - None",1,2,1,0,0,0,0
2563,81,29,"Female",3,"2 - Somewhat Expected","1 - Absolutely Yes","0 - adventurous",2,1,"0 - Low","0 - None",1,2,1,0,0,0,0
2564,81,29,"Female",4,"4 - Somewhat Unexpected","2 - Yes, a bit inconvenient but manageable","0 - adventurous",7,1,"0 - Low","1 - Present",3,4,2,0,0,1,0
2565,81,29,"Female",5,"1 - Completely Expected","1 - Absolutely Yes","0 - adventurous",5,1,"0 - Low","0 - None",1,1,1,0,0,0,0
2566,81,29,"Female",6,"5 - Very Unexpected","1 - Absolutely Yes","0 - adventurous",16,1,"1 - High","1 - Present",4,5,1,0,1,1,1
2567,81,29,"Female",7,"1 - Completely Expected","1 - Absolutely Yes","0 - adventurous",8,1,"1 - High","0 - None",2,1,1,0,1,0,0
2568,81,29,"Female",8,"4 - Somewhat Unexpected","3 - Yes, but would not be feel nice","0 - adventurous",1,2,"1 - High","0 - None",2,4,3,0,1,0,0
2569,81,29,"Female",9,"4 - Somewhat Unexpected","2 - Yes, a bit inconvenient but manageable","0 - adventurous",3,1,"0 - Low","0 - None",1,4,2,0,0,0,0
2570,81,29,"Female",10,"5 - Very Unexpected","4 - Certainly Not","0 - adventurous",4,1,"0 - Low","1 - Present",3,5,4,0,0,1,0
2571,81,29,"Female",11,"1 - Completely Expected","1 - Absolutely Yes","0 - adventurous",13,1,"0 - Low","0 - None",1,1,1,0,0,0,0
2572,81,29,"Female",12,"5 - Very Unexpected","2 - Yes, a bit inconvenient but manageable","0 - adventurous",6,1,"0 - Low","1 - Present",3,5,2,0,0,1,0
2573,81,29,"Female",13,"5 - Very Unexpected","1 - Absolutely Yes","0 - adventurous",5,2,"1 - High","1 - Present",4,5,1,0,1,1,1
2574,81,29,"Female",14,"2 - Somewhat Expected","3 - Yes, but would not be feel nice","0 - adventurous",11,1,"1 - High","0 - None",2,2,3,0,1,0,0
2575,81,29,"Female",15,"1 - Completely Expected","1 - Absolutely Yes","0 - adventurous",12,1,"0 - Low","0 - None",1,1,1,0,0,0,0
2576,81,29,"Female",16,"5 - Very Unexpected","3 - Yes, but would not be feel nice","0 - adventurous",13,2,"0 - Low","1 - Present",3,5,3,0,0,1,0
2577,81,29,"Female",17,"2 - Somewhat Expected","3 - Yes, but would not be feel nice","0 - adventurous",15,1,"1 - High","1 - Present",4,2,3,0,1,1,1
2578,81,29,"Female",18,"5 - Very Unexpected","4 - Certainly Not","0 - adventurous",10,1,"1 - High","1 - Present",4,5,4,0,1,1,1
2579,81,29,"Female",19,"5 - Very Unexpected","2 - Yes, a bit inconvenient but manageable","0 - adventurous",12,2,"1 - High","0 - None",2,5,2,0,1,0,0
2580,81,29,"Female",20,"5 - Very Unexpected","4 - Certainly Not","0 - adventurous",6,2,"1 - High","1 - Present",4,5,4,0,1,1,1
2581,81,29,"Female",21,"5 - Very Unexpected","1 - Absolutely Yes","0 - adventurous",3,2,"0 - Low","1 - Present",3,5,1,0,0,1,0
2582,81,29,"Female",22,"5 - Very Unexpected","1 - Absolutely Yes","0 - adventurous",9,1,"0 - Low","1 - Present",3,5,1,0,0,1,0
2583,81,29,"Female",23,"5 - Very Unexpected","4 - Certainly Not","0 - adventurous",10,2,"1 - High","1 - Present",4,5,4,0,1,1,1
2584,81,29,"Female",24,"1 - Completely Expected","1 - Absolutely Yes","0 - adventurous",16,2,"0 - Low","0 - None",1,1,1,0,0,0,0
2585,81,29,"Female",25,"2 - Somewhat Expected","2 - Yes, a bit inconvenient but manageable","0 - adventurous",15,2,"1 - High","1 - Present",4,2,2,0,1,1,1
2586,81,29,"Female",26,"5 - Very Unexpected","1 - Absolutely Yes","0 - adventurous",11,2,"0 - Low","1 - Present",3,5,1,0,0,1,0
2587,81,29,"Female",27,"1 - Completely Expected","3 - Yes, but would not be feel nice","0 - adventurous",7,2,"1 - High","0 - None",2,1,3,0,1,0,0
2588,81,29,"Female",28,"1 - Completely Expected","1 - Absolutely Yes","0 - adventurous",2,2,"1 - High","0 - None",2,1,1,0,1,0,0
2589,81,29,"Female",29,"2 - Somewhat Expected","1 - Absolutely Yes","0 - adventurous",14,2,"0 - Low","0 - None",1,2,1,0,0,0,0
2590,81,29,"Female",30,"5 - Very Unexpected","1 - Absolutely Yes","0 - adventurous",9,2,"0 - Low","1 - Present",3,5,1,0,0,1,0
2591,81,29,"Female",31,"1 - Completely Expected","1 - Absolutely Yes","0 - adventurous",8,2,"1 - High","0 - None",2,1,1,0,1,0,0
2592,81,29,"Female",32,"5 - Very Unexpected","4 - Certainly Not","0 - adventurous",4,2,"1 - High","1 - Present",4,5,4,0,1,1,1
2593,82,22,"Female",1,"2 - Somewhat Expected","1 - Absolutely Yes","1 - cautious",14,1,"0 - Low","0 - None",1,2,1,1,0,0,0
2594,82,22,"Female",2,"5 - Very Unexpected","4 - Certainly Not","1 - cautious",3,1,"0 - Low","1 - Present",3,5,4,1,0,1,0
2595,82,22,"Female",3,"2 - Somewhat Expected","2 - Yes, a bit inconvenient but manageable","1 - cautious",15,1,"0 - Low","0 - None",1,2,2,1,0,0,0
2596,82,22,"Female",4,"1 - Completely Expected","1 - Absolutely Yes","1 - cautious",13,1,"1 - High","0 - None",2,1,1,1,1,0,0
2597,82,22,"Female",5,"4 - Somewhat Unexpected","3 - Yes, but would not be feel nice","1 - cautious",5,1,"1 - High","0 - None",2,4,3,1,1,0,0
2598,82,22,"Female",6,"2 - Somewhat Expected","2 - Yes, a bit inconvenient but manageable","1 - cautious",6,1,"0 - Low","0 - None",1,2,2,1,0,0,0
2599,82,22,"Female",7,"5 - Very Unexpected","4 - Certainly Not","1 - cautious",12,1,"0 - Low","1 - Present",3,5,4,1,0,1,0
2600,82,22,"Female",8,"2 - Somewhat Expected","2 - Yes, a bit inconvenient but manageable","1 - cautious",16,1,"1 - High","1 - Present",4,2,2,1,1,1,1
2601,82,22,"Female",9,"1 - Completely Expected","1 - Absolutely Yes","1 - cautious",13,2,"1 - High","0 - None",2,1,1,1,1,0,0
2602,82,22,"Female",10,"4 - Somewhat Unexpected","3 - Yes, but would not be feel nice","1 - cautious",5,2,"0 - Low","1 - Present",3,4,3,1,0,1,0
2603,82,22,"Female",11,"4 - Somewhat Unexpected","3 - Yes, but would not be feel nice","1 - cautious",9,1,"1 - High","1 - Present",4,4,3,1,1,1,1
2604,82,22,"Female",12,"5 - Very Unexpected","4 - Certainly Not","1 - cautious",11,1,"0 - Low","1 - Present",3,5,4,1,0,1,0
2605,82,22,"Female",13,"2 - Somewhat Expected","2 - Yes, a bit inconvenient but manageable","1 - cautious",8,1,"0 - Low","0 - None",1,2,2,1,0,0,0
2606,82,22,"Female",14,"2 - Somewhat Expected","2 - Yes, a bit inconvenient but manageable","1 - cautious",8,2,"0 - Low","0 - None",1,2,2,1,0,0,0
2607,82,22,"Female",15,"5 - Very Unexpected","4 - Certainly Not","1 - cautious",11,2,"0 - Low","1 - Present",3,5,4,1,0,1,0
2608,82,22,"Female",16,"5 - Very Unexpected","4 - Certainly Not","1 - cautious",9,2,"0 - Low","1 - Present",3,5,4,1,0,1,0
2609,82,22,"Female",17,"4 - Somewhat Unexpected","3 - Yes, but would not be feel nice","1 - cautious",3,2,"0 - Low","1 - Present",3,4,3,1,0,1,0
2610,82,22,"Female",18,"2 - Somewhat Expected","2 - Yes, a bit inconvenient but manageable","1 - cautious",14,2,"1 - High","0 - None",2,2,2,1,1,0,0
2611,82,22,"Female",19,"5 - Very Unexpected","4 - Certainly Not","1 - cautious",4,1,"1 - High","1 - Present",4,5,4,1,1,1,1
2612,82,22,"Female",20,"2 - Somewhat Expected","1 - Absolutely Yes","1 - cautious",7,1,"0 - Low","0 - None",1,2,1,1,0,0,0
2613,82,22,"Female",21,"4 - Somewhat Unexpected","3 - Yes, but would not be feel nice","1 - cautious",2,1,"1 - High","0 - None",2,4,3,1,1,0,0
2614,82,22,"Female",22,"5 - Very Unexpected","4 - Certainly Not","1 - cautious",7,2,"1 - High","1 - Present",4,5,4,1,1,1,1
2615,82,22,"Female",23,"5 - Very Unexpected","4 - Certainly Not","1 - cautious",1,1,"1 - High","1 - Present",4,5,4,1,1,1,1
2616,82,22,"Female",24,"1 - Completely Expected","1 - Absolutely Yes","1 - cautious",12,2,"0 - Low","0 - None",1,1,1,1,0,0,0
2617,82,22,"Female",25,"5 - Very Unexpected","4 - Certainly Not","1 - cautious",6,2,"1 - High","1 - Present",4,5,4,1,1,1,1
2618,82,22,"Female",26,"5 - Very Unexpected","4 - Certainly Not","1 - cautious",2,2,"1 - High","1 - Present",4,5,4,1,1,1,1
2619,82,22,"Female",27,"2 - Somewhat Expected","2 - Yes, a bit inconvenient but manageable","1 - cautious",1,2,"1 - High","0 - None",2,2,2,1,1,0,0
2620,82,22,"Female",28,"2 - Somewhat Expected","2 - Yes, a bit inconvenient but manageable","1 - cautious",10,1,"1 - High","0 - None",2,2,2,1,1,0,0
2621,82,22,"Female",29,"4 - Somewhat Unexpected","3 - Yes, but would not be feel nice","1 - cautious",16,2,"0 - Low","0 - None",1,4,3,1,0,0,0
2622,82,22,"Female",30,"2 - Somewhat Expected","2 - Yes, a bit inconvenient but manageable","1 - cautious",10,2,"0 - Low","1 - Present",3,2,2,1,0,1,0
2623,82,22,"Female",31,"5 - Very Unexpected","4 - Certainly Not","1 - cautious",4,2,"1 - High","1 - Present",4,5,4,1,1,1,1
2624,82,22,"Female",32,"2 - Somewhat Expected","2 - Yes, a bit inconvenient but manageable","1 - cautious",15,2,"1 - High","0 - None",2,2,2,1,1,0,0
2625,83,40,"Female",1,"1 - Completely Expected","1 - Absolutely Yes","1 - cautious",6,1,"1 - High","0 - None",2,1,1,1,1,0,0
2626,83,40,"Female",2,"5 - Very Unexpected","4 - Certainly Not","1 - cautious",16,1,"1 - High","1 - Present",4,5,4,1,1,1,1
2627,83,40,"Female",3,"5 - Very Unexpected","4 - Certainly Not","1 - cautious",11,1,"1 - High","1 - Present",4,5,4,1,1,1,1
2628,83,40,"Female",4,"4 - Somewhat Unexpected","2 - Yes, a bit inconvenient but manageable","1 - cautious",6,2,"0 - Low","1 - Present",3,4,2,1,0,1,0
2629,83,40,"Female",5,"2 - Somewhat Expected","1 - Absolutely Yes","1 - cautious",8,1,"0 - Low","0 - None",1,2,1,1,0,0,0
2630,83,40,"Female",6,"4 - Somewhat Unexpected","2 - Yes, a bit inconvenient but manageable","1 - cautious",8,2,"0 - Low","1 - Present",3,4,2,1,0,1,0
2631,83,40,"Female",7,"5 - Very Unexpected","3 - Yes, but would not be feel nice","1 - cautious",4,1,"1 - High","1 - Present",4,5,3,1,1,1,1
2632,83,40,"Female",8,"4 - Somewhat Unexpected","3 - Yes, but would not be feel nice","1 - cautious",9,1,"0 - Low","0 - None",1,4,3,1,0,0,0
2633,83,40,"Female",9,"2 - Somewhat Expected","4 - Certainly Not","1 - cautious",15,1,"1 - High","0 - None",2,2,4,1,1,0,0
2634,83,40,"Female",10,"4 - Somewhat Unexpected","3 - Yes, but would not be feel nice","1 - cautious",9,2,"0 - Low","0 - None",1,4,3,1,0,0,0
2635,83,40,"Female",11,"4 - Somewhat Unexpected","2 - Yes, a bit inconvenient but manageable","1 - cautious",7,1,"0 - Low","1 - Present",3,4,2,1,0,1,0
2636,83,40,"Female",12,"4 - Somewhat Unexpected","3 - Yes, but would not be feel nice","1 - cautious",15,2,"0 - Low","1 - Present",3,4,3,1,0,1,0
2637,83,40,"Female",13,"1 - Completely Expected","2 - Yes, a bit inconvenient but manageable","1 - cautious",7,2,"1 - High","0 - None",2,1,2,1,1,0,0
2638,83,40,"Female",14,"5 - Very Unexpected","3 - Yes, but would not be feel nice","1 - cautious",14,1,"0 - Low","1 - Present",3,5,3,1,0,1,0
2639,83,40,"Female",15,"5 - Very Unexpected","4 - Certainly Not","1 - cautious",1,1,"1 - High","1 - Present",4,5,4,1,1,1,1
2640,83,40,"Female",16,"1 - Completely Expected","1 - Absolutely Yes","1 - cautious",3,1,"1 - High","0 - None",2,1,1,1,1,0,0
2641,83,40,"Female",17,"5 - Very Unexpected","4 - Certainly Not","1 - cautious",2,1,"1 - High","1 - Present",4,5,4,1,1,1,1
2642,83,40,"Female",18,"2 - Somewhat Expected","2 - Yes, a bit inconvenient but manageable","1 - cautious",12,1,"1 - High","0 - None",2,2,2,1,1,0,0
2643,83,40,"Female",19,"4 - Somewhat Unexpected","3 - Yes, but would not be feel nice","1 - cautious",4,2,"0 - Low","1 - Present",3,4,3,1,0,1,0
2644,83,40,"Female",20,"1 - Completely Expected","3 - Yes, but would not be feel nice","1 - cautious",16,2,"0 - Low","0 - None",1,1,3,1,0,0,0
2645,83,40,"Female",21,"1 - Completely Expected","2 - Yes, a bit inconvenient but manageable","1 - cautious",13,1,"0 - Low","0 - None",1,1,2,1,0,0,0
2646,83,40,"Female",22,"2 - Somewhat Expected","2 - Yes, a bit inconvenient but manageable","1 - cautious",12,2,"1 - High","0 - None",2,2,2,1,1,0,0
2647,83,40,"Female",23,"1 - Completely Expected","1 - Absolutely Yes","1 - cautious",1,2,"0 - Low","0 - None",1,1,1,1,0,0,0
2648,83,40,"Female",24,"1 - Completely Expected","1 - Absolutely Yes","1 - cautious",14,2,"1 - High","0 - None",2,1,1,1,1,0,0
2649,83,40,"Female",25,"4 - Somewhat Unexpected","3 - Yes, but would not be feel nice","1 - cautious",13,2,"0 - Low","1 - Present",3,4,3,1,0,1,0
2650,83,40,"Female",26,"5 - Very Unexpected","4 - Certainly Not","1 - cautious",11,2,"0 - Low","1 - Present",3,5,4,1,0,1,0
2651,83,40,"Female",27,"5 - Very Unexpected","4 - Certainly Not","1 - cautious",3,2,"1 - High","1 - Present",4,5,4,1,1,1,1
2652,83,40,"Female",28,"1 - Completely Expected","2 - Yes, a bit inconvenient but manageable","1 - cautious",5,1,"0 - Low","0 - None",1,1,2,1,0,0,0
2653,83,40,"Female",29,"5 - Very Unexpected","4 - Certainly Not","1 - cautious",2,2,"1 - High","1 - Present",4,5,4,1,1,1,1
2654,83,40,"Female",30,"5 - Very Unexpected","3 - Yes, but would not be feel nice","1 - cautious",10,1,"1 - High","1 - Present",4,5,3,1,1,1,1
2655,83,40,"Female",31,"1 - Completely Expected","2 - Yes, a bit inconvenient but manageable","1 - cautious",5,2,"0 - Low","0 - None",1,1,2,1,0,0,0
2656,83,40,"Female",32,"1 - Completely Expected","1 - Absolutely Yes","1 - cautious",10,2,"1 - High","0 - None",2,1,1,1,1,0,0
2657,84,30,"Male",1,"1 - Completely Expected","1 - Absolutely Yes","0 - adventurous",12,1,"0 - Low","0 - None",1,1,1,0,0,0,0
2658,84,30,"Male",2,"5 - Very Unexpected","4 - Certainly Not","0 - adventurous",16,1,"1 - High","1 - Present",4,5,4,0,1,1,1
2659,84,30,"Male",3,"5 - Very Unexpected","1 - Absolutely Yes","0 - adventurous",3,1,"1 - High","1 - Present",4,5,1,0,1,1,1
2660,84,30,"Male",4,"1 - Completely Expected","1 - Absolutely Yes","0 - adventurous",14,1,"0 - Low","0 - None",1,1,1,0,0,0,0
2661,84,30,"Male",5,"1 - Completely Expected","1 - Absolutely Yes","0 - adventurous",7,1,"0 - Low","0 - None",1,1,1,0,0,0,0
2662,84,30,"Male",6,"1 - Completely Expected","1 - Absolutely Yes","0 - adventurous",8,1,"1 - High","0 - None",2,1,1,0,1,0,0
2663,84,30,"Male",7,"5 - Very Unexpected","1 - Absolutely Yes","0 - adventurous",4,1,"0 - Low","1 - Present",3,5,1,0,0,1,0
2664,84,30,"Male",8,"1 - Completely Expected","1 - Absolutely Yes","0 - adventurous",6,1,"0 - Low","0 - None",1,1,1,0,0,0,0
2665,84,30,"Male",9,"1 - Completely Expected","1 - Absolutely Yes","0 - adventurous",2,1,"0 - Low","0 - None",1,1,1,0,0,0,0
2666,84,30,"Male",10,"4 - Somewhat Unexpected","1 - Absolutely Yes","0 - adventurous",1,1,"0 - Low","1 - Present",3,4,1,0,0,1,0
2667,84,30,"Male",11,"1 - Completely Expected","1 - Absolutely Yes","0 - adventurous",14,2,"0 - Low","0 - None",1,1,1,0,0,0,0
2668,84,30,"Male",12,"4 - Somewhat Unexpected","1 - Absolutely Yes","0 - adventurous",11,1,"1 - High","0 - None",2,4,1,0,1,0,0
2669,84,30,"Male",13,"1 - Completely Expected","1 - Absolutely Yes","0 - adventurous",9,1,"1 - High","0 - None",2,1,1,0,1,0,0
2670,84,30,"Male",14,"1 - Completely Expected","3 - Yes, but would not be feel nice","0 - adventurous",15,1,"1 - High","0 - None",2,1,3,0,1,0,0
2671,84,30,"Male",15,"5 - Very Unexpected","1 - Absolutely Yes","0 - adventurous",9,2,"1 - High","1 - Present",4,5,1,0,1,1,1
2672,84,30,"Male",16,"1 - Completely Expected","1 - Absolutely Yes","0 - adventurous",13,1,"0 - Low","0 - None",1,1,1,0,0,0,0
2673,84,30,"Male",17,"1 - Completely Expected","1 - Absolutely Yes","0 - adventurous",10,1,"1 - High","0 - None",2,1,1,0,1,0,0
2674,84,30,"Male",18,"5 - Very Unexpected","2 - Yes, a bit inconvenient but manageable","0 - adventurous",5,1,"1 - High","1 - Present",4,5,2,0,1,1,1
2675,84,30,"Male",19,"4 - Somewhat Unexpected","1 - Absolutely Yes","0 - adventurous",1,2,"0 - Low","1 - Present",3,4,1,0,0,1,0
2676,84,30,"Male",20,"5 - Very Unexpected","4 - Certainly Not","0 - adventurous",11,2,"0 - Low","1 - Present",3,5,4,0,0,1,0
2677,84,30,"Male",21,"5 - Very Unexpected","4 - Certainly Not","0 - adventurous",16,2,"1 - High","1 - Present",4,5,4,0,1,1,1
2678,84,30,"Male",22,"1 - Completely Expected","1 - Absolutely Yes","0 - adventurous",4,2,"0 - Low","0 - None",1,1,1,0,0,0,0
2679,84,30,"Male",23,"5 - Very Unexpected","4 - Certainly Not","0 - adventurous",10,2,"0 - Low","1 - Present",3,5,4,0,0,1,0
2680,84,30,"Male",24,"5 - Very Unexpected","1 - Absolutely Yes","0 - adventurous",3,2,"1 - High","1 - Present",4,5,1,0,1,1,1
2681,84,30,"Male",25,"1 - Completely Expected","1 - Absolutely Yes","0 - adventurous",8,2,"1 - High","1 - Present",4,1,1,0,1,1,1
2682,84,30,"Male",26,"5 - Very Unexpected","4 - Certainly Not","0 - adventurous",12,2,"0 - Low","1 - Present",3,5,4,0,0,1,0
2683,84,30,"Male",27,"4 - Somewhat Unexpected","1 - Absolutely Yes","0 - adventurous",6,2,"0 - Low","1 - Present",3,4,1,0,0,1,0
2684,84,30,"Male",28,"1 - Completely Expected","3 - Yes, but would not be feel nice","0 - adventurous",15,2,"1 - High","0 - None",2,1,3,0,1,0,0
2685,84,30,"Male",29,"5 - Very Unexpected","4 - Certainly Not","0 - adventurous",2,2,"0 - Low","1 - Present",3,5,4,0,0,1,0
2686,84,30,"Male",30,"5 - Very Unexpected","1 - Absolutely Yes","0 - adventurous",5,2,"1 - High","1 - Present",4,5,1,0,1,1,1
2687,84,30,"Male",31,"1 - Completely Expected","1 - Absolutely Yes","0 - adventurous",7,2,"1 - High","0 - None",2,1,1,0,1,0,0
2688,84,30,"Male",32,"1 - Completely Expected","1 - Absolutely Yes","0 - adventurous",13,2,"1 - High","0 - None",2,1,1,0,1,0,0
2689,85,35,"Female",1,"4 - Somewhat Unexpected","2 - Yes, a bit inconvenient but manageable","0 - adventurous",7,1,"1 - High","1 - Present",4,4,2,0,1,1,1
2690,85,35,"Female",2,"1 - Completely Expected","1 - Absolutely Yes","0 - adventurous",14,1,"1 - High","0 - None",2,1,1,0,1,0,0
2691,85,35,"Female",3,"1 - Completely Expected","1 - Absolutely Yes","0 - adventurous",10,1,"1 - High","0 - None",2,1,1,0,1,0,0
2692,85,35,"Female",4,"5 - Very Unexpected","2 - Yes, a bit inconvenient but manageable","0 - adventurous",11,1,"0 - Low","1 - Present",3,5,2,0,0,1,0
2693,85,35,"Female",5,"4 - Somewhat Unexpected","1 - Absolutely Yes","0 - adventurous",1,1,"0 - Low","0 - None",1,4,1,0,0,0,0
2694,85,35,"Female",6,"5 - Very Unexpected","4 - Certainly Not","0 - adventurous",15,1,"0 - Low","1 - Present",3,5,4,0,0,1,0
2695,85,35,"Female",7,"5 - Very Unexpected","4 - Certainly Not","0 - adventurous",14,2,"0 - Low","1 - Present",3,5,4,0,0,1,0
2696,85,35,"Female",8,"4 - Somewhat Unexpected","1 - Absolutely Yes","0 - adventurous",9,1,"1 - High","1 - Present",4,4,1,0,1,1,1
2697,85,35,"Female",9,"5 - Very Unexpected","1 - Absolutely Yes","0 - adventurous",1,2,"1 - High","1 - Present",4,5,1,0,1,1,1
2698,85,35,"Female",10,"5 - Very Unexpected","2 - Yes, a bit inconvenient but manageable","0 - adventurous",11,2,"0 - Low","1 - Present",3,5,2,0,0,1,0
2699,85,35,"Female",11,"4 - Somewhat Unexpected","1 - Absolutely Yes","0 - adventurous",13,1,"0 - Low","1 - Present",3,4,1,0,0,1,0
2700,85,35,"Female",12,"2 - Somewhat Expected","1 - Absolutely Yes","0 - adventurous",5,1,"1 - High","0 - None",2,2,1,0,1,0,0
2701,85,35,"Female",13,"1 - Completely Expected","1 - Absolutely Yes","0 - adventurous",6,1,"1 - High","0 - None",2,1,1,0,1,0,0
2702,85,35,"Female",14,"5 - Very Unexpected","1 - Absolutely Yes","0 - adventurous",5,2,"1 - High","1 - Present",4,5,1,0,1,1,1
2703,85,35,"Female",15,"2 - Somewhat Expected","1 - Absolutely Yes","0 - adventurous",3,1,"0 - Low","0 - None",1,2,1,0,0,0,0
2704,85,35,"Female",16,"2 - Somewhat Expected","2 - Yes, a bit inconvenient but manageable","0 - adventurous",16,1,"0 - Low","0 - None",1,2,2,0,0,0,0
2705,85,35,"Female",17,"5 - Very Unexpected","4 - Certainly Not","0 - adventurous",15,2,"1 - High","1 - Present",4,5,4,0,1,1,1
2706,85,35,"Female",18,"5 - Very Unexpected","3 - Yes, but would not be feel nice","0 - adventurous",6,2,"1 - High","1 - Present",4,5,3,0,1,1,1
2707,85,35,"Female",19,"2 - Somewhat Expected","1 - Absolutely Yes","0 - adventurous",2,1,"0 - Low","0 - None",1,2,1,0,0,0,0
2708,85,35,"Female",20,"1 - Completely Expected","1 - Absolutely Yes","0 - adventurous",2,2,"1 - High","0 - None",2,1,1,0,1,0,0
2709,85,35,"Female",21,"4 - Somewhat Unexpected","1 - Absolutely Yes","0 - adventurous",8,1,"0 - Low","1 - Present",3,4,1,0,0,1,0
2710,85,35,"Female",22,"1 - Completely Expected","1 - Absolutely Yes","0 - adventurous",12,1,"0 - Low","0 - None",1,1,1,0,0,0,0
2711,85,35,"Female",23,"1 - Completely Expected","1 - Absolutely Yes","0 - adventurous",13,2,"0 - Low","0 - None",1,1,1,0,0,0,0
2712,85,35,"Female",24,"5 - Very Unexpected","1 - Absolutely Yes","0 - adventurous",16,2,"1 - High","1 - Present",4,5,1,0,1,1,1
2713,85,35,"Female",25,"5 - Very Unexpected","2 - Yes, a bit inconvenient but manageable","0 - adventurous",12,2,"1 - High","1 - Present",4,5,2,0,1,1,1
2714,85,35,"Female",26,"4 - Somewhat Unexpected","1 - Absolutely Yes","0 - adventurous",4,1,"1 - High","0 - None",2,4,1,0,1,0,0
2715,85,35,"Female",27,"2 - Somewhat Expected","1 - Absolutely Yes","0 - adventurous",9,2,"1 - High","0 - None",2,2,1,0,1,0,0
2716,85,35,"Female",28,"2 - Somewhat Expected","1 - Absolutely Yes","0 - adventurous",8,2,"0 - Low","0 - None",1,2,1,0,0,0,0
2717,85,35,"Female",29,"5 - Very Unexpected","1 - Absolutely Yes","0 - adventurous",4,2,"0 - Low","1 - Present",3,5,1,0,0,1,0
2718,85,35,"Female",30,"4 - Somewhat Unexpected","1 - Absolutely Yes","0 - adventurous",10,2,"0 - Low","1 - Present",3,4,1,0,0,1,0
2719,85,35,"Female",31,"4 - Somewhat Unexpected","1 - Absolutely Yes","0 - adventurous",3,2,"0 - Low","0 - None",1,4,1,0,0,0,0
2720,85,35,"Female",32,"1 - Completely Expected","1 - Absolutely Yes","0 - adventurous",7,2,"1 - High","0 - None",2,1,1,0,1,0,0
